Judge_Point_ID,Common_Point_ID,OHRC_tile_id,TMC2_patch_id,IIRS_row,IIRS_col,Latitude,Longitude_360,Consistency_Score,Max_Sensor_Separation_deg,Three_Sensor_Status,Visualization
JUDGE_0001,CP_000001,3586,8211,201,244,60.792809607098455,355.4449138701305,0.9806192001011448,0.0005126048693804,SAME,/kaggle/working/TMC2_OHRC_FINAL/images/judge_library/JUDGE_0001_three_sensor.png
JUDGE_0002,CP_000002,3451,8128,198,244,60.80076887672481,355.4451835874318,0.9781588957651632,0.0005823842797829,SAME,/kaggle/working/TMC2_OHRC_FINAL/images/judge_library/JUDGE_0002_three_sensor.png
JUDGE_0003,CP_000003,3184,7963,192,247,60.81670450497585,355.46255709896144,0.9776015984002816,0.0005780580856464,SAME,/kaggle/working/TMC2_OHRC_FINAL/images/judge_library/JUDGE_0003_three_sensor.png
JUDGE_0004,CP_000004,3853,8376,207,241,60.776873630726165,355.4275648898847,0.9696109742434152,0.0007339511614412,SAME,/kaggle/working/TMC2_OHRC_FINAL/images/judge_library/JUDGE_0004_three_sensor.png
JUDGE_0005,CP_000005,3174,7960,192,238,60.81665409715077,355.41029221107675,0.9690122445895564,0.0006997166408344,SAME,/kaggle/working/TMC2_OHRC_FINAL/images/judge_library/JUDGE_0005_three_sensor.png
JUDGE_0006,CP_000007,111,6051,125,238,60.99705309761723,355.4109381245991,0.96844735710581,0.0008024518098925,SAME,/kaggle/working/TMC2_OHRC_FINAL/images/judge_library/JUDGE_0006_three_sensor.png
JUDGE_0007,CP_000008,4130,8544,213,247,60.76098946074327,355.4624134331369,0.9677267552126904,0.0007445482541962,SAME,/kaggle/working/TMC2_OHRC_FINAL/images/judge_library/JUDGE_0007_three_sensor.png
JUDGE_0008,CP_000009,121,6054,125,247,60.997100344991175,355.4634344924689,0.9670692397805092,0.0007405847086054,SAME,/kaggle/working/TMC2_OHRC_FINAL/images/judge_library/JUDGE_0008_three_sensor.png
JUDGE_0009,CP_000011,9085,11615,321,247,60.47004975410818,355.4611159116552,0.9647894457041668,0.0008046667731193,SAME,/kaggle/working/TMC2_OHRC_FINAL/images/judge_library/JUDGE_0009_three_sensor.png
JUDGE_0010,CP_000012,7193,10453,280,247,60.58059058615896,355.4614702663269,0.9645215714960388,0.000841255187038,SAME,/kaggle/working/TMC2_OHRC_FINAL/images/judge_library/JUDGE_0010_three_sensor.png
JUDGE_0011,CP_000013,2907,7795,186,241,60.83259276001502,355.4276569347533,0.9637978559879862,0.0008635917016911,SAME,/kaggle/working/TMC2_OHRC_FINAL/images/judge_library/JUDGE_0011_three_sensor.png
JUDGE_0012,CP_000014,9487,11863,330,244,60.44615578857284,355.44361420184333,0.9637827800185708,0.0009026238906509,SAME,/kaggle/working/TMC2_OHRC_FINAL/images/judge_library/JUDGE_0012_three_sensor.png
JUDGE_0013,CP_000015,5478,9373,242,244,60.68226996072579,355.4446566594356,0.9633350730780752,0.000873592469475,SAME,/kaggle/working/TMC2_OHRC_FINAL/images/judge_library/JUDGE_0013_three_sensor.png
JUDGE_0014,CP_000018,4265,8627,216,247,60.75302924983813,355.46214133845075,0.9613504933238828,0.0009301176196943,SAME,/kaggle/working/TMC2_OHRC_FINAL/images/judge_library/JUDGE_0014_three_sensor.png
JUDGE_0015,CP_000019,3718,8293,204,241,60.78483254147678,355.42782141674843,0.9601486128351344,0.0009477047809412,SAME,/kaggle/working/TMC2_OHRC_FINAL/images/judge_library/JUDGE_0015_three_sensor.png
JUDGE_0016,CP_000020,5201,9205,236,238,60.698155914547534,355.4098697008971,0.9599354011624192,0.0009115826204661,SAME,/kaggle/working/TMC2_OHRC_FINAL/images/judge_library/JUDGE_0016_three_sensor.png
JUDGE_0017,CP_000021,7460,10618,286,244,60.564654450265664,355.4441923652615,0.9591142011331938,0.000881198897333,SAME,/kaggle/working/TMC2_OHRC_FINAL/images/judge_library/JUDGE_0017_three_sensor.png
JUDGE_0018,CP_000023,5613,9456,245,244,60.67430901131512,355.4443870784544,0.9584423956161416,0.0009833916775382,SAME,/kaggle/working/TMC2_OHRC_FINAL/images/judge_library/JUDGE_0018_three_sensor.png
JUDGE_0019,CP_000024,9210,11695,324,238,60.4620377523143,355.4090299884577,0.958157106641142,0.0011054265691803,SAME,/kaggle/working/TMC2_OHRC_FINAL/images/judge_library/JUDGE_0019_three_sensor.png
JUDGE_0020,CP_000025,2772,7712,183,241,60.84055002757018,355.4279246002531,0.9578613045993244,0.0010357623782105,SAME,/kaggle/working/TMC2_OHRC_FINAL/images/judge_library/JUDGE_0020_three_sensor.png
JUDGE_0021,CP_000026,5880,9621,251,241,60.6583757132434,355.42707533995537,0.957681543288902,0.0009447536575637,SAME,/kaggle/working/TMC2_OHRC_FINAL/images/judge_library/JUDGE_0021_three_sensor.png
JUDGE_0022,CP_000027,3441,8125,198,235,60.80071462218704,355.39294640736404,0.957492981645946,0.0009344606508801,SAME,/kaggle/working/TMC2_OHRC_FINAL/images/judge_library/JUDGE_0022_three_sensor.png
JUDGE_0023,CP_000028,5468,9370,242,235,60.68221572904127,355.3925642964064,0.9572089759659296,0.0010185961494777,SAME,/kaggle/working/TMC2_OHRC_FINAL/images/judge_library/JUDGE_0023_three_sensor.png
JUDGE_0024,CP_000030,8808,11447,315,241,60.48593466651173,355.42652278612,0.9570003291212822,0.0011270773327536,SAME,/kaggle/working/TMC2_OHRC_FINAL/images/judge_library/JUDGE_0024_three_sensor.png
JUDGE_0025,CP_000031,3049,7880,189,247,60.8246628119122,355.4628281910993,0.9567635213634264,0.0009061790412261,SAME,/kaggle/working/TMC2_OHRC_FINAL/images/judge_library/JUDGE_0025_three_sensor.png
JUDGE_0026,CP_000033,523,6302,134,244,60.97320615084673,355.44571730791125,0.9565121176523268,0.0011595495603168,SAME,/kaggle/working/TMC2_OHRC_FINAL/images/judge_library/JUDGE_0026_three_sensor.png
JUDGE_0027,CP_000034,5211,9208,236,247,60.69820631395269,355.4619794559589,0.9562616011509898,0.0011623482205218,SAME,/kaggle/working/TMC2_OHRC_FINAL/images/judge_library/JUDGE_0027_three_sensor.png
JUDGE_0028,CP_000036,5745,9538,248,241,60.66633362456765,355.4273441061501,0.9550067437877214,0.0011850299170648,SAME,/kaggle/working/TMC2_OHRC_FINAL/images/judge_library/JUDGE_0028_three_sensor.png
JUDGE_0029,CP_000037,3576,8208,201,235,60.79275653907754,355.39268499490413,0.9549484924560588,0.0011054736336428,SAME,/kaggle/working/TMC2_OHRC_FINAL/images/judge_library/JUDGE_0029_three_sensor.png
JUDGE_0030,CP_000038,10031,12196,342,247,60.41433560242873,355.460926723417,0.9546784442869988,0.0012021413937409,SAME,/kaggle/working/TMC2_OHRC_FINAL/images/judge_library/JUDGE_0030_three_sensor.png
JUDGE_0031,CP_000039,9754,12028,336,241,60.43022013495327,355.42638379009605,0.9545794288457744,0.001210587347061,SAME,/kaggle/working/TMC2_OHRC_FINAL/images/judge_library/JUDGE_0031_three_sensor.png
JUDGE_0032,CP_000040,388,6219,131,244,60.98116346296583,355.44598516961764,0.9544091248379728,0.0009861740795771,SAME,/kaggle/working/TMC2_OHRC_FINAL/images/judge_library/JUDGE_0032_three_sensor.png
JUDGE_0033,CP_000042,3039,7877,189,238,60.82461249229686,355.41055501053165,0.9533560221279944,0.001237331478585,SAME,/kaggle/working/TMC2_OHRC_FINAL/images/judge_library/JUDGE_0033_three_sensor.png
JUDGE_0034,CP_000043,6157,9789,257,247,60.64248813979989,355.4618260259837,0.9530351387721656,0.0012421509599905,SAME,/kaggle/working/TMC2_OHRC_FINAL/images/judge_library/JUDGE_0034_three_sensor.png
JUDGE_0035,CP_000045,12959,14022,406,247,60.24189790162439,355.4601544928167,0.9519878459626896,0.0012793844635369,SAME,/kaggle/working/TMC2_OHRC_FINAL/images/judge_library/JUDGE_0035_three_sensor.png
JUDGE_0036,CP_000046,5066,9122,233,238,60.706112535753086,355.4101337744485,0.9518294085332782,0.0010482791327856,SAME,/kaggle/working/TMC2_OHRC_FINAL/images/judge_library/JUDGE_0036_three_sensor.png
JUDGE_0037,CP_000048,13094,14105,409,247,60.2339402347911,355.4598790399875,0.9517104977865576,0.0012487289823768,SAME,/kaggle/working/TMC2_OHRC_FINAL/images/judge_library/JUDGE_0037_three_sensor.png
JUDGE_0038,CP_000049,5603,9453,245,235,60.6742585112248,355.3923132693008,0.9509693951186804,0.0010911621614162,SAME,/kaggle/working/TMC2_OHRC_FINAL/images/judge_library/JUDGE_0038_three_sensor.png
JUDGE_0039,CP_000050,9342,11777,327,235,60.45405698816753,355.3920825584642,0.9507081039355504,0.0012841908331394,SAME,/kaggle/working/TMC2_OHRC_FINAL/images/judge_library/JUDGE_0039_three_sensor.png
JUDGE_0040,CP_000051,7328,10536,283,247,60.57263128884474,355.46119639599584,0.9504695211452204,0.0012478836983418,SAME,/kaggle/working/TMC2_OHRC_FINAL/images/judge_library/JUDGE_0040_three_sensor.png
JUDGE_0041,CP_000052,4934,9040,230,241,60.71409294160939,355.4271868612341,0.9504634402889798,0.0013168897557164,SAME,/kaggle/working/TMC2_OHRC_FINAL/images/judge_library/JUDGE_0041_three_sensor.png
JUDGE_0042,CP_000053,1459,6880,154,235,60.91833147391818,355.3932167089188,0.9504158595273812,0.001107716764961,SAME,/kaggle/working/TMC2_OHRC_FINAL/images/judge_library/JUDGE_0042_three_sensor.png
JUDGE_0043,CP_000055,8541,11282,309,244,60.50187045730132,355.4437702610183,0.9499656768825022,0.0013236845058876,SAME,/kaggle/working/TMC2_OHRC_FINAL/images/judge_library/JUDGE_0043_three_sensor.png
JUDGE_0044,CP_000057,4924,9037,230,232,60.71403682597042,355.37505198994694,0.9497130182213692,0.0012636373449565,SAME,/kaggle/working/TMC2_OHRC_FINAL/images/judge_library/JUDGE_0044_three_sensor.png
JUDGE_0045,CP_000058,8943,11530,318,241,60.47797492669847,355.4262631308565,0.949676069063466,0.0013342625329973,SAME,/kaggle/working/TMC2_OHRC_FINAL/images/judge_library/JUDGE_0045_three_sensor.png
JUDGE_0046,CP_000059,7595,10701,289,244,60.55669410379477,355.44392064097536,0.9493238355603386,0.0013146708123117,SAME,/kaggle/working/TMC2_OHRC_FINAL/images/judge_library/JUDGE_0046_three_sensor.png
JUDGE_0047,CP_000060,4120,8541,213,238,60.760937192384375,355.4102170157091,0.9490944115225296,0.0011830229675116,SAME,/kaggle/working/TMC2_OHRC_FINAL/images/judge_library/JUDGE_0047_three_sensor.png
JUDGE_0048,CP_000061,4799,8957,227,241,60.722051125530605,355.4274548108305,0.9490307222691348,0.0012114435436872,SAME,/kaggle/working/TMC2_OHRC_FINAL/images/judge_library/JUDGE_0048_three_sensor.png
JUDGE_0049,CP_000062,5735,9535,248,232,60.6662782777636,355.3752691603035,0.9489638950944026,0.0013513414112709,SAME,/kaggle/working/TMC2_OHRC_FINAL/images/judge_library/JUDGE_0049_three_sensor.png
JUDGE_0050,CP_000064,13361,14270,415,244,60.218004199223856,355.4427327908216,0.9483448786072884,0.0013516573711322,SAME,/kaggle/working/TMC2_OHRC_FINAL/images/judge_library/JUDGE_0050_three_sensor.png
JUDGE_0051,CP_000066,8139,11034,301,247,60.524873135886,355.4612914434411,0.9481732545678164,0.0013044221555189,SAME,/kaggle/working/TMC2_OHRC_FINAL/images/judge_library/JUDGE_0051_three_sensor.png
JUDGE_0052,CP_000067,6916,10285,274,241,60.5964773227386,355.426783588806,0.9479268821007694,0.0011189002084861,SAME,/kaggle/working/TMC2_OHRC_FINAL/images/judge_library/JUDGE_0052_three_sensor.png
JUDGE_0053,CP_000068,4255,8624,216,238,60.75297689326951,355.4099531993059,0.9478519761676608,0.0013864736611373,SAME,/kaggle/working/TMC2_OHRC_FINAL/images/judge_library/JUDGE_0053_three_sensor.png
JUDGE_0054,CP_000070,1604,6966,157,244,60.91042546760554,355.4453503255613,0.9477946248210928,0.0013748330492971,SAME,/kaggle/working/TMC2_OHRC_FINAL/images/judge_library/JUDGE_0054_three_sensor.png
JUDGE_0055,CP_000071,6781,10202,271,241,60.60443277706103,355.4270511291656,0.9476730264993588,0.0013395818083979,SAME,/kaggle/working/TMC2_OHRC_FINAL/images/judge_library/JUDGE_0055_three_sensor.png
JUDGE_0056,CP_000073,7183,10450,280,238,60.5805389466362,355.40951381226023,0.9472736274974284,0.0010907968760664,SAME,/kaggle/working/TMC2_OHRC_FINAL/images/judge_library/JUDGE_0056_three_sensor.png
JUDGE_0057,CP_000074,6514,10037,265,244,60.62037042453377,355.44433426926906,0.9471340868068692,0.0013079729282213,SAME,/kaggle/working/TMC2_OHRC_FINAL/images/judge_library/JUDGE_0057_three_sensor.png
JUDGE_0058,CP_000075,2640,7630,180,244,60.84852633549991,355.44504626513555,0.9470375307744724,0.0012437936016106,SAME,/kaggle/working/TMC2_OHRC_FINAL/images/judge_library/JUDGE_0058_three_sensor.png
JUDGE_0059,CP_000077,6147,9786,257,238,60.64243715142666,355.4097844033538,0.946915700045792,0.0013768724980306,SAME,/kaggle/working/TMC2_OHRC_FINAL/images/judge_library/JUDGE_0059_three_sensor.png
JUDGE_0060,CP_000079,2762,7709,183,232,60.840495247481776,355.3756364593194,0.9464532883429893,0.0013342074650525,SAME,/kaggle/working/TMC2_OHRC_FINAL/images/judge_library/JUDGE_0060_three_sensor.png
JUDGE_0061,CP_000081,5076,9125,233,247,60.70616540142752,355.4622518221934,0.9462495420478708,0.0013649385439729,SAME,/kaggle/working/TMC2_OHRC_FINAL/images/judge_library/JUDGE_0061_three_sensor.png
JUDGE_0062,CP_000083,8798,11444,315,232,60.48587872465805,355.3746870959679,0.9460201688569772,0.0014384921932632,SAME,/kaggle/working/TMC2_OHRC_FINAL/images/judge_library/JUDGE_0062_three_sensor.png
JUDGE_0063,CP_000086,1736,7048,160,241,60.902446957718446,355.42819824709863,0.9458346760134316,0.0014403650495228,SAME,/kaggle/working/TMC2_OHRC_FINAL/images/judge_library/JUDGE_0063_three_sensor.png
JUDGE_0064,CP_000088,5191,9202,236,229,60.6980961146292,355.3577624325019,0.9457173547225282,0.0014044150110912,SAME,/kaggle/working/TMC2_OHRC_FINAL/images/judge_library/JUDGE_0064_three_sensor.png
JUDGE_0065,CP_000089,9622,11946,333,244,60.4381979395474,355.44334215966063,0.9456645228289215,0.0013643361351227,SAME,/kaggle/working/TMC2_OHRC_FINAL/images/judge_library/JUDGE_0065_three_sensor.png
JUDGE_0066,CP_000090,8933,11527,318,232,60.47791635414524,355.3744254460696,0.9456584866598844,0.0013844758472429,SAME,/kaggle/working/TMC2_OHRC_FINAL/images/judge_library/JUDGE_0066_three_sensor.png
JUDGE_0067,CP_000091,2897,7792,186,232,60.83253790379689,355.3753770865026,0.945599723102046,0.001229897447633,SAME,/kaggle/working/TMC2_OHRC_FINAL/images/judge_library/JUDGE_0067_three_sensor.png
JUDGE_0068,CP_000092,1192,6715,148,238,60.93426762202319,355.4106184822072,0.9453153580923044,0.0014146755194937,SAME,/kaggle/working/TMC2_OHRC_FINAL/images/judge_library/JUDGE_0068_three_sensor.png
JUDGE_0069,CP_000093,4397,8709,219,244,60.745051004099,355.4450587303665,0.9452031442545868,0.0012213221836494,SAME,/kaggle/working/TMC2_OHRC_FINAL/images/judge_library/JUDGE_0069_three_sensor.png
JUDGE_0070,CP_000094,378,6216,131,235,60.98111364237328,355.39350638284714,0.9451284223326976,0.0013241967100321,SAME,/kaggle/working/TMC2_OHRC_FINAL/images/judge_library/JUDGE_0070_three_sensor.png
JUDGE_0071,CP_000098,4789,8954,227,232,60.721996367214615,355.3753116468603,0.9448958546457956,0.0013521102239307,SAME,/kaggle/working/TMC2_OHRC_FINAL/images/judge_library/JUDGE_0071_three_sensor.png
JUDGE_0072,CP_000099,1861,7128,163,232,60.89443172448872,355.3755758907343,0.944774097789354,0.0011756760535276,SAME,/kaggle/working/TMC2_OHRC_FINAL/images/judge_library/JUDGE_0072_three_sensor.png
JUDGE_0073,CP_000100,12682,13854,400,241,60.25778424092199,355.4257541512628,0.9445465719333594,0.0014595242338781,SAME,/kaggle/working/TMC2_OHRC_FINAL/images/judge_library/JUDGE_0073_three_sensor.png
JUDGE_0074,CP_000102,8531,11279,309,235,60.5018168884346,355.39190704069915,0.9439131167827592,0.0014882367191291,SAME,/kaggle/working/TMC2_OHRC_FINAL/images/judge_library/JUDGE_0074_three_sensor.png
JUDGE_0075,CP_000103,2495,7544,177,235,60.856433041205946,355.39299944952126,0.9435762063209242,0.0014704270119175,SAME,/kaggle/working/TMC2_OHRC_FINAL/images/judge_library/JUDGE_0075_three_sensor.png
JUDGE_0076,CP_000104,3843,8373,207,232,60.776819442410726,355.3753431464232,0.9434691782597576,0.0013160645646986,SAME,/kaggle/working/TMC2_OHRC_FINAL/images/judge_library/JUDGE_0076_three_sensor.png
JUDGE_0077,CP_000105,7727,10783,292,241,60.54871750069037,355.4269244883756,0.943436155500298,0.0012149235871205,SAME,/kaggle/working/TMC2_OHRC_FINAL/images/judge_library/JUDGE_0077_three_sensor.png
JUDGE_0078,CP_000107,5056,9119,233,229,60.706056629816736,355.3580080408444,0.9432554860466998,0.0014072181549893,SAME,/kaggle/working/TMC2_OHRC_FINAL/images/judge_library/JUDGE_0078_three_sensor.png
JUDGE_0079,CP_000110,4522,8789,221,235,60.73793444068223,355.3926275053892,0.9429018086098644,0.001449104331371,SAME,/kaggle/working/TMC2_OHRC_FINAL/images/judge_library/JUDGE_0079_three_sensor.png
JUDGE_0080,CP_000111,12949,14019,406,238,60.2418451941458,355.4086206699728,0.942749226787394,0.0014563466697072,SAME,/kaggle/working/TMC2_OHRC_FINAL/images/judge_library/JUDGE_0080_three_sensor.png
JUDGE_0081,CP_000112,1726,7045,160,232,60.90239406620117,355.3758243214767,0.9427068105428196,0.0014323868755146,SAME,/kaggle/working/TMC2_OHRC_FINAL/images/judge_library/JUDGE_0081_three_sensor.png
JUDGE_0082,CP_000113,13084,14102,409,238,60.23388489422377,355.4083534498266,0.942705704828192,0.001444597875059,SAME,/kaggle/working/TMC2_OHRC_FINAL/images/judge_library/JUDGE_0082_three_sensor.png
JUDGE_0083,CP_000114,9200,11692,324,229,60.46197677792079,355.3572196582961,0.9424805626487762,0.0015168448353045,SAME,/kaggle/working/TMC2_OHRC_FINAL/images/judge_library/JUDGE_0083_three_sensor.png
JUDGE_0084,CP_000115,5870,9618,251,232,60.658317746250624,355.3750188606179,0.9424257028641868,0.0014720939711224,SAME,/kaggle/working/TMC2_OHRC_FINAL/images/judge_library/JUDGE_0084_three_sensor.png
JUDGE_0085,CP_000117,6292,9872,260,247,60.63453152722019,355.46155411820104,0.9420685950434586,0.0013703261079031,SAME,/kaggle/working/TMC2_OHRC_FINAL/images/judge_library/JUDGE_0085_three_sensor.png
JUDGE_0086,CP_000118,1182,6712,148,229,60.9342128069398,355.35820169832726,0.9417232456648164,0.0013054685343632,SAME,/kaggle/working/TMC2_OHRC_FINAL/images/judge_library/JUDGE_0086_three_sensor.png
JUDGE_0087,CP_000119,3164,7957,192,229,60.81659680591071,355.3580296902504,0.9417002167363532,0.001321901946685,SAME,/kaggle/working/TMC2_OHRC_FINAL/images/judge_library/JUDGE_0087_three_sensor.png
JUDGE_0088,CP_000124,101,6048,125,229,60.996996366165966,355.3584339485282,0.9411380753754746,0.0015152363907231,SAME,/kaggle/working/TMC2_OHRC_FINAL/images/judge_library/JUDGE_0088_three_sensor.png
JUDGE_0089,CP_000131,9612,11943,333,235,60.438141162458045,355.3915651329241,0.9402971635294816,0.0015241480232071,SAME,/kaggle/working/TMC2_OHRC_FINAL/images/judge_library/JUDGE_0089_three_sensor.png
JUDGE_0090,CP_000133,6649,10120,268,244,60.61241117110416,355.4440641945312,0.9401092752835898,0.0013039919197077,SAME,/kaggle/working/TMC2_OHRC_FINAL/images/judge_library/JUDGE_0090_three_sensor.png
JUDGE_0091,CP_000134,4532,8792,221,244,60.73798936606611,355.4447880897253,0.9400732457621496,0.0015867323962859,SAME,/kaggle/working/TMC2_OHRC_FINAL/images/judge_library/JUDGE_0091_three_sensor.png
JUDGE_0092,CP_000135,3708,8290,204,232,60.78477716348615,355.3756015563299,0.940062987389328,0.0012836803658223,SAME,/kaggle/working/TMC2_OHRC_FINAL/images/judge_library/JUDGE_0092_three_sensor.png
JUDGE_0093,CP_000138,12415,13689,394,244,60.27371847967217,355.4429129094668,0.9389230845624492,0.0015987164496962,SAME,/kaggle/working/TMC2_OHRC_FINAL/images/judge_library/JUDGE_0093_three_sensor.png
JUDGE_0094,CP_000140,12547,13771,397,241,60.26574027750167,355.4260269222455,0.9387901027873072,0.0015793579914838,SAME,/kaggle/working/TMC2_OHRC_FINAL/images/judge_library/JUDGE_0094_three_sensor.png
JUDGE_0095,CP_000143,9355,11781,327,247,60.45413416189914,355.4605691827999,0.938366668977594,0.0016373077975184,SAME,/kaggle/working/TMC2_OHRC_FINAL/images/judge_library/JUDGE_0095_three_sensor.png
JUDGE_0096,CP_000144,9896,12113,339,247,60.42229508612703,355.461201996518,0.9382927546026616,0.0016018682340809,SAME,/kaggle/working/TMC2_OHRC_FINAL/images/judge_library/JUDGE_0096_three_sensor.png
JUDGE_0097,CP_000145,1047,6629,145,229,60.94217138028954,355.35844616347646,0.9382532907235152,0.0013205440770337,SAME,/kaggle/working/TMC2_OHRC_FINAL/images/judge_library/JUDGE_0097_three_sensor.png
JUDGE_0098,CP_000147,1057,6632,145,238,60.942227387688966,355.4108714000394,0.9380745538981364,0.0015244460590339,SAME,/kaggle/working/TMC2_OHRC_FINAL/images/judge_library/JUDGE_0098_three_sensor.png
JUDGE_0099,CP_000150,10021,12193,342,238,60.41427963975278,355.4091736473961,0.9376917578933224,0.0016127066503234,SAME,/kaggle/working/TMC2_OHRC_FINAL/images/judge_library/JUDGE_0099_three_sensor.png
JUDGE_0100,CP_000152,13628,14435,421,241,60.20206579470128,355.4256069533614,0.9376464338148196,0.0015923305157909,SAME,/kaggle/working/TMC2_OHRC_FINAL/images/judge_library/JUDGE_0100_three_sensor.png
JUDGE_0101,CP_000155,7450,10615,286,235,60.56460027325763,355.3922533165608,0.9373359710785952,0.00131697442333,SAME,/kaggle/working/TMC2_OHRC_FINAL/images/judge_library/JUDGE_0101_three_sensor.png
JUDGE_0102,CP_000156,9744,12025,336,232,60.43016106984586,355.3746157554592,0.9373085753927214,0.0016429889700412,SAME,/kaggle/working/TMC2_OHRC_FINAL/images/judge_library/JUDGE_0102_three_sensor.png
JUDGE_0103,CP_000158,1324,6797,151,235,60.92629045029488,355.39347589323216,0.9371139371474346,0.0015204208277743,SAME,/kaggle/working/TMC2_OHRC_FINAL/images/judge_library/JUDGE_0103_three_sensor.png
JUDGE_0104,CP_000159,1449,6877,154,226,60.91827411392702,355.34081742540485,0.9369128209815828,0.0015139731937203,SAME,/kaggle/working/TMC2_OHRC_FINAL/images/judge_library/JUDGE_0104_three_sensor.png
JUDGE_0105,CP_000160,780,6464,139,232,60.958111066544255,355.3758463949566,0.9367336610510806,0.0014716414839984,SAME,/kaggle/working/TMC2_OHRC_FINAL/images/judge_library/JUDGE_0105_three_sensor.png
JUDGE_0106,CP_000161,9217,11697,324,244,60.46207268652864,355.44414645540786,0.9366184899423902,0.0016627570000053,SAME,/kaggle/working/TMC2_OHRC_FINAL/images/judge_library/JUDGE_0106_three_sensor.png
JUDGE_0107,CP_000163,13763,14518,424,241,60.194105338461306,355.4253353678303,0.936450944039532,0.0016900602008878,SAME,/kaggle/working/TMC2_OHRC_FINAL/images/judge_library/JUDGE_0107_three_sensor.png
JUDGE_0108,CP_000166,3029,7874,189,229,60.82455528078651,355.3582841642222,0.9358532455691058,0.0015938929083469,SAME,/kaggle/working/TMC2_OHRC_FINAL/images/judge_library/JUDGE_0108_three_sensor.png
JUDGE_0109,CP_000168,13351,14267,415,235,60.21794636403792,355.3912345518861,0.9356587350984008,0.0016069603624182,SAME,/kaggle/working/TMC2_OHRC_FINAL/images/judge_library/JUDGE_0109_three_sensor.png
JUDGE_0110,CP_000169,12672,13851,400,232,60.25772209234066,355.374205566928,0.93547922425922,0.0016191373069356,SAME,/kaggle/working/TMC2_OHRC_FINAL/images/judge_library/JUDGE_0110_three_sensor.png
JUDGE_0111,CP_000171,1826,7131,163,241,60.89537004732543,355.4280229567484,0.9351977840786982,0.0017003124601077,SAME,/kaggle/working/TMC2_OHRC_FINAL/images/judge_library/JUDGE_0111_three_sensor.png
JUDGE_0112,CP_000172,8274,11117,304,247,60.51691383016876,355.4610283253378,0.9351505225738632,0.0017106097771053,SAME,/kaggle/working/TMC2_OHRC_FINAL/images/judge_library/JUDGE_0112_three_sensor.png
JUDGE_0113,CP_000174,6282,9869,260,238,60.63447790750575,355.40952068025405,0.934853668423734,0.0015251629385054,SAME,/kaggle/working/TMC2_OHRC_FINAL/images/judge_library/JUDGE_0113_three_sensor.png
JUDGE_0114,CP_000177,9345,11778,327,238,60.45407989875006,355.40877519423907,0.93474083039333,0.0017297003486974,SAME,/kaggle/working/TMC2_OHRC_FINAL/images/judge_library/JUDGE_0114_three_sensor.png
JUDGE_0115,CP_000178,114,6052,125,241,60.99707221175387,355.4278522234792,0.9346431139385484,0.0015378999183927,SAME,/kaggle/working/TMC2_OHRC_FINAL/images/judge_library/JUDGE_0115_three_sensor.png
JUDGE_0116,CP_000180,5593,9450,245,226,60.674196112217295,355.3402315527463,0.9342896466952504,0.0017001745623164,SAME,/kaggle/working/TMC2_OHRC_FINAL/images/judge_library/JUDGE_0116_three_sensor.png
JUDGE_0117,CP_000181,8676,11365,312,244,60.49391515669043,355.44349831338377,0.9341511825097522,0.0016847162255284,SAME,/kaggle/working/TMC2_OHRC_FINAL/images/judge_library/JUDGE_0117_three_sensor.png
JUDGE_0118,CP_000182,12280,13606,391,244,60.2816794379182,355.4431847864944,0.9341265512570678,0.0017268163960804,SAME,/kaggle/working/TMC2_OHRC_FINAL/images/judge_library/JUDGE_0118_three_sensor.png
JUDGE_0119,CP_000183,10298,12361,348,244,60.39839671789225,355.44371181486395,0.934034291942556,0.0016513576710615,SAME,/kaggle/working/TMC2_OHRC_FINAL/images/judge_library/JUDGE_0119_three_sensor.png
JUDGE_0120,CP_000184,8264,11114,303,238,60.51775669827989,355.40914790301105,0.9339561073847832,0.0016823300065995,SAME,/kaggle/working/TMC2_OHRC_FINAL/images/judge_library/JUDGE_0120_three_sensor.png
JUDGE_0121,CP_000185,2003,7213,166,238,60.886511372357226,355.4108082309962,0.933871602522208,0.0017631236063579,SAME,/kaggle/working/TMC2_OHRC_FINAL/images/judge_library/JUDGE_0121_three_sensor.png
JUDGE_0122,CP_000187,2128,7293,169,229,60.87849446462462,355.3582062840344,0.9337459189686916,0.0016517517595009,SAME,/kaggle/working/TMC2_OHRC_FINAL/images/judge_library/JUDGE_0122_three_sensor.png
JUDGE_0123,CP_000188,12405,13686,394,235,60.273662496425054,355.39134730456607,0.9337192170622114,0.0017017630753752,SAME,/kaggle/working/TMC2_OHRC_FINAL/images/judge_library/JUDGE_0123_three_sensor.png
JUDGE_0124,CP_000189,2103,7299,169,247,60.8794836697068,355.4629772540172,0.9336850217548728,0.0017683575219653,SAME,/kaggle/working/TMC2_OHRC_FINAL/images/judge_library/JUDGE_0124_three_sensor.png
JUDGE_0125,CP_000190,7318,10533,283,238,60.57257956255226,355.4092482346122,0.9336045300868964,0.0016667682420879,SAME,/kaggle/working/TMC2_OHRC_FINAL/images/judge_library/JUDGE_0125_three_sensor.png
JUDGE_0126,CP_000191,8666,11362,312,235,60.49386022428822,355.3916535270737,0.9335971582586804,0.0016959834041706,SAME,/kaggle/working/TMC2_OHRC_FINAL/images/judge_library/JUDGE_0126_three_sensor.png
JUDGE_0127,CP_000193,13216,14184,412,235,60.2259049502652,355.39148876672806,0.933538807991526,0.001553658618852,SAME,/kaggle/working/TMC2_OHRC_FINAL/images/judge_library/JUDGE_0127_three_sensor.png
JUDGE_0128,CP_000194,4647,8869,224,226,60.72991567617518,355.34021530077774,0.9335292996527688,0.0017382580549114,SAME,/kaggle/working/TMC2_OHRC_FINAL/images/judge_library/JUDGE_0128_three_sensor.png
JUDGE_0129,CP_000205,12270,13603,391,235,60.28161972218354,355.39161108811066,0.9323294908705452,0.001804336191267,SAME,/kaggle/working/TMC2_OHRC_FINAL/images/judge_library/JUDGE_0129_three_sensor.png
JUDGE_0130,CP_000206,8521,11276,309,226,60.50175400576969,355.34004645133,0.9323219784167192,0.0017692679782785,SAME,/kaggle/working/TMC2_OHRC_FINAL/images/judge_library/JUDGE_0130_three_sensor.png
JUDGE_0131,CP_000207,11102,12857,365,238,60.35149966659089,355.4088009239328,0.9323112809692446,0.0014373346242895,SAME,/kaggle/working/TMC2_OHRC_FINAL/images/judge_library/JUDGE_0131_three_sensor.png
JUDGE_0132,CP_000209,9467,11857,330,226,60.44603688668432,355.34003600522,0.9322248399860056,0.0017691969441324,SAME,/kaggle/working/TMC2_OHRC_FINAL/images/judge_library/JUDGE_0132_three_sensor.png
JUDGE_0133,CP_000216,925,6550,142,241,60.950207085135936,355.42803299800835,0.9318405676078816,0.0018114672075506,SAME,/kaggle/working/TMC2_OHRC_FINAL/images/judge_library/JUDGE_0133_three_sensor.png
JUDGE_0134,CP_000217,11369,13022,371,235,60.335560031884846,355.39162358086656,0.9317793407722196,0.0015221330307665,SAME,/kaggle/working/TMC2_OHRC_FINAL/images/judge_library/JUDGE_0134_three_sensor.png
JUDGE_0135,CP_000219,1993,7210,166,229,60.8864522430974,355.3584516109319,0.9315613211816244,0.00181415257672,SAME,/kaggle/working/TMC2_OHRC_FINAL/images/judge_library/JUDGE_0135_three_sensor.png
JUDGE_0136,CP_000220,9602,11940,333,226,60.43807762199369,355.33978035720315,0.9314379741886364,0.0018277128863037,SAME,/kaggle/working/TMC2_OHRC_FINAL/images/judge_library/JUDGE_0136_three_sensor.png
JUDGE_0137,CP_000224,4914,9034,230,223,60.71397399266478,355.3229295745191,0.9312739096704664,0.0018318347073213,SAME,/kaggle/working/TMC2_OHRC_FINAL/images/judge_library/JUDGE_0137_three_sensor.png
JUDGE_0138,CP_000226,1202,6718,148,247,60.934318087186405,355.46302745856104,0.9311043639844782,0.0017961791879965,SAME,/kaggle/working/TMC2_OHRC_FINAL/images/judge_library/JUDGE_0138_three_sensor.png
JUDGE_0139,CP_000228,11092,12854,365,229,60.35143883090034,355.3571259739685,0.9309222032117505,0.0015854762503886,SAME,/kaggle/working/TMC2_OHRC_FINAL/images/judge_library/JUDGE_0139_three_sensor.png
JUDGE_0140,CP_000232,11334,13025,371,244,60.33649941328784,355.4433567860568,0.9305919438827912,0.0015255803396087,SAME,/kaggle/working/TMC2_OHRC_FINAL/images/judge_library/JUDGE_0140_three_sensor.png
JUDGE_0141,CP_000233,4387,8706,218,235,60.74589388634801,355.39288985334747,0.9305671517927808,0.0015980717076973,SAME,/kaggle/working/TMC2_OHRC_FINAL/images/judge_library/JUDGE_0141_three_sensor.png
JUDGE_0142,CP_000236,11202,12943,368,247,60.34447850538273,355.46027674256294,0.9304334833962972,0.0016534849172109,SAME,/kaggle/working/TMC2_OHRC_FINAL/images/judge_library/JUDGE_0142_three_sensor.png
JUDGE_0143,CP_000238,13074,14099,409,229,60.23382409611721,355.3568402679335,0.9302312026373,0.0016903520179707,SAME,/kaggle/working/TMC2_OHRC_FINAL/images/judge_library/JUDGE_0143_three_sensor.png
JUDGE_0144,CP_000239,10825,12689,359,232,60.36737842019557,355.3742856995139,0.9301341031638553,0.0015722399934599,SAME,/kaggle/working/TMC2_OHRC_FINAL/images/judge_library/JUDGE_0144_three_sensor.png
JUDGE_0145,CP_000241,8788,11441,315,223,60.485813583053705,355.3228536908157,0.9300957254449372,0.0018197647472527,SAME,/kaggle/working/TMC2_OHRC_FINAL/images/judge_library/JUDGE_0145_three_sensor.png
JUDGE_0146,CP_000242,1334,6800,151,244,60.926340849947984,355.445875731903,0.9300874881338268,0.0018528162696784,SAME,/kaggle/working/TMC2_OHRC_FINAL/images/judge_library/JUDGE_0146_three_sensor.png
JUDGE_0147,CP_000243,6002,9700,254,229,60.65033735394999,355.35799100496456,0.9300719766669188,0.0017764600453377,SAME,/kaggle/working/TMC2_OHRC_FINAL/images/judge_library/JUDGE_0147_three_sensor.png
JUDGE_0148,CP_000244,4779,8951,227,223,60.72193106168718,355.3231707662235,0.9298108267706096,0.0018587701970695,SAME,/kaggle/working/TMC2_OHRC_FINAL/images/judge_library/JUDGE_0148_three_sensor.png
JUDGE_0149,CP_000247,8923,11524,318,223,60.477853675348506,355.3226002883921,0.9296422568492324,0.0017836457220002,SAME,/kaggle/working/TMC2_OHRC_FINAL/images/judge_library/JUDGE_0149_three_sensor.png
JUDGE_0150,CP_000249,12939,14016,406,229,60.24178193228246,355.357089175254,0.9295452109990529,0.0016612800893364,SAME,/kaggle/working/TMC2_OHRC_FINAL/images/judge_library/JUDGE_0150_three_sensor.png
JUDGE_0151,CP_000251,7585,10698,289,235,60.556638579251256,355.3919897249577,0.929539196529526,0.0017603703019971,SAME,/kaggle/working/TMC2_OHRC_FINAL/images/judge_library/JUDGE_0151_three_sensor.png
JUDGE_0152,CP_000258,513,6299,133,235,60.97404888561128,355.39325710061644,0.9289895245292248,0.0018579728867183,SAME,/kaggle/working/TMC2_OHRC_FINAL/images/judge_library/JUDGE_0152_three_sensor.png
JUDGE_0153,CP_000259,10301,12362,348,247,60.39841616574461,355.4603769847984,0.9288120473478018,0.0015450825621165,SAME,/kaggle/working/TMC2_OHRC_FINAL/images/judge_library/JUDGE_0153_three_sensor.png
JUDGE_0154,CP_000265,3566,8205,201,226,60.79269790722656,355.34044825531834,0.9282452289181105,0.0016738679461001,SAME,/kaggle/working/TMC2_OHRC_FINAL/images/judge_library/JUDGE_0154_three_sensor.png
JUDGE_0155,CP_000269,11359,13019,371,226,60.33549670162901,355.3399758896776,0.9279135345141762,0.0017666210752242,SAME,/kaggle/working/TMC2_OHRC_FINAL/images/judge_library/JUDGE_0155_three_sensor.png
JUDGE_0156,CP_000271,9207,11694,324,235,60.46201613984844,355.392334726638,0.9275032276045324,0.0019327586200855,SAME,/kaggle/working/TMC2_OHRC_FINAL/images/judge_library/JUDGE_0156_three_sensor.png
JUDGE_0157,CP_000273,8129,11031,301,238,60.52481963690944,355.4094028218064,0.9274190874550822,0.0017408760425518,SAME,/kaggle/working/TMC2_OHRC_FINAL/images/judge_library/JUDGE_0157_three_sensor.png
JUDGE_0158,CP_000274,1716,7042,160,223,60.90233314401231,355.32345247137977,0.9274006596701784,0.0018689356625315,SAME,/kaggle/working/TMC2_OHRC_FINAL/images/judge_library/JUDGE_0158_three_sensor.png
JUDGE_0159,CP_000275,12537,13768,397,232,60.26568075962157,355.37447016122775,0.9273787953671964,0.0019216529428546,SAME,/kaggle/working/TMC2_OHRC_FINAL/images/judge_library/JUDGE_0159_three_sensor.png
JUDGE_0160,CP_000282,9886,12110,339,238,60.4222392082858,355.409440698689,0.9268848999816748,0.0018106082841834,SAME,/kaggle/working/TMC2_OHRC_FINAL/images/judge_library/JUDGE_0160_three_sensor.png
JUDGE_0161,CP_000287,1427,6884,154,247,60.91928378549098,355.4625785155096,0.9264303411404337,0.0019613125073927,SAME,/kaggle/working/TMC2_OHRC_FINAL/images/judge_library/JUDGE_0161_three_sensor.png
JUDGE_0162,CP_000291,7869,10868,295,247,60.540791875366345,355.4618388559915,0.9259625773327028,0.0017735193484681,SAME,/kaggle/working/TMC2_OHRC_FINAL/images/judge_library/JUDGE_0162_three_sensor.png
JUDGE_0163,CP_000292,10815,12686,359,223,60.36731460563106,355.3226058047929,0.9259516347028496,0.0018156371468211,SAME,/kaggle/working/TMC2_OHRC_FINAL/images/judge_library/JUDGE_0163_three_sensor.png
JUDGE_0164,CP_000293,12138,13521,388,238,60.28960164789592,355.40849308290854,0.9259470169981916,0.0018871918359825,SAME,/kaggle/working/TMC2_OHRC_FINAL/images/judge_library/JUDGE_0164_three_sensor.png
JUDGE_0165,CP_000294,11636,13187,377,232,60.31961863270264,355.37446484831435,0.9258980941407328,0.0018444060271747,SAME,/kaggle/working/TMC2_OHRC_FINAL/images/judge_library/JUDGE_0165_three_sensor.png
JUDGE_0166,CP_000295,7173,10447,280,229,60.58047666420367,355.3575494956676,0.9257993780192748,0.0015559125287579,SAME,/kaggle/working/TMC2_OHRC_FINAL/images/judge_library/JUDGE_0166_three_sensor.png
JUDGE_0167,CP_000297,5725,9532,248,223,60.66621241117311,355.3232065859579,0.925687112089182,0.001968215375329,SAME,/kaggle/working/TMC2_OHRC_FINAL/images/judge_library/JUDGE_0167_three_sensor.png
JUDGE_0168,CP_000298,8119,11028,300,229,60.52565578517778,355.3575165947049,0.9256747278685477,0.0019816221620877,SAME,/kaggle/working/TMC2_OHRC_FINAL/images/judge_library/JUDGE_0168_three_sensor.png
JUDGE_0169,CP_000300,905,6544,142,223,60.95009171611664,355.323156535324,0.925544946206688,0.001860563821839,SAME,/kaggle/working/TMC2_OHRC_FINAL/images/judge_library/JUDGE_0169_three_sensor.png
JUDGE_0170,CP_000301,3177,7961,192,241,60.81667377324151,355.4271356729466,0.9255427225851248,0.0018903729534343,SAME,/kaggle/working/TMC2_OHRC_FINAL/images/judge_library/JUDGE_0170_three_sensor.png
JUDGE_0171,CP_000302,3856,8377,207,244,60.77689279093898,355.4443852369539,0.925466023712432,0.0019206450744005,SAME,/kaggle/working/TMC2_OHRC_FINAL/images/judge_library/JUDGE_0171_three_sensor.png
JUDGE_0172,CP_000304,5181,9199,236,220,60.69803187861654,355.30564718491405,0.9254101994766066,0.0019890527546333,SAME,/kaggle/working/TMC2_OHRC_FINAL/images/judge_library/JUDGE_0172_three_sensor.png
JUDGE_0173,CP_000305,645,6381,136,232,60.96606809225733,355.3761041086768,0.9252980517904916,0.0015736912027053,SAME,/kaggle/working/TMC2_OHRC_FINAL/images/judge_library/JUDGE_0173_three_sensor.png
JUDGE_0174,CP_000306,7997,10949,298,241,60.53279826543743,355.4263866752265,0.9252748484966548,0.0019924241800844,SAME,/kaggle/working/TMC2_OHRC_FINAL/images/judge_library/JUDGE_0174_three_sensor.png
JUDGE_0175,CP_000309,503,6296,133,226,60.973992077748186,355.340789169454,0.9248489397944288,0.0018931542222049,SAME,/kaggle/working/TMC2_OHRC_FINAL/images/judge_library/JUDGE_0175_three_sensor.png
JUDGE_0176,CP_000310,10548,12521,353,226,60.3832557068229,355.33976033987693,0.9248137100413514,0.001796673795509,SAME,/kaggle/working/TMC2_OHRC_FINAL/images/judge_library/JUDGE_0176_three_sensor.png
JUDGE_0177,CP_000311,12395,13683,394,226,60.273595995229,355.3397837775903,0.9247112767365148,0.0018564696359666,SAME,/kaggle/working/TMC2_OHRC_FINAL/images/judge_library/JUDGE_0177_three_sensor.png
JUDGE_0178,CP_000315,11082,12851,365,220,60.351369838809866,355.3054633420134,0.9245173805088416,0.0019173107547623,SAME,/kaggle/working/TMC2_OHRC_FINAL/images/judge_library/JUDGE_0178_three_sensor.png
JUDGE_0179,CP_000316,5046,9116,233,220,60.70599121000055,355.30589467309954,0.924517211881186,0.0020127027097491,SAME,/kaggle/working/TMC2_OHRC_FINAL/images/judge_library/JUDGE_0179_three_sensor.png
JUDGE_0180,CP_000317,4110,8538,213,229,60.760880590102005,355.35802284219795,0.9244938185846464,0.0017714325948747,SAME,/kaggle/working/TMC2_OHRC_FINAL/images/judge_library/JUDGE_0180_three_sensor.png
JUDGE_0181,CP_000318,10835,12692,359,241,60.36743689338167,355.42597785603584,0.9243396131835876,0.0018686959012074,SAME,/kaggle/working/TMC2_OHRC_FINAL/images/judge_library/JUDGE_0181_three_sensor.png
JUDGE_0182,CP_000322,13753,14515,424,232,60.19404508137203,355.3738621378188,0.9240494795299355,0.00194279291228,SAME,/kaggle/working/TMC2_OHRC_FINAL/images/judge_library/JUDGE_0182_three_sensor.png
JUDGE_0183,CP_000325,4377,8703,218,226,60.74583222748301,355.340713084194,0.9237475755103736,0.0019187060854337,SAME,/kaggle/working/TMC2_OHRC_FINAL/images/judge_library/JUDGE_0183_three_sensor.png
JUDGE_0184,CP_000328,13618,14432,421,232,60.20200562502174,355.37412554666685,0.9236665495679056,0.0018482317531688,SAME,/kaggle/working/TMC2_OHRC_FINAL/images/judge_library/JUDGE_0184_three_sensor.png
JUDGE_0185,CP_000331,9055,11606,321,220,60.46987083050738,355.30566052062994,0.9235529650024112,0.0019348975222109,SAME,/kaggle/working/TMC2_OHRC_FINAL/images/judge_library/JUDGE_0185_three_sensor.png
JUDGE_0186,CP_000337,10423,12441,350,235,60.39127661081943,355.39172169448693,0.923206393549906,0.0017493087236024,SAME,/kaggle/working/TMC2_OHRC_FINAL/images/judge_library/JUDGE_0186_three_sensor.png
JUDGE_0187,CP_000338,1968,7216,166,247,60.88744256780589,355.4632493716067,0.923173622195038,0.0020454286026014,SAME,/kaggle/working/TMC2_OHRC_FINAL/images/judge_library/JUDGE_0187_three_sensor.png
JUDGE_0188,CP_000340,13895,14600,427,238,60.18612584244187,355.40847924762966,0.9230752107336788,0.0018836207791374,SAME,/kaggle/working/TMC2_OHRC_FINAL/images/judge_library/JUDGE_0188_three_sensor.png
JUDGE_0189,CP_000341,12662,13848,400,223,60.257657160014936,355.3226591695182,0.9230195303499598,0.0018168588580765,SAME,/kaggle/working/TMC2_OHRC_FINAL/images/judge_library/JUDGE_0189_three_sensor.png
JUDGE_0190,CP_000342,12260,13600,391,226,60.28155711165448,355.3400293263259,0.9228760518470128,0.0019766072596221,SAME,/kaggle/working/TMC2_OHRC_FINAL/images/judge_library/JUDGE_0190_three_sensor.png
JUDGE_0191,CP_000345,1851,7125,163,223,60.89437199770339,355.323212369462,0.9227153848089982,0.001948095891037,SAME,/kaggle/working/TMC2_OHRC_FINAL/images/judge_library/JUDGE_0191_three_sensor.png
JUDGE_0192,CP_000350,5860,9615,251,223,60.658256887395936,355.32296446970525,0.9225924706890126,0.0020597585318399,SAME,/kaggle/working/TMC2_OHRC_FINAL/images/judge_library/JUDGE_0192_three_sensor.png
JUDGE_0193,CP_000351,7717,10780,292,232,60.548660963048725,355.37500259170764,0.9225303212546432,0.0016226125756009,SAME,/kaggle/working/TMC2_OHRC_FINAL/images/judge_library/JUDGE_0193_three_sensor.png
JUDGE_0194,CP_000355,7190,10452,280,244,60.58057173153768,355.4447248763077,0.922261161466396,0.0020730084388821,SAME,/kaggle/working/TMC2_OHRC_FINAL/images/judge_library/JUDGE_0194_three_sensor.png
JUDGE_0195,CP_000356,3589,8212,201,247,60.79282777020194,355.46175004986566,0.9222479399204162,0.0020733871036716,SAME,/kaggle/working/TMC2_OHRC_FINAL/images/judge_library/JUDGE_0195_three_sensor.png
JUDGE_0196,CP_000358,9484,11862,330,241,60.446135562950985,355.4269236889134,0.9221163866962704,0.0020708439350625,SAME,/kaggle/working/TMC2_OHRC_FINAL/images/judge_library/JUDGE_0196_three_sensor.png
JUDGE_0197,CP_000359,10413,12438,350,226,60.39121386297749,355.34000636752427,0.9220465126216342,0.0018515529351096,SAME,/kaggle/working/TMC2_OHRC_FINAL/images/judge_library/JUDGE_0197_three_sensor.png
JUDGE_0198,CP_000360,10024,12194,342,241,60.41430060626329,355.4258535579464,0.9220148140032448,0.0018881682658869,SAME,/kaggle/working/TMC2_OHRC_FINAL/images/judge_library/JUDGE_0198_three_sensor.png
JUDGE_0199,CP_000363,12013,13441,386,247,60.29672067389788,355.4603515957979,0.9218965943388782,0.0018620233806626,SAME,/kaggle/working/TMC2_OHRC_FINAL/images/judge_library/JUDGE_0199_three_sensor.png
JUDGE_0200,CP_000365,6279,9868,260,235,60.63445811279551,355.3927582891356,0.9218370231372234,0.0019500770290336,SAME,/kaggle/working/TMC2_OHRC_FINAL/images/judge_library/JUDGE_0200_three_sensor.png
JUDGE_0201,CP_000366,11626,13184,377,223,60.3195517641341,355.32284433294234,0.921815573005286,0.0020481097332868,SAME,/kaggle/working/TMC2_OHRC_FINAL/images/judge_library/JUDGE_0201_three_sensor.png
JUDGE_0202,CP_000367,8538,11281,309,241,60.5018529518299,355.4270614916991,0.9217953849815046,0.0018368058451221,SAME,/kaggle/working/TMC2_OHRC_FINAL/images/judge_library/JUDGE_0202_three_sensor.png
JUDGE_0203,CP_000368,11244,12942,368,244,60.343574842133,355.44354619494334,0.9217222120480348,0.00189362972884,SAME,/kaggle/working/TMC2_OHRC_FINAL/images/judge_library/JUDGE_0203_three_sensor.png
JUDGE_0204,CP_000369,13341,14264,415,226,60.21788055461957,355.33973842102563,0.9215669787765564,0.0018617000959583,SAME,/kaggle/working/TMC2_OHRC_FINAL/images/judge_library/JUDGE_0204_three_sensor.png
JUDGE_0205,CP_000374,10950,12769,362,223,60.35935261165497,355.32235330187274,0.9211500708110856,0.0019142526104755,SAME,/kaggle/working/TMC2_OHRC_FINAL/images/judge_library/JUDGE_0205_three_sensor.png
JUDGE_0206,CP_000375,1067,6635,145,247,60.94227776608246,355.46329884160224,0.9211479268061016,0.0021027090494919,SAME,/kaggle/working/TMC2_OHRC_FINAL/images/judge_library/JUDGE_0206_three_sensor.png
JUDGE_0207,CP_000379,2620,7624,180,226,60.848413259734286,355.3404336845169,0.9208773687513788,0.0017586421043864,SAME,/kaggle/working/TMC2_OHRC_FINAL/images/judge_library/JUDGE_0207_three_sensor.png
JUDGE_0208,CP_000380,1462,6881,154,238,60.91835037375737,355.410093841549,0.920847085930944,0.0020987279744299,SAME,/kaggle/working/TMC2_OHRC_FINAL/images/judge_library/JUDGE_0208_three_sensor.png
JUDGE_0209,CP_000384,2752,7706,183,223,60.84043497196996,355.3233401908598,0.9203578488896236,0.0018974603227959,SAME,/kaggle/working/TMC2_OHRC_FINAL/images/judge_library/JUDGE_0209_three_sensor.png
JUDGE_0210,CP_000388,11234,12939,368,235,60.34351830912024,355.3918880854713,0.9201570227105008,0.0019905531157925,SAME,/kaggle/working/TMC2_OHRC_FINAL/images/judge_library/JUDGE_0210_three_sensor.png
JUDGE_0211,CP_000392,1172,6709,148,220,60.934149698954826,355.3057871509723,0.9198227399462628,0.0020627429741047,SAME,/kaggle/working/TMC2_OHRC_FINAL/images/judge_library/JUDGE_0211_three_sensor.png
JUDGE_0212,CP_000394,10011,12190,342,229,60.4142194598525,355.35743294658454,0.9197349168861112,0.0020293793724438,SAME,/kaggle/working/TMC2_OHRC_FINAL/images/judge_library/JUDGE_0212_three_sensor.png
JUDGE_0213,CP_000396,10538,12518,353,217,60.38318508009132,355.2880553681974,0.919638297587523,0.0020730378996106,SAME,/kaggle/working/TMC2_OHRC_FINAL/images/judge_library/JUDGE_0213_three_sensor.png
JUDGE_0214,CP_000399,11349,13016,371,217,60.33542561422576,355.28834030373963,0.9194795951105436,0.0021230651831378,SAME,/kaggle/working/TMC2_OHRC_FINAL/images/judge_library/JUDGE_0214_three_sensor.png
JUDGE_0215,CP_000403,8815,11449,315,247,60.485969133615406,355.4616669043855,0.9191532967111512,0.0019481650573714,SAME,/kaggle/working/TMC2_OHRC_FINAL/images/judge_library/JUDGE_0215_three_sensor.png
JUDGE_0216,CP_000404,2270,7378,172,235,60.8705712791959,355.393429922865,0.9191324156770028,0.0021314703547881,SAME,/kaggle/working/TMC2_OHRC_FINAL/images/judge_library/JUDGE_0216_three_sensor.png
JUDGE_0217,CP_000405,10805,12683,359,214,60.36724122914753,355.27091807232927,0.919071272139729,0.0021135962430952,SAME,/kaggle/working/TMC2_OHRC_FINAL/images/judge_library/JUDGE_0217_three_sensor.png
JUDGE_0218,CP_000406,9325,11772,327,220,60.45395217684848,355.3051734003986,0.9189068958682464,0.0021112025126313,SAME,/kaggle/working/TMC2_OHRC_FINAL/images/judge_library/JUDGE_0218_three_sensor.png
JUDGE_0219,CP_000408,2093,7296,169,238,60.87943647906352,355.41062542461646,0.9188322189429468,0.0020610741069249,SAME,/kaggle/working/TMC2_OHRC_FINAL/images/judge_library/JUDGE_0219_three_sensor.png
JUDGE_0220,CP_000410,2887,7789,186,223,60.8324762763496,355.323099283252,0.9187577876438744,0.0018584678721739,SAME,/kaggle/working/TMC2_OHRC_FINAL/images/judge_library/JUDGE_0220_three_sensor.png
JUDGE_0221,CP_000412,10163,12278,345,244,60.40635753432972,355.4439843182616,0.918708921221095,0.0020059702321761,SAME,/kaggle/working/TMC2_OHRC_FINAL/images/judge_library/JUDGE_0221_three_sensor.png
JUDGE_0222,CP_000414,1037,6626,145,220,60.94210962224005,355.3060232202386,0.9186745598426304,0.0020757154376234,SAME,/kaggle/working/TMC2_OHRC_FINAL/images/judge_library/JUDGE_0222_three_sensor.png
JUDGE_0223,CP_000419,520,6301,134,241,60.97318888767061,355.4288210870168,0.918086666498536,0.0018089242516388,SAME,/kaggle/working/TMC2_OHRC_FINAL/images/judge_library/JUDGE_0223_three_sensor.png
JUDGE_0224,CP_000421,10271,12353,347,220,60.39913018204462,355.30520430536995,0.9178553852776634,0.0021060843222669,SAME,/kaggle/working/TMC2_OHRC_FINAL/images/judge_library/JUDGE_0224_three_sensor.png
JUDGE_0225,CP_000422,6816,10199,271,232,60.60349400855927,355.37497052696153,0.9177914048639164,0.0019015503743106,SAME,/kaggle/working/TMC2_OHRC_FINAL/images/judge_library/JUDGE_0225_three_sensor.png
JUDGE_0226,CP_000423,11601,13190,377,241,60.320560363707045,355.4261803889902,0.9176293537643574,0.0017477558272096,SAME,/kaggle/working/TMC2_OHRC_FINAL/images/judge_library/JUDGE_0226_three_sensor.png
JUDGE_0227,CP_000424,10960,12772,362,232,60.35942032848647,355.3740351028368,0.9175930841022616,0.0020699627618786,SAME,/kaggle/working/TMC2_OHRC_FINAL/images/judge_library/JUDGE_0227_three_sensor.png
JUDGE_0228,CP_000429,13064,14096,409,220,60.23375392906413,355.30531927369765,0.9173368353543488,0.0019110060115974,SAME,/kaggle/working/TMC2_OHRC_FINAL/images/judge_library/JUDGE_0228_three_sensor.png
JUDGE_0229,CP_000431,10940,12766,362,214,60.35928043076746,355.2706839010181,0.917202762516829,0.0021175798146749,SAME,/kaggle/working/TMC2_OHRC_FINAL/images/judge_library/JUDGE_0229_three_sensor.png
JUDGE_0230,CP_000432,13206,14181,412,226,60.22584049214981,355.3399844943095,0.9171709173782452,0.001885053936306,SAME,/kaggle/working/TMC2_OHRC_FINAL/images/judge_library/JUDGE_0230_three_sensor.png
JUDGE_0231,CP_000435,6806,10196,271,223,60.60343004329835,355.3229842266309,0.917084611637762,0.001807917730447,SAME,/kaggle/working/TMC2_OHRC_FINAL/images/judge_library/JUDGE_0231_three_sensor.png
JUDGE_0232,CP_000436,11736,13273,380,241,60.31260176039888,355.4259111869558,0.9170145549288978,0.0019777576783728,SAME,/kaggle/working/TMC2_OHRC_FINAL/images/judge_library/JUDGE_0232_three_sensor.png
JUDGE_0233,CP_000437,2370,7464,175,244,60.86354938269574,355.4455741156989,0.9169315745781884,0.0021614653816999,SAME,/kaggle/working/TMC2_OHRC_FINAL/images/judge_library/JUDGE_0233_three_sensor.png
JUDGE_0234,CP_000443,10014,12191,342,232,60.41424264587719,355.37410195280046,0.9163489594856692,0.0020898371522212,SAME,/kaggle/working/TMC2_OHRC_FINAL/images/judge_library/JUDGE_0234_three_sensor.png
JUDGE_0235,CP_000450,8528,11278,309,232,60.50179464166416,355.3751990436549,0.915898414305304,0.002147258656111,SAME,/kaggle/working/TMC2_OHRC_FINAL/images/judge_library/JUDGE_0235_three_sensor.png
JUDGE_0236,CP_000451,8376,11190,306,217,60.509644527842944,355.288434878938,0.9158297567904332,0.0021976799377947,SAME,/kaggle/working/TMC2_OHRC_FINAL/images/judge_library/JUDGE_0236_three_sensor.png
JUDGE_0237,CP_000454,7041,10365,277,232,60.58846022298095,355.3745429500456,0.9157129447878968,0.0020618997507264,SAME,/kaggle/working/TMC2_OHRC_FINAL/images/judge_library/JUDGE_0237_three_sensor.png
JUDGE_0238,CP_000455,5313,9281,239,217,60.69004812539205,355.2886207451708,0.9156409039904142,0.0022063480754737,SAME,/kaggle/working/TMC2_OHRC_FINAL/images/judge_library/JUDGE_0238_three_sensor.png
JUDGE_0239,CP_000457,13878,14595,426,223,60.18691543774736,355.3221568259442,0.915559426749239,0.0022080130713273,SAME,/kaggle/working/TMC2_OHRC_FINAL/images/judge_library/JUDGE_0239_three_sensor.png
JUDGE_0240,CP_000458,7440,10612,286,226,60.564536770332246,355.340306300334,0.9155223990459644,0.0017663868315362,SAME,/kaggle/working/TMC2_OHRC_FINAL/images/judge_library/JUDGE_0240_three_sensor.png
JUDGE_0241,CP_000460,10937,12765,362,211,60.35925406365961,355.25403439951634,0.9154815443420162,0.0022284661085582,SAME,/kaggle/working/TMC2_OHRC_FINAL/images/judge_library/JUDGE_0241_three_sensor.png
JUDGE_0242,CP_000461,635,6378,136,223,60.96601035395776,355.32364529987234,0.9154472152431722,0.0020092982964665,SAME,/kaggle/working/TMC2_OHRC_FINAL/images/judge_library/JUDGE_0242_three_sensor.png
JUDGE_0243,CP_000471,3833,8370,207,223,60.776757259529546,355.32313395281284,0.9149715859958948,0.001994896697918,SAME,/kaggle/working/TMC2_OHRC_FINAL/images/judge_library/JUDGE_0243_three_sensor.png
JUDGE_0244,CP_000472,104,6049,125,232,60.99701775492343,355.3753473080833,0.9149600638149512,0.0021908132382942,SAME,/kaggle/working/TMC2_OHRC_FINAL/images/judge_library/JUDGE_0244_three_sensor.png
JUDGE_0245,CP_000473,1829,7132,163,244,60.89538756058124,355.4448930340671,0.9148682601794034,0.0022225581958041,SAME,/kaggle/working/TMC2_OHRC_FINAL/images/judge_library/JUDGE_0245_three_sensor.png
JUDGE_0246,CP_000478,8109,11025,300,220,60.52558855708872,355.3056325516952,0.9147224240700844,0.0022546975443284,SAME,/kaggle/working/TMC2_OHRC_FINAL/images/judge_library/JUDGE_0246_three_sensor.png
JUDGE_0247,CP_000483,8244,11108,303,220,60.517631542293806,355.3053941253158,0.914428834234174,0.0021716373423522,SAME,/kaggle/working/TMC2_OHRC_FINAL/images/judge_library/JUDGE_0247_three_sensor.png
JUDGE_0248,CP_000484,7073,10361,277,220,60.587489427530016,355.3057571762299,0.9144062706006612,0.0019506636842012,SAME,/kaggle/working/TMC2_OHRC_FINAL/images/judge_library/JUDGE_0248_three_sensor.png
JUDGE_0249,CP_000485,10136,12270,344,220,60.40708867637801,355.30544463456266,0.9143503871022284,0.0021810345287178,SAME,/kaggle/working/TMC2_OHRC_FINAL/images/judge_library/JUDGE_0249_three_sensor.png
JUDGE_0250,CP_000486,12929,14013,406,220,60.24171058172834,355.3055701818112,0.9142030856921473,0.0019140795293586,SAME,/kaggle/working/TMC2_OHRC_FINAL/images/judge_library/JUDGE_0250_three_sensor.png
JUDGE_0251,CP_000490,7208,10444,280,220,60.57952971183996,355.3055186852905,0.9139507937713924,0.0019686334326193,SAME,/kaggle/working/TMC2_OHRC_FINAL/images/judge_library/JUDGE_0251_three_sensor.png
JUDGE_0252,CP_000491,1983,7207,166,220,60.88639120952811,355.30610759467703,0.9138677577982408,0.002295670802292,SAME,/kaggle/working/TMC2_OHRC_FINAL/images/judge_library/JUDGE_0252_three_sensor.png
JUDGE_0253,CP_000492,13868,14592,426,214,60.18684027111678,355.2706961362906,0.9138674194059168,0.0022534596197164,SAME,/kaggle/working/TMC2_OHRC_FINAL/images/judge_library/JUDGE_0253_three_sensor.png
JUDGE_0254,CP_000493,5583,9447,245,217,60.67412713085147,355.28815193885833,0.9138631100577286,0.0022969582998144,SAME,/kaggle/working/TMC2_OHRC_FINAL/images/judge_library/JUDGE_0254_three_sensor.png
JUDGE_0255,CP_000496,11214,12933,368,217,60.34338404577392,355.28857830710234,0.913555374682412,0.0022951025251425,SAME,/kaggle/working/TMC2_OHRC_FINAL/images/judge_library/JUDGE_0255_three_sensor.png
JUDGE_0256,CP_000501,8805,11446,315,238,60.48591519780522,355.4098194011656,0.9132983181617196,0.0022375317967768,SAME,/kaggle/working/TMC2_OHRC_FINAL/images/judge_library/JUDGE_0256_three_sensor.png
JUDGE_0257,CP_000503,4637,8866,224,217,60.72984723976324,355.2880674457912,0.9132384902408464,0.0022722989685141,SAME,/kaggle/working/TMC2_OHRC_FINAL/images/judge_library/JUDGE_0257_three_sensor.png
JUDGE_0258,CP_000504,3698,8287,204,223,60.78471633140043,355.32338401082825,0.9132141964495478,0.0019376185390391,SAME,/kaggle/working/TMC2_OHRC_FINAL/images/judge_library/JUDGE_0258_three_sensor.png
JUDGE_0259,CP_000505,6941,10279,274,223,60.5954718732983,355.32274335634656,0.9132052433588752,0.0020178202569725,SAME,/kaggle/working/TMC2_OHRC_FINAL/images/judge_library/JUDGE_0259_three_sensor.png
JUDGE_0260,CP_000506,10565,12526,353,241,60.38335548654447,355.42650689995713,0.9131866987027344,0.00185805572837,SAME,/kaggle/working/TMC2_OHRC_FINAL/images/judge_library/JUDGE_0260_three_sensor.png
JUDGE_0261,CP_000507,526,6303,134,247,60.9732237333561,355.46262400865663,0.913159662190378,0.0021211606967282,SAME,/kaggle/working/TMC2_OHRC_FINAL/images/judge_library/JUDGE_0261_three_sensor.png
JUDGE_0262,CP_000508,10673,12601,356,217,60.37522681763369,355.28781775084127,0.9131464259061048,0.0022488992137056,SAME,/kaggle/working/TMC2_OHRC_FINAL/images/judge_library/JUDGE_0262_three_sensor.png
JUDGE_0263,CP_000511,9592,11937,333,217,60.43800882299092,355.28800780067496,0.9130709550354258,0.0022465558413356,SAME,/kaggle/working/TMC2_OHRC_FINAL/images/judge_library/JUDGE_0263_three_sensor.png
JUDGE_0264,CP_000513,8646,11356,312,217,60.49372775735228,355.2879608322108,0.9128779002503696,0.0021115904572198,SAME,/kaggle/working/TMC2_OHRC_FINAL/images/judge_library/JUDGE_0264_three_sensor.png
JUDGE_0265,CP_000514,10970,12775,362,241,60.359478877482296,355.4257087941498,0.912837324324224,0.0022591427131738,SAME,/kaggle/working/TMC2_OHRC_FINAL/images/judge_library/JUDGE_0265_three_sensor.png
JUDGE_0266,CP_000517,9876,12107,339,229,60.422177842677,355.35768160919343,0.9126945231670872,0.0020469368045026,SAME,/kaggle/working/TMC2_OHRC_FINAL/images/judge_library/JUDGE_0266_three_sensor.png
JUDGE_0267,CP_000520,8778,11438,315,214,60.485740130216925,355.2710122664709,0.9125775356032132,0.0021986240496637,SAME,/kaggle/working/TMC2_OHRC_FINAL/images/judge_library/JUDGE_0267_three_sensor.png
JUDGE_0268,CP_000521,4235,8618,215,220,60.75375046575872,355.305593932834,0.912574478629816,0.0023223356305648,SAME,/kaggle/working/TMC2_OHRC_FINAL/images/judge_library/JUDGE_0268_three_sensor.png
JUDGE_0269,CP_000524,10555,12523,353,232,60.38329591215455,355.3747985252691,0.9124315535874354,0.0019678886400805,SAME,/kaggle/working/TMC2_OHRC_FINAL/images/judge_library/JUDGE_0269_three_sensor.png
JUDGE_0270,CP_000525,5204,9206,236,241,60.69817469613627,355.42666359956746,0.9123865766374384,0.0023348578293567,SAME,/kaggle/working/TMC2_OHRC_FINAL/images/judge_library/JUDGE_0270_three_sensor.png
JUDGE_0271,CP_000528,3154,7954,192,220,60.81653378749139,355.30576944864066,0.91231435989026,0.0020202094422251,SAME,/kaggle/working/TMC2_OHRC_FINAL/images/judge_library/JUDGE_0271_three_sensor.png
JUDGE_0272,CP_000532,6539,10031,265,226,60.619373617065214,355.3402323351792,0.9122336510549596,0.0020716838614161,SAME,/kaggle/working/TMC2_OHRC_FINAL/images/judge_library/JUDGE_0272_three_sensor.png
JUDGE_0273,CP_000535,12520,13763,397,217,60.26556664614751,355.2879720480941,0.912158862231884,0.0019899228190171,SAME,/kaggle/working/TMC2_OHRC_FINAL/images/judge_library/JUDGE_0273_three_sensor.png
JUDGE_0274,CP_000540,2910,7796,186,244,60.832610468973165,355.4445059087129,0.911867689983662,0.0020619245612415,SAME,/kaggle/working/TMC2_OHRC_FINAL/images/judge_library/JUDGE_0274_three_sensor.png
JUDGE_0275,CP_000546,8913,11521,318,214,60.47778268967352,355.2707773292562,0.9115245571455683,0.0021973334086342,SAME,/kaggle/working/TMC2_OHRC_FINAL/images/judge_library/JUDGE_0275_three_sensor.png
JUDGE_0276,CP_000548,11337,13026,371,247,60.33651906091056,355.4600014965804,0.9114731633903628,0.0022928529152056,SAME,/kaggle/working/TMC2_OHRC_FINAL/images/judge_library/JUDGE_0276_three_sensor.png
JUDGE_0277,CP_000549,10261,12350,347,211,60.39905529843998,355.2534741363817,0.9114565345639905,0.0023538038667838,SAME,/kaggle/working/TMC2_OHRC_FINAL/images/judge_library/JUDGE_0277_three_sensor.png
JUDGE_0278,CP_000550,3019,7871,189,220,60.82449107709116,355.3060053302035,0.911421711882487,0.0020251212935423,SAME,/kaggle/working/TMC2_OHRC_FINAL/images/judge_library/JUDGE_0278_three_sensor.png
JUDGE_0279,CP_000552,11616,13181,377,214,60.31948048205541,355.2712158099193,0.9112915806346412,0.0023511269344776,SAME,/kaggle/working/TMC2_OHRC_FINAL/images/judge_library/JUDGE_0279_three_sensor.png
JUDGE_0280,CP_000560,13875,14594,426,220,60.18688910293722,355.3055733211996,0.9110788013741236,0.0022197651763508,SAME,/kaggle/working/TMC2_OHRC_FINAL/images/judge_library/JUDGE_0280_three_sensor.png
JUDGE_0281,CP_000566,5883,9622,251,244,60.65839525879247,355.4438562864513,0.9106954069610762,0.0022216206526131,SAME,/kaggle/working/TMC2_OHRC_FINAL/images/judge_library/JUDGE_0281_three_sensor.png
JUDGE_0282,CP_000568,9474,11859,330,232,60.44607792143211,355.3751291263679,0.9105898909286912,0.0023328705819703,SAME,/kaggle/working/TMC2_OHRC_FINAL/images/judge_library/JUDGE_0282_three_sensor.png
JUDGE_0283,CP_000569,7340,10526,283,217,60.57154586682066,355.28852947910747,0.9105714637581565,0.0021400258233729,SAME,/kaggle/working/TMC2_OHRC_FINAL/images/judge_library/JUDGE_0283_three_sensor.png
JUDGE_0284,CP_000570,13865,14591,426,211,60.18681211230663,355.25411326632934,0.9105303910524702,0.0022730058973583,SAME,/kaggle/working/TMC2_OHRC_FINAL/images/judge_library/JUDGE_0284_three_sensor.png
JUDGE_0285,CP_000571,2498,7545,177,238,60.85645467345535,355.40985584087383,0.9104890322161788,0.0020046028375594,SAME,/kaggle/working/TMC2_OHRC_FINAL/images/judge_library/JUDGE_0285_three_sensor.png
JUDGE_0286,CP_000572,11501,13104,374,232,60.32757847479302,355.37472749206586,0.9104456889106002,0.0023653348328287,SAME,/kaggle/working/TMC2_OHRC_FINAL/images/judge_library/JUDGE_0286_three_sensor.png
JUDGE_0287,CP_000573,6774,10200,271,235,60.60439874460179,355.39181346260284,0.910420456690548,0.0021430269691123,SAME,/kaggle/working/TMC2_OHRC_FINAL/images/judge_library/JUDGE_0287_three_sensor.png
JUDGE_0288,CP_000575,2118,7290,169,220,60.87843207319986,355.3058605151364,0.91026141560132,0.0023642245979615,SAME,/kaggle/working/TMC2_OHRC_FINAL/images/judge_library/JUDGE_0288_three_sensor.png
JUDGE_0289,CP_000579,4535,8793,222,247,60.73710999960284,355.4615955986201,0.9100407432566712,0.0020588704357295,SAME,/kaggle/working/TMC2_OHRC_FINAL/images/judge_library/JUDGE_0289_three_sensor.png
JUDGE_0290,CP_000581,10842,12694,359,247,60.36747222845495,355.4610071421519,0.9100298133069674,0.0020348061432944,SAME,/kaggle/working/TMC2_OHRC_FINAL/images/judge_library/JUDGE_0290_three_sensor.png
JUDGE_0291,CP_000583,12787,13928,403,214,60.24962187942574,355.2708792278924,0.9098888004086482,0.0020303164039649,SAME,/kaggle/working/TMC2_OHRC_FINAL/images/judge_library/JUDGE_0291_three_sensor.png
JUDGE_0292,CP_000585,2096,7297,169,241,60.8794534163354,355.42749005484546,0.90976711459026,0.0023854876200104,SAME,/kaggle/working/TMC2_OHRC_FINAL/images/judge_library/JUDGE_0292_three_sensor.png
JUDGE_0293,CP_000587,12675,13852,400,235,60.2577463882383,355.39082350500274,0.9095826414243016,0.0023019413114257,SAME,/kaggle/working/TMC2_OHRC_FINAL/images/judge_library/JUDGE_0293_three_sensor.png
JUDGE_0294,CP_000589,12253,13598,391,220,60.28151193593388,355.3050741724755,0.9095552767184838,0.0020312698089108,SAME,/kaggle/working/TMC2_OHRC_FINAL/images/judge_library/JUDGE_0294_three_sensor.png
JUDGE_0295,CP_000590,6404,9948,262,226,60.62733156141525,355.3404854595511,0.9095004790489252,0.0019156770454379,SAME,/kaggle/working/TMC2_OHRC_FINAL/images/judge_library/JUDGE_0295_three_sensor.png
JUDGE_0296,CP_000591,7859,10865,295,238,60.54073727945846,355.4099236103397,0.9093544745971914,0.002101529146385,SAME,/kaggle/working/TMC2_OHRC_FINAL/images/judge_library/JUDGE_0296_three_sensor.png
JUDGE_0297,CP_000597,4367,8700,218,217,60.74576649716119,355.2885485903248,0.9090140340513232,0.0024152736226835,SAME,/kaggle/working/TMC2_OHRC_FINAL/images/judge_library/JUDGE_0297_three_sensor.png
JUDGE_0298,CP_000599,9994,12185,341,214,60.41500160224914,355.2706157217013,0.9087967962489956,0.0024289734278027,SAME,/kaggle/working/TMC2_OHRC_FINAL/images/judge_library/JUDGE_0298_three_sensor.png
JUDGE_0299,CP_000601,12685,13855,400,244,60.25780379710062,355.4423726774125,0.9087075304184145,0.0023423505080477,SAME,/kaggle/working/TMC2_OHRC_FINAL/images/judge_library/JUDGE_0299_three_sensor.png
JUDGE_0300,CP_000602,5992,9697,254,220,60.6502726639465,355.3059456160516,0.9086263030175096,0.0023406820677242,SAME,/kaggle/working/TMC2_OHRC_FINAL/images/judge_library/JUDGE_0300_three_sensor.png
JUDGE_0301,CP_000603,7575,10695,289,226,60.55657753252766,355.3400611739399,0.9086039263725658,0.0022075798370261,SAME,/kaggle/working/TMC2_OHRC_FINAL/images/judge_library/JUDGE_0301_three_sensor.png
JUDGE_0302,CP_000609,10832,12691,359,238,60.367418319177176,355.4093237142809,0.9084224585551366,0.0021866496233572,SAME,/kaggle/working/TMC2_OHRC_FINAL/images/judge_library/JUDGE_0302_three_sensor.png
JUDGE_0303,CP_000610,3167,7958,192,232,60.81661747357568,355.37487241006176,0.908383690603102,0.0023839436005296,SAME,/kaggle/working/TMC2_OHRC_FINAL/images/judge_library/JUDGE_0303_three_sensor.png
JUDGE_0304,CP_000615,11619,13182,377,217,60.319505428685424,355.2878524474049,0.9082210091683556,0.0022539248496107,SAME,/kaggle/working/TMC2_OHRC_FINAL/images/judge_library/JUDGE_0304_three_sensor.png
JUDGE_0305,CP_000618,13885,14597,427,229,60.1860632952712,355.3570251424855,0.9080735328948316,0.0021500170485962,SAME,/kaggle/working/TMC2_OHRC_FINAL/images/judge_library/JUDGE_0305_three_sensor.png
JUDGE_0306,CP_000619,91,6045,125,220,60.99693516217953,355.30594243133345,0.9080588915335032,0.0023476511642134,SAME,/kaggle/working/TMC2_OHRC_FINAL/images/judge_library/JUDGE_0306_three_sensor.png
JUDGE_0307,CP_000622,13466,14344,418,217,60.209850285121085,355.2879966504881,0.9080176635046248,0.0021544708689704,SAME,/kaggle/working/TMC2_OHRC_FINAL/images/judge_library/JUDGE_0307_three_sensor.png
JUDGE_0308,CP_000623,10126,12267,344,211,60.4070138784906,355.2537062112413,0.9080123357564516,0.002420082971936,SAME,/kaggle/working/TMC2_OHRC_FINAL/images/judge_library/JUDGE_0308_three_sensor.png
JUDGE_0309,CP_000624,7987,10946,298,232,60.53274028137224,355.3744915086588,0.907941484165436,0.0024297484840709,SAME,/kaggle/working/TMC2_OHRC_FINAL/images/judge_library/JUDGE_0309_three_sensor.png
JUDGE_0310,CP_000625,3846,8374,207,235,60.7768395635303,355.3921729980686,0.9078837815126825,0.0024408163318637,SAME,/kaggle/working/TMC2_OHRC_FINAL/images/judge_library/JUDGE_0310_three_sensor.png
JUDGE_0311,CP_000630,10291,12359,347,238,60.3992577621224,355.40865045066954,0.9074625398808538,0.002460886692531,SAME,/kaggle/working/TMC2_OHRC_FINAL/images/judge_library/JUDGE_0311_three_sensor.png
JUDGE_0312,CP_000631,7180,10449,280,235,60.58051643987584,355.39276930724105,0.907415850057702,0.0024141111905175,SAME,/kaggle/working/TMC2_OHRC_FINAL/images/judge_library/JUDGE_0312_three_sensor.png
JUDGE_0313,CP_000632,11352,13017,371,220,60.33544935680727,355.30498249944,0.9073169304229312,0.0022485248962383,SAME,/kaggle/working/TMC2_OHRC_FINAL/images/judge_library/JUDGE_0313_three_sensor.png
JUDGE_0314,CP_000634,8518,11275,309,223,60.50172965199925,355.32333920061075,0.9072268654470984,0.002465395275287,SAME,/kaggle/working/TMC2_OHRC_FINAL/images/judge_library/JUDGE_0314_three_sensor.png
JUDGE_0315,CP_000636,11362,13020,371,229,60.3355184857172,355.35661858565294,0.9071164124715556,0.0022730857398851,SAME,/kaggle/working/TMC2_OHRC_FINAL/images/judge_library/JUDGE_0315_three_sensor.png
JUDGE_0316,CP_000640,7457,10617,286,241,60.56463587838831,355.42745258880706,0.9069228182485743,0.0024245677118212,SAME,/kaggle/working/TMC2_OHRC_FINAL/images/judge_library/JUDGE_0316_three_sensor.png
JUDGE_0317,CP_000641,3579,8209,201,238,60.7927771047602,355.4095101019049,0.9068668580826968,0.0024827920864026,SAME,/kaggle/working/TMC2_OHRC_FINAL/images/judge_library/JUDGE_0317_three_sensor.png
JUDGE_0318,CP_000642,10004,12188,341,223,60.41507322351524,355.3223628485139,0.906742440741392,0.0024867441223966,SAME,/kaggle/working/TMC2_OHRC_FINAL/images/judge_library/JUDGE_0318_three_sensor.png
JUDGE_0319,CP_000644,6529,10028,265,217,60.61930408415799,355.28823104720755,0.9067249724135992,0.0022416156069627,SAME,/kaggle/working/TMC2_OHRC_FINAL/images/judge_library/JUDGE_0319_three_sensor.png
JUDGE_0320,CP_000645,1195,6716,148,241,60.93428820605289,355.42750124020205,0.9067227298710532,0.0024412517678684,SAME,/kaggle/working/TMC2_OHRC_FINAL/images/judge_library/JUDGE_0320_three_sensor.png
JUDGE_0321,CP_000647,7617,10694,289,223,60.55567178170698,355.32324592853894,0.9066347963060332,0.002402700665436,SAME,/kaggle/working/TMC2_OHRC_FINAL/images/judge_library/JUDGE_0321_three_sensor.png
JUDGE_0322,CP_000649,10153,12275,345,235,60.40630039620314,355.39224027912377,0.9064050505842802,0.0022177948214071,SAME,/kaggle/working/TMC2_OHRC_FINAL/images/judge_library/JUDGE_0322_three_sensor.png
JUDGE_0323,CP_000651,6796,10193,271,214,60.60336029581569,355.27100014620027,0.9061923596868432,0.0022991735266211,SAME,/kaggle/working/TMC2_OHRC_FINAL/images/judge_library/JUDGE_0323_three_sensor.png
JUDGE_0324,CP_000652,783,6465,139,235,60.9581306230697,355.39274672361233,0.906072949336107,0.0024774230890676,SAME,/kaggle/working/TMC2_OHRC_FINAL/images/judge_library/JUDGE_0324_three_sensor.png
JUDGE_0325,CP_000653,10693,12607,356,235,60.37536045211055,355.3912032547919,0.905964249037356,0.0024842607093825,SAME,/kaggle/working/TMC2_OHRC_FINAL/images/judge_library/JUDGE_0325_three_sensor.png
JUDGE_0326,CP_000654,11342,13014,371,211,60.33537765848295,355.25333826617594,0.9059568352137164,0.0023329052814773,SAME,/kaggle/working/TMC2_OHRC_FINAL/images/judge_library/JUDGE_0326_three_sensor.png
JUDGE_0327,CP_000655,516,6300,134,238,60.97317370433649,355.4101629762868,0.9058289099455452,0.0022112186353419,SAME,/kaggle/working/TMC2_OHRC_FINAL/images/judge_library/JUDGE_0327_three_sensor.png
JUDGE_0328,CP_000659,6931,10276,274,214,60.59540204984592,355.27076757396566,0.9056308909902184,0.0022845975300116,SAME,/kaggle/working/TMC2_OHRC_FINAL/images/judge_library/JUDGE_0328_three_sensor.png
JUDGE_0329,CP_000660,11996,13436,385,232,60.29752081515127,355.3737824007289,0.9054993518411252,0.0021220294498812,SAME,/kaggle/working/TMC2_OHRC_FINAL/images/judge_library/JUDGE_0329_three_sensor.png
JUDGE_0330,CP_000661,8136,11033,301,244,60.52485537153408,355.4445745130622,0.9054954611581876,0.002154409930277,SAME,/kaggle/working/TMC2_OHRC_FINAL/images/judge_library/JUDGE_0330_three_sensor.png
JUDGE_0331,CP_000662,5194,9203,236,232,60.69811842772369,355.3745453136462,0.9054844438834998,0.0025171776057386,SAME,/kaggle/working/TMC2_OHRC_FINAL/images/judge_library/JUDGE_0331_three_sensor.png
JUDGE_0332,CP_000664,10822,12688,359,229,60.36735635400032,355.3576322427589,0.9053198220504592,0.002366336639121,SAME,/kaggle/working/TMC2_OHRC_FINAL/images/judge_library/JUDGE_0332_three_sensor.png
JUDGE_0333,CP_000665,6788,10204,271,247,60.604466348582605,355.46229000565336,0.905317102730608,0.0024052437326681,SAME,/kaggle/working/TMC2_OHRC_FINAL/images/judge_library/JUDGE_0333_three_sensor.png
JUDGE_0334,CP_000666,5616,9457,245,247,60.67432884344812,355.46117365499003,0.9052248634624788,0.002501269441083,SAME,/kaggle/working/TMC2_OHRC_FINAL/images/judge_library/JUDGE_0334_three_sensor.png
JUDGE_0335,CP_000672,10535,12517,353,214,60.383157775217136,355.2713878442266,0.904805760925926,0.0024008884085829,SAME,/kaggle/working/TMC2_OHRC_FINAL/images/judge_library/JUDGE_0335_three_sensor.png
JUDGE_0336,CP_000675,9859,12102,338,214,60.422960118594666,355.2708505417392,0.904642013871794,0.0025199293284369,SAME,/kaggle/working/TMC2_OHRC_FINAL/images/judge_library/JUDGE_0336_three_sensor.png
JUDGE_0337,CP_000676,9180,11686,324,211,60.46183722166441,355.2536159596741,0.9046332006695944,0.0023716321254064,SAME,/kaggle/working/TMC2_OHRC_FINAL/images/judge_library/JUDGE_0337_three_sensor.png
JUDGE_0338,CP_000677,8795,11443,315,229,60.48585449107336,355.3579845563551,0.9045868593071208,0.0025358441814475,SAME,/kaggle/working/TMC2_OHRC_FINAL/images/judge_library/JUDGE_0338_three_sensor.png
JUDGE_0339,CP_000678,6262,9863,259,220,60.63524903300328,355.30546113498514,0.9044711480571026,0.0023304908057286,SAME,/kaggle/working/TMC2_OHRC_FINAL/images/judge_library/JUDGE_0339_three_sensor.png
JUDGE_0340,CP_000687,7610,10692,289,217,60.555627088317046,355.28805609668507,0.9039748118194668,0.0022588965673376,SAME,/kaggle/working/TMC2_OHRC_FINAL/images/judge_library/JUDGE_0340_three_sensor.png
JUDGE_0341,CP_000695,793,6468,139,244,60.958181977738,355.44519007786613,0.9034855467573832,0.0024017467570789,SAME,/kaggle/working/TMC2_OHRC_FINAL/images/judge_library/JUDGE_0341_three_sensor.png
JUDGE_0342,CP_000698,13354,14268,415,238,60.21796620071955,355.40782956682693,0.9034310311679786,0.002575138439579,SAME,/kaggle/working/TMC2_OHRC_FINAL/images/judge_library/JUDGE_0342_three_sensor.png
JUDGE_0343,CP_000699,11743,13275,380,247,60.31263749825752,355.4609023277346,0.9033351436408236,0.0023026670495499,SAME,/kaggle/working/TMC2_OHRC_FINAL/images/judge_library/JUDGE_0343_three_sensor.png
JUDGE_0344,CP_000700,7607,10691,289,214,60.55560030028605,355.2713215593489,0.9032798985067264,0.0024903684224764,SAME,/kaggle/working/TMC2_OHRC_FINAL/images/judge_library/JUDGE_0344_three_sensor.png
JUDGE_0345,CP_000705,13054,14093,409,211,60.23367742657938,355.25381034272954,0.9026921971829258,0.0021597336320997,SAME,/kaggle/working/TMC2_OHRC_FINAL/images/judge_library/JUDGE_0345_three_sensor.png
JUDGE_0346,CP_000706,4796,8956,227,238,60.72203114130886,355.4106530340255,0.9026340527758984,0.0023783152004637,SAME,/kaggle/working/TMC2_OHRC_FINAL/images/judge_library/JUDGE_0346_three_sensor.png
JUDGE_0347,CP_000707,11986,13433,385,223,60.29745629006081,355.3221849977115,0.9025253686080976,0.0021500563136986,SAME,/kaggle/working/TMC2_OHRC_FINAL/images/judge_library/JUDGE_0347_three_sensor.png
JUDGE_0348,CP_000708,5715,9529,248,214,60.66614202737082,355.27113607255296,0.902462930877927,0.0025429799722714,SAME,/kaggle/working/TMC2_OHRC_FINAL/images/judge_library/JUDGE_0348_three_sensor.png
JUDGE_0349,CP_000711,5873,9619,251,235,60.65834078436544,355.39178890693773,0.9023732262211196,0.0024518165789059,SAME,/kaggle/working/TMC2_OHRC_FINAL/images/judge_library/JUDGE_0349_three_sensor.png
JUDGE_0350,CP_000712,9315,11769,327,211,60.453879120431,355.25338572350444,0.9022850759445116,0.0024144984330905,SAME,/kaggle/working/TMC2_OHRC_FINAL/images/judge_library/JUDGE_0350_three_sensor.png
JUDGE_0351,CP_000715,11778,13272,380,238,60.31169896592306,355.40919236381234,0.9020609428530876,0.0026103169722395,SAME,/kaggle/working/TMC2_OHRC_FINAL/images/judge_library/JUDGE_0351_three_sensor.png
JUDGE_0352,CP_000717,6394,9945,262,217,60.627265914135016,355.2884655663704,0.9018741553867028,0.0023051382792227,SAME,/kaggle/working/TMC2_OHRC_FINAL/images/judge_library/JUDGE_0352_three_sensor.png
JUDGE_0353,CP_000720,12555,13760,397,208,60.26460614818128,355.23634325828647,0.9016898535336688,0.0022075555259711,SAME,/kaggle/working/TMC2_OHRC_FINAL/images/judge_library/JUDGE_0353_three_sensor.png
JUDGE_0354,CP_000726,5850,9612,251,214,60.6581838727299,355.2709022580584,0.9013686972695596,0.0026201568488529,SAME,/kaggle/working/TMC2_OHRC_FINAL/images/judge_library/JUDGE_0354_three_sensor.png
JUDGE_0355,CP_000729,13344,14265,415,229,60.21790524626604,355.3563326403498,0.901167690907592,0.0026305399869547,SAME,/kaggle/working/TMC2_OHRC_FINAL/images/judge_library/JUDGE_0355_three_sensor.png
JUDGE_0356,CP_000737,11327,13023,371,238,60.33646483184963,355.40834939561364,0.9008654867039484,0.0025461674967076,SAME,/kaggle/working/TMC2_OHRC_FINAL/images/judge_library/JUDGE_0356_three_sensor.png
JUDGE_0357,CP_000738,10812,12685,359,220,60.36728753184928,355.305953231838,0.9007212600048294,0.0025703550880262,SAME,/kaggle/working/TMC2_OHRC_FINAL/images/judge_library/JUDGE_0357_three_sensor.png
JUDGE_0358,CP_000742,13196,14178,412,217,60.22576828176702,355.288482388766,0.9005700921207126,0.0022242406037499,SAME,/kaggle/working/TMC2_OHRC_FINAL/images/judge_library/JUDGE_0358_three_sensor.png
JUDGE_0359,CP_000743,3421,8119,198,217,60.80059090754119,355.2884584324016,0.9003922054927843,0.0022908104533992,SAME,/kaggle/working/TMC2_OHRC_FINAL/images/judge_library/JUDGE_0359_three_sensor.png
JUDGE_0360,CP_000745,2900,7793,186,235,60.83255911894579,355.3922253204623,0.9003740907971174,0.0025147959839932,SAME,/kaggle/working/TMC2_OHRC_FINAL/images/judge_library/JUDGE_0360_three_sensor.png
JUDGE_0361,CP_000753,12655,13846,400,217,60.25760911888381,355.28773138164144,0.9001171092605391,0.0024246856186499,SAME,/kaggle/working/TMC2_OHRC_FINAL/images/judge_library/JUDGE_0361_three_sensor.png
JUDGE_0362,CP_000758,1185,6713,148,232,60.93423311267716,355.3750836447805,0.8995806627368675,0.0026761237039234,SAME,/kaggle/working/TMC2_OHRC_FINAL/images/judge_library/JUDGE_0362_three_sensor.png
JUDGE_0363,CP_000760,2508,7548,178,247,60.85560694330864,355.46216233624847,0.8992703803590069,0.0024838177794907,SAME,/kaggle/working/TMC2_OHRC_FINAL/images/judge_library/JUDGE_0363_three_sensor.png
JUDGE_0364,CP_000764,3556,8202,201,217,60.792631394005646,355.28822385188363,0.8992237760585274,0.0023359004872521,SAME,/kaggle/working/TMC2_OHRC_FINAL/images/judge_library/JUDGE_0364_three_sensor.png
JUDGE_0365,CP_000769,9187,11688,324,217,60.46188302548807,355.28872814183256,0.8990996898683006,0.0025186091560679,SAME,/kaggle/working/TMC2_OHRC_FINAL/images/judge_library/JUDGE_0365_three_sensor.png
JUDGE_0366,CP_000771,10703,12610,356,244,60.37541664391693,355.4429042792469,0.8987836665066851,0.0026963019731323,SAME,/kaggle/working/TMC2_OHRC_FINAL/images/judge_library/JUDGE_0366_three_sensor.png
JUDGE_0367,CP_000772,12153,13512,388,211,60.28851049350671,355.2536493739171,0.8987835617184301,0.0022659752260909,SAME,/kaggle/working/TMC2_OHRC_FINAL/images/judge_library/JUDGE_0367_three_sensor.png
JUDGE_0368,CP_000779,4100,8535,213,220,60.76081700984712,355.3058310289452,0.8982598361128625,0.002393507918375,SAME,/kaggle/working/TMC2_OHRC_FINAL/images/judge_library/JUDGE_0368_three_sensor.png
JUDGE_0369,CP_000784,12919,14010,406,211,60.24163542926408,355.25404304063403,0.8978157594302263,0.0022701248013393,SAME,/kaggle/working/TMC2_OHRC_FINAL/images/judge_library/JUDGE_0369_three_sensor.png
JUDGE_0370,CP_000788,4937,9041,230,244,60.71410976849052,355.4439862069942,0.8976284188778161,0.0026517682686699,SAME,/kaggle/working/TMC2_OHRC_FINAL/images/judge_library/JUDGE_0370_three_sensor.png
JUDGE_0371,CP_000789,12408,13687,394,238,60.273683429136014,355.4079604036045,0.8975753631683225,0.0025613750568125,SAME,/kaggle/working/TMC2_OHRC_FINAL/images/judge_library/JUDGE_0371_three_sensor.png
JUDGE_0372,CP_000791,4258,8625,216,241,60.752998052693336,355.4267654282905,0.897477653703459,0.0025703626463357,SAME,/kaggle/working/TMC2_OHRC_FINAL/images/judge_library/JUDGE_0372_three_sensor.png
JUDGE_0373,CP_000793,7877,10857,295,214,60.53968340476128,355.2708531440164,0.897435229888286,0.0025736222149191,SAME,/kaggle/working/TMC2_OHRC_FINAL/images/judge_library/JUDGE_0373_three_sensor.png
JUDGE_0374,CP_000794,9866,12104,339,220,60.42211212648554,355.3059249913645,0.8972645316420196,0.0023046898338837,SAME,/kaggle/working/TMC2_OHRC_FINAL/images/judge_library/JUDGE_0374_three_sensor.png
JUDGE_0375,CP_000795,8112,11026,300,223,60.52561259992064,355.322347402074,0.897123749410653,0.0024844839437554,SAME,/kaggle/working/TMC2_OHRC_FINAL/images/judge_library/JUDGE_0375_three_sensor.png
JUDGE_0376,CP_000796,12398,13684,394,229,60.273620511339054,355.3563961616287,0.8970891737255547,0.0025521322673907,SAME,/kaggle/working/TMC2_OHRC_FINAL/images/judge_library/JUDGE_0376_three_sensor.png
JUDGE_0377,CP_000800,11768,13269,380,229,60.31163642911063,355.3575787247233,0.8968631383908828,0.0027439445737491,SAME,/kaggle/working/TMC2_OHRC_FINAL/images/judge_library/JUDGE_0377_three_sensor.png
JUDGE_0378,CP_000803,5606,9454,245,238,60.67427818083879,355.40908879222707,0.8967293125152721,0.0026993000146659,SAME,/kaggle/working/TMC2_OHRC_FINAL/images/judge_library/JUDGE_0378_three_sensor.png
JUDGE_0379,CP_000805,12295,13597,391,217,60.28060264855184,355.28837050572355,0.8966361719976854,0.0020979760846185,SAME,/kaggle/working/TMC2_OHRC_FINAL/images/judge_library/JUDGE_0379_three_sensor.png
JUDGE_0380,CP_000818,13334,14262,415,220,60.21783491018101,355.304838149606,0.8956920317099435,0.0027465203740871,SAME,/kaggle/working/TMC2_OHRC_FINAL/images/judge_library/JUDGE_0380_three_sensor.png
JUDGE_0381,CP_000820,12285,13594,391,208,60.28052387571386,355.2368044888758,0.8955079648223996,0.0022840992037789,SAME,/kaggle/working/TMC2_OHRC_FINAL/images/judge_library/JUDGE_0381_three_sensor.png
JUDGE_0382,CP_000821,13087,14103,409,241,60.23390643628841,355.42495383084065,0.8953858400470417,0.002780939514578,SAME,/kaggle/working/TMC2_OHRC_FINAL/images/judge_library/JUDGE_0382_three_sensor.png
JUDGE_0383,CP_000828,13598,14426,421,214,60.20186383503856,355.2711697126527,0.8945438132876999,0.0023216001409831,SAME,/kaggle/working/TMC2_OHRC_FINAL/images/judge_library/JUDGE_0383_three_sensor.png
JUDGE_0384,CP_000832,13077,14100,409,232,60.23384657704192,355.3734399524142,0.8944283603108181,0.0028001606481725,SAME,/kaggle/working/TMC2_OHRC_FINAL/images/judge_library/JUDGE_0384_three_sensor.png
JUDGE_0385,CP_000833,5184,9200,236,223,60.69805541164527,355.32243948358433,0.8943813471127419,0.0028136963977291,SAME,/kaggle/working/TMC2_OHRC_FINAL/images/judge_library/JUDGE_0385_three_sensor.png
JUDGE_0386,CP_000837,4927,9038,230,235,60.714057145417314,355.39185050070705,0.8942131448383379,0.0028065909224917,SAME,/kaggle/working/TMC2_OHRC_FINAL/images/judge_library/JUDGE_0386_three_sensor.png
JUDGE_0387,CP_000846,13456,14341,418,208,60.20977084068468,355.2365229173116,0.8933114494750901,0.0024100532451087,SAME,/kaggle/working/TMC2_OHRC_FINAL/images/judge_library/JUDGE_0387_three_sensor.png
JUDGE_0388,CP_000847,12388,13681,394,220,60.27355202757534,355.30483423997794,0.893154482499591,0.0026034564144149,SAME,/kaggle/working/TMC2_OHRC_FINAL/images/judge_library/JUDGE_0388_three_sensor.png
JUDGE_0389,CP_000849,12562,13762,397,214,60.26465614448,355.2712742627719,0.8929680957619892,0.0024528795852206,SAME,/kaggle/working/TMC2_OHRC_FINAL/images/judge_library/JUDGE_0389_three_sensor.png
JUDGE_0390,CP_000854,1819,7129,163,235,60.89533684181166,355.3925253443005,0.8923650196697168,0.0028655190290449,SAME,/kaggle/working/TMC2_OHRC_FINAL/images/judge_library/JUDGE_0390_three_sensor.png
JUDGE_0391,CP_000864,13726,14507,423,208,60.1947465872661,355.236060963459,0.8915091035123407,0.0026556867916816,SAME,/kaggle/working/TMC2_OHRC_FINAL/images/judge_library/JUDGE_0391_three_sensor.png
JUDGE_0392,CP_000865,2121,7291,169,223,60.87845632912023,355.322723130817,0.8914251983839705,0.0026184159823047,SAME,/kaggle/working/TMC2_OHRC_FINAL/images/judge_library/JUDGE_0392_three_sensor.png
JUDGE_0393,CP_000866,1442,6875,154,220,60.91823085109189,355.30531627284813,0.8910930506585383,0.0028387875667977,SAME,/kaggle/working/TMC2_OHRC_FINAL/images/judge_library/JUDGE_0393_three_sensor.png
JUDGE_0394,CP_000870,94,6046,125,223,60.99695778875039,355.3228549302135,0.8907753190215908,0.0028943168159457,SAME,/kaggle/working/TMC2_OHRC_FINAL/images/judge_library/JUDGE_0394_three_sensor.png
JUDGE_0395,CP_000871,7447,10614,286,232,60.56457822481453,355.37551429863146,0.890697478793887,0.002758734112705,SAME,/kaggle/working/TMC2_OHRC_FINAL/images/judge_library/JUDGE_0395_three_sensor.png
JUDGE_0396,CP_000879,2520,7538,177,217,60.85542505688522,355.2882966165467,0.889886395017828,0.0025121667262032,SAME,/kaggle/working/TMC2_OHRC_FINAL/images/judge_library/JUDGE_0396_three_sensor.png
JUDGE_0397,CP_000880,6823,10201,271,238,60.60353217643629,355.41021679157103,0.8898673870535168,0.0026064960152688,SAME,/kaggle/working/TMC2_OHRC_FINAL/images/judge_library/JUDGE_0397_three_sensor.png
JUDGE_0398,CP_000885,8126,11030,301,235,60.52479822948592,355.3926867447024,0.8893687745314707,0.0024716837782051,SAME,/kaggle/working/TMC2_OHRC_FINAL/images/judge_library/JUDGE_0398_three_sensor.png
JUDGE_0399,CP_000886,11739,13274,380,244,60.3126236836201,355.4425478336698,0.88931950217304,0.0029490904345302,SAME,/kaggle/working/TMC2_OHRC_FINAL/images/judge_library/JUDGE_0399_three_sensor.png
JUDGE_0400,CP_000887,12690,13843,400,208,60.25664855894786,355.2361107941168,0.8893091808707162,0.0026937292129812,SAME,/kaggle/working/TMC2_OHRC_FINAL/images/judge_library/JUDGE_0400_three_sensor.png
JUDGE_0401,CP_000890,9856,12101,338,211,60.42293520821324,355.2541802327283,0.888799208904211,0.002619307933639,SAME,/kaggle/working/TMC2_OHRC_FINAL/images/judge_library/JUDGE_0401_three_sensor.png
JUDGE_0402,CP_000900,12006,13439,386,241,60.29668736792064,355.4253818026712,0.8883835957923282,0.0029752407157647,SAME,/kaggle/working/TMC2_OHRC_FINAL/images/judge_library/JUDGE_0402_three_sensor.png
JUDGE_0403,CP_000902,13736,14510,423,217,60.194827457326056,355.2875181884862,0.8882762260323666,0.0028213529506444,SAME,/kaggle/working/TMC2_OHRC_FINAL/images/judge_library/JUDGE_0403_three_sensor.png
JUDGE_0404,CP_000910,3157,7955,192,223,60.81655696001637,355.3226114705105,0.8873208849985111,0.0029157230649535,SAME,/kaggle/working/TMC2_OHRC_FINAL/images/judge_library/JUDGE_0404_three_sensor.png
JUDGE_0405,CP_000914,21,5968,122,238,61.00412827304024,355.4111095657217,0.8871428578009881,0.0030010399777919,SAME,/kaggle/working/TMC2_OHRC_FINAL/images/judge_library/JUDGE_0405_three_sensor.png
JUDGE_0406,CP_000916,13324,14259,415,211,60.21775824432183,355.25334535615383,0.8869495837920608,0.0029141461322375,SAME,/kaggle/working/TMC2_OHRC_FINAL/images/judge_library/JUDGE_0406_three_sensor.png
JUDGE_0407,CP_000917,4505,8784,221,220,60.73783197069587,355.30511847061166,0.8869229504103782,0.0029560185533163,SAME,/kaggle/working/TMC2_OHRC_FINAL/images/judge_library/JUDGE_0407_three_sensor.png
JUDGE_0408,CP_000924,2385,7455,174,217,60.8633844466844,355.2885304175164,0.8864447100136451,0.0025296713500831,SAME,/kaggle/working/TMC2_OHRC_FINAL/images/judge_library/JUDGE_0408_three_sensor.png
JUDGE_0409,CP_000925,2086,7294,169,232,60.87939904006063,355.37514979797083,0.886418648815442,0.0030211137688665,SAME,/kaggle/working/TMC2_OHRC_FINAL/images/judge_library/JUDGE_0409_three_sensor.png
JUDGE_0410,CP_000930,11,5965,122,229,61.00407287980119,355.3586086185216,0.8859474836562471,0.0028895429038387,SAME,/kaggle/working/TMC2_OHRC_FINAL/images/judge_library/JUDGE_0410_three_sensor.png
JUDGE_0411,CP_000933,13057,14094,409,214,60.233705436483184,355.2704086805602,0.885358014716385,0.0029747429449332,SAME,/kaggle/working/TMC2_OHRC_FINAL/images/judge_library/JUDGE_0411_three_sensor.png
JUDGE_0412,CP_000944,1175,6710,148,223,60.93417251369303,355.3226785398933,0.8842351813701719,0.0030747050878152,SAME,/kaggle/working/TMC2_OHRC_FINAL/images/judge_library/JUDGE_0412_three_sensor.png
JUDGE_0413,CP_000947,13186,14175,412,208,60.22568900059255,355.2369822933975,0.8838415932878916,0.0025724505246402,SAME,/kaggle/working/TMC2_OHRC_FINAL/images/judge_library/JUDGE_0413_three_sensor.png
JUDGE_0414,CP_000958,24,5969,122,241,61.00414610041716,355.4280258760984,0.8829484414117559,0.0031084655432659,SAME,/kaggle/working/TMC2_OHRC_FINAL/images/judge_library/JUDGE_0414_three_sensor.png
JUDGE_0415,CP_000963,14,5966,122,232,61.0040917058332,355.37552422237326,0.8826576210993684,0.0028144246684148,SAME,/kaggle/working/TMC2_OHRC_FINAL/images/judge_library/JUDGE_0415_three_sensor.png
JUDGE_0416,CP_000968,5445,9363,242,214,60.68206191112749,355.27160992730177,0.8820745172389499,0.0030490570998143,SAME,/kaggle/working/TMC2_OHRC_FINAL/images/judge_library/JUDGE_0416_three_sensor.png
JUDGE_0417,CP_000969,13756,14516,424,235,60.194067017825496,355.39044918940834,0.8818404763783994,0.0031181429475282,SAME,/kaggle/working/TMC2_OHRC_FINAL/images/judge_library/JUDGE_0417_three_sensor.png
JUDGE_0418,CP_000970,13766,14519,424,244,60.19412637765303,355.44192311769484,0.8817060119783644,0.0031084611765414,SAME,/kaggle/working/TMC2_OHRC_FINAL/images/judge_library/JUDGE_0418_three_sensor.png
JUDGE_0419,CP_000971,1,5962,122,220,61.00400918332974,355.3060998907454,0.8812442449971352,0.0028007446201696,SAME,/kaggle/working/TMC2_OHRC_FINAL/images/judge_library/JUDGE_0419_three_sensor.png
JUDGE_0420,CP_000972,4248,8622,216,232,60.75294234881549,355.3745890925051,0.8807915994116984,0.0031048633589459,SAME,/kaggle/working/TMC2_OHRC_FINAL/images/judge_library/JUDGE_0420_three_sensor.png
JUDGE_0421,CP_000975,12021,13430,385,214,60.29649813529674,355.27051114413257,0.8802235639463133,0.0031027114463691,SAME,/kaggle/working/TMC2_OHRC_FINAL/images/judge_library/JUDGE_0421_three_sensor.png
JUDGE_0422,CP_000987,11729,13271,380,235,60.31256685803834,355.39093128415306,0.8791884792294473,0.003205610668347,SAME,/kaggle/working/TMC2_OHRC_FINAL/images/judge_library/JUDGE_0422_three_sensor.png
JUDGE_0423,CP_000996,8775,11437,315,211,60.48571285903132,355.2543110465165,0.878651084778999,0.0031610674563866,SAME,/kaggle/working/TMC2_OHRC_FINAL/images/judge_library/JUDGE_0423_three_sensor.png
JUDGE_0424,CP_000999,5853,9613,251,217,60.65821035927897,355.2876809465042,0.8785651812682573,0.0031620726799612,SAME,/kaggle/working/TMC2_OHRC_FINAL/images/judge_library/JUDGE_0424_three_sensor.png
JUDGE_0425,CP_001002,12423,13678,394,211,60.27259302662171,355.25318578939624,0.8781159636883056,0.0031367090543937,SAME,/kaggle/working/TMC2_OHRC_FINAL/images/judge_library/JUDGE_0425_three_sensor.png
JUDGE_0426,CP_001007,31,5971,122,247,61.00417418740194,355.46362301697286,0.8766865431723094,0.0031306042666728,SAME,/kaggle/working/TMC2_OHRC_FINAL/images/judge_library/JUDGE_0426_three_sensor.png
JUDGE_0427,CP_001018,4238,8619,215,223,60.7537750948168,355.3224046138186,0.8749610479848077,0.0032223403090715,SAME,/kaggle/working/TMC2_OHRC_FINAL/images/judge_library/JUDGE_0427_three_sensor.png
JUDGE_0428,CP_001023,4,5963,122,223,61.00403306627242,355.3230247736481,0.8743702961796649,0.0027642171910545,SAME,/kaggle/working/TMC2_OHRC_FINAL/images/judge_library/JUDGE_0428_three_sensor.png
JUDGE_0429,CP_001024,6532,10029,265,220,60.61932825342922,355.30498684221953,0.8740947975220683,0.0033448423330145,SAME,/kaggle/working/TMC2_OHRC_FINAL/images/judge_library/JUDGE_0429_three_sensor.png
JUDGE_0430,CP_001027,5586,9448,245,220,60.67415367590946,355.30493625626895,0.8737485308573345,0.0033289714708677,SAME,/kaggle/working/TMC2_OHRC_FINAL/images/judge_library/JUDGE_0430_three_sensor.png
JUDGE_0431,CP_001034,7839,10859,295,220,60.54061135176496,355.3061102465622,0.873101579977563,0.0027734763228373,SAME,/kaggle/working/TMC2_OHRC_FINAL/images/judge_library/JUDGE_0431_three_sensor.png
JUDGE_0432,CP_001037,4907,9032,230,217,60.713930368059295,355.28759617378364,0.8729209341329078,0.0033804645337214,SAME,/kaggle/working/TMC2_OHRC_FINAL/images/judge_library/JUDGE_0432_three_sensor.png
JUDGE_0433,CP_001038,496,6294,133,220,60.97395046119794,355.3052277100535,0.8728780308523435,0.0033672810949252,SAME,/kaggle/working/TMC2_OHRC_FINAL/images/judge_library/JUDGE_0433_three_sensor.png
JUDGE_0434,CP_001039,7201,10442,280,214,60.57948233503569,355.27030225152134,0.8728485672291033,0.003259542075657,SAME,/kaggle/working/TMC2_OHRC_FINAL/images/judge_library/JUDGE_0434_three_sensor.png
JUDGE_0435,CP_001060,6421,9953,262,241,60.62742961298011,355.42776092872947,0.8683890120110694,0.003124902007396,SAME,/kaggle/working/TMC2_OHRC_FINAL/images/judge_library/JUDGE_0435_three_sensor.png
JUDGE_0436,CP_001063,2790,7704,183,217,60.839508116831816,355.2878176735396,0.8680748862649796,0.0034083772056245,SAME,/kaggle/working/TMC2_OHRC_FINAL/images/judge_library/JUDGE_0436_three_sensor.png
JUDGE_0437,CP_001069,3826,8368,207,217,60.77671408850035,355.2877552575144,0.8669299598706548,0.0035310048810522,SAME,/kaggle/working/TMC2_OHRC_FINAL/images/judge_library/JUDGE_0437_three_sensor.png
JUDGE_0438,CP_001070,3559,8203,201,220,60.79265630886331,355.30504753809265,0.866905297041121,0.0035325945670257,SAME,/kaggle/working/TMC2_OHRC_FINAL/images/judge_library/JUDGE_0438_three_sensor.png
JUDGE_0439,CP_001072,8237,11106,303,214,60.51758247761293,355.2702320059146,0.8667439698685719,0.0033635836821629,SAME,/kaggle/working/TMC2_OHRC_FINAL/images/judge_library/JUDGE_0439_three_sensor.png
JUDGE_0440,CP_001086,6934,10277,274,217,60.59542871872232,355.2875151255262,0.8635449707729104,0.0035895473893035,SAME,/kaggle/working/TMC2_OHRC_FINAL/images/judge_library/JUDGE_0440_three_sensor.png
JUDGE_0441,CP_001100,1980,7206,166,217,60.886365297992064,355.2892322852171,0.861713423189898,0.0036297925409037,SAME,/kaggle/working/TMC2_OHRC_FINAL/images/judge_library/JUDGE_0441_three_sensor.png
JUDGE_0442,CP_001101,8649,11357,312,220,60.493752299681205,355.30466511821004,0.8617012293068682,0.003634886459343,SAME,/kaggle/working/TMC2_OHRC_FINAL/images/judge_library/JUDGE_0442_three_sensor.png
JUDGE_0443,CP_001104,9328,11773,327,223,60.45397642479867,355.3218646811734,0.8610847061891084,0.0037010838230169,SAME,/kaggle/working/TMC2_OHRC_FINAL/images/judge_library/JUDGE_0443_three_sensor.png
JUDGE_0444,CP_001108,6265,9864,259,223,60.63527274835934,355.32223256529625,0.8600567172229291,0.0037304550678012,SAME,/kaggle/working/TMC2_OHRC_FINAL/images/judge_library/JUDGE_0444_three_sensor.png
JUDGE_0445,CP_001112,6275,9867,259,232,60.63533513896312,355.3742619711599,0.8596994164496665,0.003727448179366,SAME,/kaggle/working/TMC2_OHRC_FINAL/images/judge_library/JUDGE_0445_three_sensor.png
JUDGE_0446,CP_001125,6255,9861,259,214,60.63520203318981,355.2702051606827,0.8576995590594335,0.0037946660722983,SAME,/kaggle/working/TMC2_OHRC_FINAL/images/judge_library/JUDGE_0446_three_sensor.png
JUDGE_0447,CP_001129,2523,7539,177,220,60.8554485221926,355.30515122909264,0.8570974335203002,0.0037857909481608,SAME,/kaggle/working/TMC2_OHRC_FINAL/images/judge_library/JUDGE_0447_three_sensor.png
JUDGE_0448,CP_001130,11622,13183,377,220,60.31953048898952,355.3044894310154,0.8570596989898123,0.0036411308467154,SAME,/kaggle/working/TMC2_OHRC_FINAL/images/judge_library/JUDGE_0448_three_sensor.png
JUDGE_0449,CP_001135,11612,13180,377,211,60.31945609469924,355.25287163564343,0.8562780421040482,0.0036864811976342,SAME,/kaggle/working/TMC2_OHRC_FINAL/images/judge_library/JUDGE_0449_three_sensor.png
JUDGE_0450,CP_001138,7301,10528,283,223,60.572476913097205,355.3220891739681,0.8552540644677373,0.0038232252520733,SAME,/kaggle/working/TMC2_OHRC_FINAL/images/judge_library/JUDGE_0450_three_sensor.png
JUDGE_0451,CP_001141,7970,10941,297,217,60.5335271958769,355.28742451012204,0.8545851861440723,0.0036368589765964,SAME,/kaggle/working/TMC2_OHRC_FINAL/images/judge_library/JUDGE_0451_three_sensor.png
JUDGE_0452,CP_001146,10666,12599,356,211,60.37517787456581,355.2527773808945,0.8530552494718353,0.0039179146953182,SAME,/kaggle/working/TMC2_OHRC_FINAL/images/judge_library/JUDGE_0452_three_sensor.png
JUDGE_0453,CP_001148,9318,11770,327,214,60.45390521121451,355.27007658808753,0.8526368991825474,0.0039296826884545,SAME,/kaggle/working/TMC2_OHRC_FINAL/images/judge_library/JUDGE_0453_three_sensor.png
JUDGE_0454,CP_001156,28,5970,122,244,61.00415924255077,355.4467060665961,0.8509637934009693,0.0038620666156531,SAME,/kaggle/working/TMC2_OHRC_FINAL/images/judge_library/JUDGE_0454_three_sensor.png
JUDGE_0455,CP_001163,9997,12186,341,217,60.41502753215392,355.2872937122517,0.8489219761586143,0.0039844611874042,SAME,/kaggle/working/TMC2_OHRC_FINAL/images/judge_library/JUDGE_0455_three_sensor.png
JUDGE_0456,CP_001169,11345,13015,371,214,60.33540410462272,355.26997994222626,0.8481031026694659,0.0039694940851649,SAME,/kaggle/working/TMC2_OHRC_FINAL/images/judge_library/JUDGE_0456_three_sensor.png
JUDGE_0457,CP_001185,17,5967,122,235,61.00411366538162,355.3924400527499,0.8452956283663179,0.0038607438740074,SAME,/kaggle/working/TMC2_OHRC_FINAL/images/judge_library/JUDGE_0457_three_sensor.png
JUDGE_0458,CP_001244,8550,11271,309,211,60.50075007274261,355.25469687853257,0.8211032205821834,0.0045467427583619,SAME,/kaggle/working/TMC2_OHRC_FINAL/images/judge_library/JUDGE_0458_three_sensor.png
JUDGE_0459,CP_001253,1710,7040,160,217,60.90228311252465,355.2897114617658,0.812582641448665,0.0049781982602484,SAME,/kaggle/working/TMC2_OHRC_FINAL/images/judge_library/JUDGE_0459_three_sensor.png
JUDGE_0460,CP_001258,11745,13262,379,208,60.31235997977903,355.2377239528295,0.8062980125892292,0.0048320922737347,SAME,/kaggle/working/TMC2_OHRC_FINAL/images/judge_library/JUDGE_0460_three_sensor.png
JUDGE_0461,CP_001261,5040,9114,233,214,60.70593840746847,355.2723053389274,0.8060589045912753,0.005169446602241,SAME,/kaggle/working/TMC2_OHRC_FINAL/images/judge_library/JUDGE_0461_three_sensor.png
JUDGE_0462,CP_001319,11475,13096,374,208,60.3273837332132,355.2381842403688,0.7639074883210815,0.0062247440139529,SAME,/kaggle/working/TMC2_OHRC_FINAL/images/judge_library/JUDGE_0462_three_sensor.png
JUDGE_0463,CP_001330,4770,8948,227,214,60.72185871465757,355.2727706391417,0.7530350041812901,0.0065809071836707,SAME,/kaggle/working/TMC2_OHRC_FINAL/images/judge_library/JUDGE_0463_three_sensor.png
JUDGE_0464,CP_001338,13947,14685,430,244,60.17997068027295,355.4432539476965,0.7475385593018937,0.0063494890599417,SAME,/kaggle/working/TMC2_OHRC_FINAL/images/judge_library/JUDGE_0464_three_sensor.png
JUDGE_0465,CP_001341,8145,11022,300,211,60.5246285020552,355.2553911720416,0.7465873318663594,0.0065132278045534,SAME,/kaggle/working/TMC2_OHRC_FINAL/images/judge_library/JUDGE_0465_three_sensor.png
JUDGE_0466,CP_001342,13940,14683,430,238,60.17993369274541,355.40838665170963,0.7455083853390615,0.0065254069441591,SAME,/kaggle/working/TMC2_OHRC_FINAL/images/judge_library/JUDGE_0466_three_sensor.png
JUDGE_0467,CP_001346,13943,14684,430,241,60.17995539515251,355.42495974137995,0.7425569840344155,0.0067503971431785,SAME,/kaggle/working/TMC2_OHRC_FINAL/images/judge_library/JUDGE_0467_three_sensor.png
JUDGE_0468,CP_001352,1305,6791,151,217,60.92616149142216,355.2904121909248,0.7356561280136813,0.0070491523232623,SAME,/kaggle/working/TMC2_OHRC_FINAL/images/judge_library/JUDGE_0468_three_sensor.png
JUDGE_0469,CP_001366,11205,12930,368,208,60.343302516910775,355.23864572164985,0.7129538088258471,0.0076274715510885,SAME,/kaggle/working/TMC2_OHRC_FINAL/images/judge_library/JUDGE_0469_three_sensor.png
JUDGE_0470,CP_001382,1035,6625,145,217,60.9420798973089,355.2908897305985,0.6830934435165223,0.0084407510776142,SAME,/kaggle/working/TMC2_OHRC_FINAL/images/judge_library/JUDGE_0470_three_sensor.png
JUDGE_0471,CP_001384,7740,10773,292,211,60.54761010071536,355.25609534974336,0.6769695733630039,0.0085598214236138,SAME,/kaggle/working/TMC2_OHRC_FINAL/images/judge_library/JUDGE_0471_three_sensor.png
JUDGE_0472,CP_001387,4365,8699,218,214,60.74573647615683,355.27348103445183,0.6721497942882539,0.00869275914568,SAME,/kaggle/working/TMC2_OHRC_FINAL/images/judge_library/JUDGE_0472_three_sensor.png
JUDGE_0473,CP_001395,10800,12681,359,208,60.36717874088428,355.2393346291589,0.6342344693000646,0.0097535910689622,SAME,/kaggle/working/TMC2_OHRC_FINAL/images/judge_library/JUDGE_0473_three_sensor.png
JUDGE_0474,CP_001397,7470,10607,286,211,60.563528973480366,355.256559364891,0.626467426561877,0.0099400746887503,SAME,/kaggle/working/TMC2_OHRC_FINAL/images/judge_library/JUDGE_0474_three_sensor.png
JUDGE_0475,CP_001399,4140,8533,212,214,60.760771788405016,355.27386805252627,0.6137404818207327,0.0100409765240469,SAME,/kaggle/working/TMC2_OHRC_FINAL/images/judge_library/JUDGE_0475_three_sensor.png
JUDGE_0476,CP_001401,630,6376,136,217,60.96595669297398,355.2915929485075,0.6028954780379233,0.0105296160612498,SAME,/kaggle/working/TMC2_OHRC_FINAL/images/judge_library/JUDGE_0476_three_sensor.png
JUDGE_0477,CP_001414,10530,12515,353,208,60.383097895982615,355.23979486342324,0.5807245327020939,0.0111727533707588,SAME,/kaggle/working/TMC2_OHRC_FINAL/images/judge_library/JUDGE_0477_three_sensor.png
JUDGE_0478,CP_001423,7065,10358,277,211,60.58740532691303,355.25725370559167,0.5487966313338764,0.0120320492843496,SAME,/kaggle/working/TMC2_OHRC_FINAL/images/judge_library/JUDGE_0478_three_sensor.png
JUDGE_0479,CP_001424,360,6210,130,217,60.981876879864,355.29207061776464,0.5484226671939678,0.0119293538905696,SAME,/kaggle/working/TMC2_OHRC_FINAL/images/judge_library/JUDGE_0479_three_sensor.png
JUDGE_0480,CP_001425,3735,8284,204,214,60.783754057610025,355.27456499156864,0.54599944599637,0.012086117403845,SAME,/kaggle/working/TMC2_OHRC_FINAL/images/judge_library/JUDGE_0480_three_sensor.png
JUDGE_0481,CP_001439,6795,10192,271,211,60.603324800844696,355.2577152120727,0.495785551566183,0.0134378274623344,SAME,/kaggle/working/TMC2_OHRC_FINAL/images/judge_library/JUDGE_0481_three_sensor.png
JUDGE_0482,CP_001442,13933,14764,432,232,60.17547910640286,355.3735031668634,0.4915055803263941,0.0131996764557499,SAME,/kaggle/working/TMC2_OHRC_FINAL/images/judge_library/JUDGE_0482_three_sensor.png
JUDGE_0483,CP_001444,13930,14763,432,229,60.17545518737492,355.35692205526703,0.4889149700461505,0.0133245803476499,SAME,/kaggle/working/TMC2_OHRC_FINAL/images/judge_library/JUDGE_0483_three_sensor.png
JUDGE_0484,CP_001445,12419,13691,394,249,60.27375676255278,355.4708177940979,0.488459452909995,0.0135904192322033,SAME,/kaggle/working/TMC2_OHRC_FINAL/images/judge_library/JUDGE_0484_three_sensor.png
JUDGE_0485,CP_001446,13936,14765,432,235,60.17549982079846,355.3900844834597,0.4847612932060247,0.0133212050007057,SAME,/kaggle/working/TMC2_OHRC_FINAL/images/judge_library/JUDGE_0485_three_sensor.png
JUDGE_0486,CP_001447,13923,14761,432,223,60.17541083799488,355.3220599812051,0.4808886672260264,0.0134097257968176,SAME,/kaggle/working/TMC2_OHRC_FINAL/images/judge_library/JUDGE_0486_three_sensor.png
JUDGE_0487,CP_001448,13920,14760,432,220,60.17538449558776,355.3054796558088,0.4769131485248712,0.0135755253094025,SAME,/kaggle/working/TMC2_OHRC_FINAL/images/judge_library/JUDGE_0487_three_sensor.png
JUDGE_0488,CP_001451,0,5961,122,217,61.00397555342719,355.29269215889207,0.4740769056832864,0.0140008424718765,SAME,/kaggle/working/TMC2_OHRC_FINAL/images/judge_library/JUDGE_0488_three_sensor.png
JUDGE_0489,CP_001452,3330,8035,195,214,60.80763264434086,355.2752735848037,0.4693512943447465,0.0141505640740826,SAME,/kaggle/working/TMC2_OHRC_FINAL/images/judge_library/JUDGE_0489_three_sensor.png
JUDGE_0490,CP_001453,13913,14758,432,214,60.175336917606806,355.27061883175526,0.4692802146174725,0.0136457805267508,SAME,/kaggle/working/TMC2_OHRC_FINAL/images/judge_library/JUDGE_0490_three_sensor.png
JUDGE_0491,CP_001456,13916,14759,432,217,60.17536354044816,355.2871988371516,0.465615408376467,0.0136789599858676,SAME,/kaggle/working/TMC2_OHRC_FINAL/images/judge_library/JUDGE_0491_three_sensor.png
JUDGE_0492,CP_001458,13910,14757,432,211,60.1753087511997,355.2540389286424,0.4640656390467873,0.0138485615069282,SAME,/kaggle/working/TMC2_OHRC_FINAL/images/judge_library/JUDGE_0492_three_sensor.png
JUDGE_0493,CP_001460,13906,14756,432,208,60.17528511222676,355.2357589242517,0.4545112455469875,0.013898626222832,SAME,/kaggle/working/TMC2_OHRC_FINAL/images/judge_library/JUDGE_0493_three_sensor.png
JUDGE_0494,CP_001467,3060,7869,189,214,60.8235496838152,355.275737551943,0.4169931158515852,0.0155401770331769,SAME,/kaggle/working/TMC2_OHRC_FINAL/images/judge_library/JUDGE_0494_three_sensor.png
JUDGE_0495,CP_001469,6390,9943,262,211,60.6272013229382,355.2584069848317,0.4147597327067918,0.0155545708535048,SAME,/kaggle/working/TMC2_OHRC_FINAL/images/judge_library/JUDGE_0495_three_sensor.png
JUDGE_0496,CP_001479,6120,9777,256,211,60.64312236144146,355.2588772334471,0.3597590348108103,0.0169722177044654,SAME,/kaggle/working/TMC2_OHRC_FINAL/images/judge_library/JUDGE_0496_three_sensor.png
JUDGE_0497,CP_001481,13049,14106,409,249,60.234847286552885,355.46951159603367,0.3581527604519238,0.0171016552326532,SAME,/kaggle/working/TMC2_OHRC_FINAL/images/judge_library/JUDGE_0497_three_sensor.png
JUDGE_0498,CP_001485,2655,7620,180,214,60.8474243100737,355.2764368959854,0.337347316369164,0.0176224334401648,SAME,/kaggle/working/TMC2_OHRC_FINAL/images/judge_library/JUDGE_0498_three_sensor.png
JUDGE_0499,CP_001493,13319,14272,415,249,60.21892876811561,355.46896857311805,0.3056573981050139,0.0184840436966021,SAME,/kaggle/working/TMC2_OHRC_FINAL/images/judge_library/JUDGE_0499_three_sensor.png
JUDGE_0500,CP_001506,2385,7454,174,214,60.86334178510628,355.2769119056508,0.2832078511820443,0.0190191748519324,SAME,/kaggle/working/TMC2_OHRC_FINAL/images/judge_library/JUDGE_0500_three_sensor.png
