Common_Point_ID,Patch_ID,Dataset_Index,Patch_Row,Patch_Col,Scan_Start,Scan_End,Pixel_Start,Pixel_End,OHRC_tile_id,IIRS_row,IIRS_col,Common_Latitude,Common_Longitude,Latitude,Longitude_360,OHRC_lat,OHRC_lon,IIRS_lat,IIRS_lon,OHRC_distance_deg,IIRS_distance_deg,OHRC_IIRS_distance_deg,Max_Sensor_Separation_deg,Consistency_Score,ThreeSensor_Common
CP_000001,8211,8211,98,77,4704,4751,3696,3743,3586,201,244,60.792809607098455,355.4449138701305,60.7927454205,355.44493325612507,60.79300838248481,355.4447094773134,60.792675,355.4451,0.00034529112646435045,0.00017996312668311276,0.0005126048693804862,0.0005126048693804862,0.9806192001011447,True
CP_000002,8128,8128,97,77,4656,4703,3696,3743,3451,198,244,60.80076887672481,355.4451835874318,60.80061767349999,355.44497277455,60.80095348304162,355.4454485932141,60.800735,355.44513,0.0005823842797829994,0.00019597624808024832,0.0003865435311406953,0.0005823842797829994,0.9781588957651632,True
CP_000003,7963,7963,95,78,4560,4607,3744,3791,3184,192,247,60.81670450497585,355.46255709896144,60.816375649,355.46258711975,60.81679755831036,355.46262079822804,60.81694,355.46246,0.0004232513509149673,0.0005780580856464126,0.00021250460576967452,0.0005780580856464126,0.9776015984002817,True
CP_000004,8376,8376,100,76,4800,4847,3648,3695,3853,207,241,60.776873630726165,355.4275648898847,60.77698674250001,355.427343332525,60.77716396535232,355.42755592697284,60.77647,355.4278,0.0002767748879959499,0.00068644484964825,0.0007339511614412926,0.0007339511614412926,0.9696109742434151,True
CP_000005,7960,7960,95,75,4560,4607,3600,3647,3174,192,238,60.816654097150774,355.41029221107675,60.8163300721225,355.40998558295,60.8169513111267,355.4103075541865,60.81668,355.41058,0.0006997166408344235,0.0006932431629105755,0.000386343988256085,0.0006997166408344235,0.9690122445895563,True
CP_000006,8046,8046,96,78,4608,4655,3744,3791,3319,195,247,60.80874635553948,355.4622951293497,60.8085028735,355.46254405775005,60.80885252612628,355.4618779513927,60.808884,355.46246,0.000752299566914006,0.0003892463995106953,0.0005862551723933988,0.000752299566914006,0.9689987411783487,True
CP_000007,6051,6051,72,75,3456,3503,3600,3647,111,125,238,60.99705309761723,355.4109381245991,60.997394160000006,355.41068813215,60.99709154886734,355.4110849818815,60.996674,355.41104,0.0004990623277666468,0.0008024518098925115,0.0004202454839835399,0.0008024518098925115,0.9684473571058099,True
CP_000008,8544,8544,102,78,4896,4943,3744,3791,4130,213,247,60.76098946074327,355.4624134331369,60.7612727005,355.462286019125,60.761167117276656,355.46264348927,60.76053,355.4623,0.0003727367994337944,0.0007445482541962946,0.0007200262751583822,0.0007445482541962946,0.9677267552126904,True
CP_000009,6054,6054,72,78,3456,3503,3744,3791,121,125,247,60.997100344991175,355.4634344924689,60.997439236162506,355.46358014575003,60.996932630109846,355.4636801187659,60.99693,355.46304,0.0005163761192179015,0.0007405847086054951,0.0006369152811303732,0.0007405847086054951,0.9670692397805092,True
CP_000010,6137,6137,73,78,3504,3551,3744,3791,256,128,247,60.989142087543065,355.46316433210086,60.989566205,355.463539298125,60.98898752955303,355.4629410028652,60.988873,355.463,0.0008323595922657388,0.0008709180195561121,0.000135518067725714,0.0008709180195561121,0.9661285787612041,True
CP_000011,11615,11612,139,78,6672,6719,3744,3791,9085,321,247,60.47004975410818,355.4611159116552,60.469976922,355.46070720675004,60.46977820580307,355.4612452645436,60.470394,355.4614,0.0005735802612862918,0.000804666773119376,0.0006339305361416054,0.000804666773119376,0.9647894457041669,True
CP_000012,10453,10453,125,78,6000,6047,3744,3791,7193,280,247,60.580590586158955,355.4614702663269,60.5801959148625,355.46131911475,60.58103614024522,355.4613607271995,60.58054,355.46173,0.0008412551870380896,0.0005364742323140773,0.0006192896739266405,0.0008412551870380896,0.9645215714960388,True
CP_000013,7795,7795,93,76,4464,4511,3648,3695,2907,186,241,60.83259276001502,355.4276569347533,60.83209315443749,355.42758351375005,60.83279556872279,355.4274698100413,60.83289,355.42792,0.0007115577008038602,0.0008635917016911243,0.0004574304167749925,0.0008635917016911243,0.9637978559879862,True
CP_000014,11863,11858,142,77,6816,6863,3696,3743,9487,330,244,60.44615578857284,355.44361420184333,60.446348251202494,355.4432458155749,60.445986454603904,355.443474475502,60.446133,355.44412,0.0004279978282664375,0.0009026238906509677,0.0006641319889459647,0.0009026238906509677,0.9637827800185708,True
CP_000015,9373,9373,112,77,5376,5423,3696,3743,5478,242,244,60.68226996072579,355.4446566594356,60.682529619,355.44439405755,60.68174699901722,355.44478221958485,60.682533,355.4448,0.0008735924694750468,0.0003996602453030601,0.000786348969500822,0.0008735924694750468,0.9633350730780753,True
CP_000016,11698,11694,140,78,6720,6767,3744,3791,9220,324,247,60.46209065568791,355.4608424422275,60.4621049775,355.46066762475,60.4618333103645,355.46049495583884,60.462334,355.46136,0.00032189685520043966,0.0007336774735234051,0.0010034460913758026,0.0010034460913758026,0.9617191686065569,True
CP_000017,11780,11775,141,77,6768,6815,3696,3743,9352,327,244,60.4541148983832,355.4438758220251,60.4542201615,355.44328409835003,60.45393141841522,355.44422105327214,60.454193,355.44412,0.000980437195883411,0.0008386523331899404,0.0002797044503320586,0.000980437195883411,0.9615096103088898,True
CP_000018,8627,8627,103,78,4944,4991,3744,3791,4265,216,247,60.75302924983813,355.46214133845075,60.7533975325,355.462244343125,60.7532221078835,355.46189939878974,60.75247,355.46228,0.00038698887646521096,0.000930117619694313,0.0008447364182355506,0.000930117619694313,0.9613504933238827,True
CP_000019,8293,8293,99,76,4752,4799,3648,3695,3718,204,241,60.78483254147678,355.42782141674843,60.7848578505,355.42737752815003,60.78510913428188,355.4282913119389,60.78453,355.4278,0.000947704780941215,0.0005307469382891008,0.000761954473017728,0.000947704780941215,0.9601486128351343,True
CP_000020,9205,9205,110,75,5280,5327,3600,3647,5201,236,238,60.698155914547534,355.4098697008971,60.6982428873225,355.40952352695,60.69774234289237,355.4097767378507,60.698483,355.4103,0.0005609460640314201,0.0008210566020427197,0.0009115826204661642,0.0009115826204661642,0.9599354011624192,True
CP_000021,10618,10618,127,77,6096,6143,3696,3743,7460,286,244,60.564654450265664,355.4441923652615,60.56443826249999,355.44382983055,60.56519021891222,355.44428925742204,60.564335,355.44446,0.0008811988973330528,0.0006366292558579219,0.0008718368588204639,0.0008811988973330528,0.9591142011331938,True
CP_000022,6134,6134,73,75,3504,3551,3600,3647,246,128,238,60.98909094488965,355.41067631878906,60.98952111500001,355.41065991175,60.98914622040135,355.4103583024297,60.988605,355.411,0.00048115916511988553,0.0009805274934290588,0.0008473824296435593,0.0009805274934290588,0.9588800427297305,True
CP_000023,9456,9456,113,77,5424,5471,3696,3743,5613,245,244,60.674309011315124,355.4443870784544,60.6746560957625,355.444357435375,60.67380194404224,355.4440406163943,60.67447,355.44476,0.0009110156023702761,0.00044680939326184214,0.0009833916775382808,0.0009833916775382808,0.9584423956161415,True
CP_000024,11695,11691,140,75,6720,6767,3600,3647,9210,324,238,60.4620377523143,355.4090299884577,60.46205827922249,355.40862375495,60.461976883238,355.4087372065168,60.46208,355.40973,0.00013963009810859603,0.0011054265691803073,0.0009969482322394298,0.0011054265691803073,0.958157106641142,True
CP_000025,7712,7712,92,76,4416,4463,3648,3695,2772,183,241,60.84055002757018,355.4279246002531,60.8399631247575,355.42762185135,60.84074076044327,355.42820395136243,60.840946,355.42795,0.0009713689743024916,0.001035762378210548,0.0003282019013304656,0.001035762378210548,0.9578613045993244,True
CP_000026,9621,9621,115,76,5520,5567,3648,3695,5880,251,241,60.6583757132434,355.42707533995537,60.65889494299999,355.426828247575,60.657956592482165,355.4269380554944,60.658276,355.42746,0.0009447536575637731,0.0008844963922311345,0.0006114728295291538,0.0009447536575637731,0.9576815432889021,True
CP_000027,8125,8125,97,74,4656,4703,3552,3599,3441,198,235,60.80071462218704,355.39294640736404,60.800564827,355.3923989707249,60.801106780039625,355.3931602220703,60.800472,355.39328,0.0009344606508801115,0.0008859079779009732,0.0006457321886631212,0.0009344606508801115,0.9574929816459461,True
CP_000028,9370,9370,112,74,5376,5423,3552,3599,5468,242,235,60.68221572904127,355.39256429640636,60.68247644499999,355.39200712295,60.68189687737771,355.39268039517526,60.682274,355.393,0.0008883659820591835,0.0010185961494777074,0.0004977236417110438,0.0010185961494777074,0.9572089759659295,True
CP_000029,11612,11609,139,75,6672,6719,3600,3647,9075,321,238,60.469996937796815,355.40929516520237,60.469930257,355.40865089535004,60.46992200658573,355.40947507877263,60.47014,355.40976,0.0008242247165758991,0.0011280238464785402,0.00035748933122548194,0.0011280238464785402,0.9570279782405192,True
CP_000030,11447,11444,137,76,6576,6623,3648,3695,8808,315,241,60.48593466651173,355.42652278611996,60.4856954541425,355.42607706435,60.4857689763009,355.426489340885,60.48634,355.427,0.0004187809081916696,0.0011270773327536347,0.0007670380965984819,0.0011270773327536347,0.9570003291212822,True
CP_000031,7880,7880,94,78,4512,4559,3744,3791,3049,189,247,60.8246628119122,355.4628281910993,60.824248897,355.46262703175,60.82474259049442,355.4633636450635,60.824997,355.4625,0.0008867538779545298,0.0007598063305190707,0.0009061790412261406,0.0009061790412261406,0.9567635213634265,True
CP_000032,8043,8043,96,75,4608,4655,3600,3647,3309,195,238,60.808695859504695,355.4100385341479,60.8084572599025,355.40995496255005,60.80900605103346,355.4095771438,60.808624,355.41058,0.0006662722516449236,0.0006503429705010496,0.001076338025861399,0.001076338025861399,0.9566338590766404,True
CP_000033,6302,6302,75,77,3600,3647,3696,3743,523,134,244,60.97320615084673,355.44571730791125,60.973805959500005,355.44583882515,60.97314479894839,355.44569542280243,60.972668,355.44562,0.0006765334495106583,0.0011595495603168458,0.00048339801766952086,0.0011595495603168458,0.9565121176523267,True
CP_000034,9208,9208,110,78,5280,5327,3744,3791,5211,236,247,60.69820631395269,355.46197945595895,60.698288835,355.46193776475,60.69759200871354,355.4619034351581,60.69874,355.4621,0.0006976714086015003,0.00047670405827553207,0.0011623482205218936,0.0011623482205218936,0.9562616011509898,True
CP_000035,10370,10370,124,78,5952,5999,3744,3791,7058,277,247,60.588550052319015,355.4617437283246,60.588068917,355.46136116175,60.58898108126563,355.46210854861454,60.5886,355.46176,0.0011792500891516175,0.0006651827719233223,0.0005153274421300424,0.0011792500891516175,0.9557623700955425,True
CP_000036,9538,9538,114,76,5472,5519,3648,3695,5745,248,241,60.66633362456765,355.4273441061501,60.666766913,355.426866156325,60.665901715829904,355.4276759277503,60.666332,355.4275,0.0011850299170648268,0.0007605325720107439,0.00046886809084188664,0.0011850299170648268,0.9550067437877214,True
CP_000037,8208,8208,98,74,4704,4751,3552,3599,3576,201,235,60.792756539077544,355.39268499490413,60.7926925467625,355.39237193037496,60.79316145157364,355.3924335426186,60.792416,355.39325,0.000472935292058729,0.0009202380441708732,0.001105473633642853,0.001105473633642853,0.9549484924560587,True
CP_000038,12196,12191,146,78,7008,7055,3744,3791,10031,342,247,60.41433560242873,355.460926723417,60.41487469873751,355.46040659537505,60.41414971719124,355.4611614166729,60.413982,355.4612,0.001046591340550085,0.0012021413937409707,0.00017485032900808095,0.0012021413937409707,0.9546784442869987,True
CP_000039,12028,12023,144,76,6912,6959,3648,3695,9754,336,241,60.43022013495327,355.42638379009605,60.4305894388825,355.42583308615,60.43013932535232,355.4264689189038,60.42993,355.42685,0.0007790285494482297,0.0012105873470610743,0.00043344244876767415,0.0012105873470610743,0.9545794288457744,True
CP_000040,6219,6219,74,77,3552,3599,3696,3743,388,131,244,60.98116346296583,355.44598516961764,60.98167990099999,355.445876507725,60.98108996787796,355.4464308077685,60.98072,355.44565,0.000809487261572608,0.000986174079577129,0.0008654345922353016,0.000986174079577129,0.9544091248379729,True
CP_000041,8294,8294,99,77,4752,4799,3696,3743,3721,204,244,60.78485167737117,355.4446545853636,60.7848733725,355.444894517725,60.78506328192799,355.4439703614126,60.78462,355.4451,0.0009434672652518974,0.0003267798180994242,0.001213048684166784,0.001213048684166784,0.9537956943539388,True
CP_000042,7877,7877,94,75,4512,4559,3600,3647,3039,189,238,60.82461249229686,355.41055501053165,60.824203356842496,355.4100130533501,60.824896571219945,355.411037964573,60.824738,355.4106,0.0012373314785850843,0.0008040611829083006,0.000452794089681971,0.0012373314785850843,0.9533560221279945,True
CP_000043,9789,9789,117,78,5616,5663,3744,3791,6157,257,247,60.64248813979989,355.4618260259837,60.6431796505,355.461643437375,60.64196222861644,355.4618900604981,60.642323,355.46194,0.0012421509599905738,0.0009084739134267082,0.0003644130648189042,0.0012421509599905738,0.9530351387721655,True
CP_000044,8459,8459,101,76,4848,4895,3648,3695,3988,210,241,60.76891631820797,355.4272982954367,60.76911661450001,355.427309451725,60.76921879642275,355.4268205420068,60.768414,355.42776,0.0004994735807963738,0.0008376961972271038,0.0012410600094996669,0.0012410600094996669,0.9522588775372148,True
CP_000045,14022,14015,168,78,8064,8111,3744,3791,12959,406,247,60.24189790162439,355.4601544928167,60.2416777190625,355.45946823437504,60.2419696296095,355.4603018847,60.242046,355.4607,0.0008832806076127871,0.0012793844635369113,0.00039892278829823204,0.0012793844635369113,0.9519878459626895,True
CP_000046,9122,9122,109,75,5232,5279,3600,3647,5066,233,238,60.706112535753086,355.4101337744485,60.7061147105,355.40955233235,60.70568755740378,355.410509635527,60.706535,355.41034,0.001048279132785667,0.0008923754946600808,0.0008647135571063302,0.001048279132785667,0.9518294085332782,True
CP_000047,8045,8045,96,77,4608,4655,3696,3743,3316,195,244,60.8087295095836,355.44545365352474,60.8084902015,355.44501333935,60.80889858359844,355.4461877091149,60.8088,355.44516,0.0012433504264813737,0.00034249075588853165,0.00103253862857539,0.0012433504264813737,0.9517283720321668,True
CP_000048,14105,14098,169,78,8112,8159,3744,3791,13094,409,247,60.2339402347911,355.4598790399875,60.2338061634625,355.45942767675,60.2340248253346,355.45954660141564,60.23399,355.46066,0.00024890980375169846,0.001248728982376841,0.0011167924085700178,0.001248728982376841,0.9517104977865576,True
CP_000049,9453,9453,113,74,5424,5471,3552,3599,5603,245,235,60.6742585112248,355.39231326930076,60.6746029003625,355.391983208375,60.67395159449356,355.39195122843364,60.67422,355.393,0.0006520905240589759,0.0010911621614162043,0.0010880335436141786,0.0010911621614162043,0.9509693951186804,True
CP_000050,11777,11772,141,74,6768,6815,3552,3599,9342,327,235,60.45405698816753,355.3920825584642,60.4541663,355.39125484515,60.45407476337955,355.39247574039894,60.45393,355.39252,0.0012243219191672872,0.0012841908331394972,0.00015064809970969734,0.0012841908331394972,0.9507081039355503,True
CP_000051,10536,10536,126,78,6048,6095,3744,3791,7328,283,247,60.57263128884474,355.46119639599584,60.5723234192625,355.46127584275,60.57309119922483,355.4606129057845,60.57248,355.4617,0.0010143823198319334,0.00045228859186681756,0.0012478836983418097,0.0012478836983418097,0.9504695211452204,True
CP_000052,9040,9040,108,76,5184,5231,3648,3695,4934,230,241,60.71409294160939,355.4271868612341,60.71400394250001,355.42706027475,60.71358753491605,355.42688800426487,60.714687,355.4276,0.0004506355467729062,0.0008785097186758847,0.0013168897557164117,0.0013168897557164117,0.9504634402889798,True
CP_000053,6880,6880,82,74,3936,3983,3552,3599,1459,154,235,60.91833147391818,355.39321670891877,60.9186465459225,355.39280192395,60.91766959214063,355.3933240328845,60.91868,355.39352,0.0011077167649610343,0.0007229429644587115,0.001028354743428725,0.0011077167649610343,0.9504158595273812,True
CP_000054,11860,11855,142,74,6816,6863,3552,3599,9477,330,235,60.446099078493205,355.39181890109785,60.4462944033225,355.39122853195005,60.44612957165906,355.3917415990778,60.445873,355.3925,0.0005388945674901328,0.0013266599843977033,0.0007878327625895404,0.0013266599843977033,0.9502494087640615,True
CP_000055,11282,11279,135,77,6480,6527,3696,3743,8541,309,244,60.50187045730132,355.4437702610183,60.501455111000006,355.443517353975,60.50161567252507,355.4435185267361,60.50254,355.44427,0.00016056580800260188,0.001323684505887692,0.0011948110296218343,0.001323684505887692,0.9499656768825022,True
CP_000056,8461,8461,101,78,4848,4895,3744,3791,3995,210,247,60.76894866773589,355.462675417047,60.769144856762495,355.462327880375,60.76911212666981,355.4633875797504,60.76859,355.4623,0.0010602047090857427,0.0005560996335528236,0.0011971277301798054,0.0011971277301798054,0.9498680024625228,True
CP_000057,9037,9037,108,73,5184,5231,3504,3551,4924,230,232,60.71403682597042,355.37505198994694,60.713944205,355.37462607875005,60.7137383249132,355.37473643405946,60.714428,355.3758,0.00023359131930005925,0.0012636373449565713,0.0012620925330772573,0.0012636373449565713,0.9497130182213693,True
CP_000058,11530,11527,138,76,6624,6671,3648,3695,8943,318,241,60.47797492669847,355.4262631308565,60.477821745,355.42603970175,60.47782392132591,355.42574773769445,60.47828,355.427,0.0002919721667276905,0.0010654172422003459,0.001334262532997344,0.001334262532997344,0.949676069063466,True
CP_000059,10701,10701,128,77,6144,6191,3696,3743,7595,289,244,60.55669410379477,355.44392064097536,60.55656650249999,355.44378926575,60.55724520951907,355.4435451669417,60.55627,355.44443,0.0007212679432514674,0.0007034835872979651,0.0013146708123117393,0.0013146708123117393,0.9493238355603386,True
CP_000060,8541,8541,102,75,4896,4943,3600,3647,4120,213,238,60.760937192384375,355.4102170157091,60.761226952082495,355.40977232097504,60.76131927472883,355.410417300371,60.760265,355.41046,0.0006515534454456086,0.0011830229675116057,0.001054847697728825,0.0011830229675116057,0.9490944115225295,True
CP_000061,8957,8957,107,76,5136,5183,3648,3695,4799,227,241,60.722051125530605,355.4274548108305,60.7218767075,355.42709697735006,60.7215326810547,355.42762463287585,60.722744,355.42764,0.0006299004278154003,0.001024754703279226,0.001211443543687298,0.001211443543687298,0.9490307222691347,True
CP_000062,9535,9535,114,73,5472,5519,3504,3551,5735,248,232,60.6662782777636,355.3752691603035,60.666707034762496,355.374506600375,60.66605113837205,355.3755989762386,60.666077,355.3757,0.0012741605481231863,0.001351341411270995,0.00010604502178261656,0.001351341411270995,0.9489638950944026,True
CP_000063,7878,7878,94,76,4512,4559,3648,3695,3042,189,241,60.82463213791667,355.42740109844635,60.8242207498825,355.42755014615005,60.824850377002285,355.42673566872014,60.824825,355.42792,0.0010294677235378976,0.0007073891893335411,0.001182078053314019,0.001182078053314019,0.9487373372562566,True
CP_000064,14270,14263,171,77,8208,8255,3696,3743,13361,415,244,60.218004199223856,355.4427327908216,60.218047709500006,355.44212431935,60.2181761918825,355.44262312538046,60.21779,355.44345,0.0005150875446352954,0.0013516573711322326,0.0009140074245171677,0.0013516573711322326,0.9483448786072884,True
CP_000065,9291,9291,111,78,5328,5375,3744,3791,5346,239,247,60.690248038210285,355.46170753472455,60.690415635,355.46189785275,60.68964702211132,355.461158101033,60.69068,355.46207,0.0010667700668062351,0.00031488768692217124,0.0013767783223918514,0.0013767783223918514,0.9483098200185986,True
CP_000066,11034,11034,132,78,6336,6383,3744,3791,8139,301,247,60.524873135886004,355.4612914434411,60.5250882486625,355.461014777375,60.52540701348772,355.46131170138585,60.524124,355.46155,0.00043563158978838834,0.0011016637337483463,0.0013044221555189733,0.0013044221555189733,0.9481732545678164,True
CP_000067,10285,10285,123,76,5904,5951,3648,3695,6916,274,241,60.5964773227386,355.426783588806,60.595913780162505,355.42656568575006,60.59702923541657,355.4264779517616,60.59649,355.4273,0.0011189002084861883,0.000938382293604239,0.0009896667213618374,0.0011189002084861883,0.9479268821007694,True
CP_000068,8624,8624,103,75,4944,4991,3600,3647,4255,216,238,60.75297689326951,355.4099531993059,60.753351747362494,355.40974304337504,60.75337403742651,355.4096856463396,60.752205,355.41043,6.157326231487398e-05,0.0013373213219975099,0.001386473661137384,0.001386473661137384,0.9478519761676607,True
CP_000069,14187,14180,170,77,8160,8207,3696,3743,13226,412,244,60.2259627084089,355.4430052473976,60.22592172378249,355.44215961915006,60.22612106453015,355.4433746777302,60.225845,355.44348,0.0012313017854657755,0.0013240314789974116,0.00029567724785317754,0.0013240314789974116,0.9478119751085777,True
CP_000070,6966,6966,83,77,3984,4031,3696,3743,1604,157,244,60.91042546760554,355.4453503255613,60.910827554,355.445527712125,60.90956780633616,355.44505817666845,60.91088,355.44547,0.00134440608504196,8.235783067640248e-05,0.0013748330492971011,0.0013748330492971011,0.9477946248210929,True
CP_000071,10202,10202,122,76,5856,5903,3648,3695,6781,271,241,60.60443277706103,355.4270511291656,60.6037860313425,355.42659867335,60.6049743359734,355.42721706766235,60.604538,355.42734,0.001339581808397904,0.001054269327558088,0.00045272493569738887,0.001339581808397904,0.9476730264993589,True
CP_000072,9290,9290,111,77,5328,5375,3696,3743,5343,239,244,60.69023080239063,355.44492595462515,60.690402819,355.44442982234995,60.68969205399221,355.4455238227754,60.690598,355.44482,0.0013046163524799408,0.00043984374677461365,0.0011442640264590779,0.0013046163524799408,0.9475832440225803,True
CP_000073,10450,10450,125,75,6000,6047,3600,3647,7183,280,238,60.5805389466362,355.40951381226023,60.5801495895,355.40909082595,60.58118313175625,355.4094164311433,60.580284,355.41003,0.001083618169543067,0.0009528978785298508,0.0010907968760664024,0.0010907968760664024,0.9472736274974284,True
CP_000074,10037,10037,120,77,5760,5807,3696,3743,6514,265,244,60.62037042453377,355.44433426926906,60.6195445632825,355.44409496915,60.62082009776997,355.4442972429541,60.620747,355.4446,0.0012914731590538055,0.0013079729282213907,0.0003218540399538786,0.0013079729282213907,0.9471340868068692,True
CP_000075,7630,7630,91,77,4368,4415,3696,3743,2640,180,244,60.848526335499905,355.44504626513555,60.8478488775,355.4452098233499,60.84863955282784,355.44464698963486,60.84909,355.44528,0.0009705407074617025,0.001243793601610634,0.0007788696273592472,0.001243793601610634,0.9470375307744723,True
CP_000076,11945,11940,143,76,6864,6911,3648,3695,9619,333,241,60.438177692574634,355.4266541959756,60.438460438937504,355.425870939375,60.43808435753638,355.4272117657393,60.43799,355.42688,0.0013925704863553313,0.0011139567953773668,0.0003455096668657787,0.0013925704863553313,0.9469424070630774,True
CP_000077,9786,9786,117,75,5616,5663,3600,3647,6147,257,238,60.64243715142666,355.4097844033538,60.6431335312825,355.40931602415,60.64211096743109,355.4098504183333,60.642067,355.4102,0.0011537824636318318,0.0013768724980306895,0.00033921653664343535,0.0013768724980306895,0.946915700045792,True
CP_000078,9288,9288,111,75,5328,5375,3600,3647,5336,239,238,60.69019627902964,355.40960607234564,60.69036965060249,355.40949605655,60.68979712838097,355.40904384017443,60.690422,355.41028,0.0007295761402724186,0.0007840173088109859,0.0013836467655606803,0.0013836467655606803,0.9464889127474404,True
CP_000079,7709,7709,92,73,4416,4463,3504,3551,2762,183,232,60.840495247481776,355.3756364593194,60.8399037473625,355.37498786475,60.84089519698713,355.375853397974,60.840687,355.37607,0.001316100345755902,0.001334207465052542,0.0002992216566998787,0.001334207465052542,0.9464532883429891,True
CP_000080,8129,8129,97,78,4656,4703,3744,3791,3454,198,247,60.80078574547162,355.46202243721183,60.8006303455,355.4624993457501,60.80090749394222,355.46113510455723,60.80082,355.46243,0.0013921082182373067,0.00020040119180489495,0.001300743522932996,0.0013921082182373067,0.9464329856098437,True
CP_000081,9125,9125,109,78,5232,5279,3744,3791,5076,233,247,60.70616540142752,355.4622518221934,60.7061606555,355.46197901175003,60.70553699531578,355.46264876928336,60.7068,355.46213,0.0009151651101474992,0.0006549944380769801,0.001364938543972932,0.001364938543972932,0.9462495420478707,True
CP_000082,12279,12274,147,78,7056,7103,3744,3791,10166,345,247,60.40637695387117,355.4606520374411,60.40700026633751,355.460364607375,60.40620484454359,355.4604098643232,60.405926,355.46118,0.0007967082412071686,0.0013498618881737138,0.0008206899630534688,0.0013498618881737138,0.9460359752423992,True
CP_000083,11444,11441,137,73,6576,6623,3504,3551,8798,315,232,60.48587872465805,355.3746870959679,60.48563514199999,355.37400079475003,60.48591323290189,355.37469428221607,60.486088,355.37537,0.0007471675951692386,0.001438492193263295,0.0006942345097460077,0.001438492193263295,0.9460201688569772,True
CP_000084,6963,6963,83,74,3984,4031,3552,3599,1594,157,235,60.910371091588225,355.3929571996054,60.910775043,355.39277810575,60.9097242180928,355.3925998407225,60.910614,355.3935,0.0010658383581145631,0.0007334421397550696,0.0012612039434041888,0.0012612039434041888,0.9459788951915249,True
CP_000085,11364,11361,136,76,6528,6575,3648,3695,8673,312,241,60.49389508073657,355.4267921389096,60.49356737182249,355.42611300195006,60.493714031275886,355.4272309440755,60.494404,355.42703,0.001127520993662478,0.001243020640681045,0.0007177928178707854,0.001243020640681045,0.945858061338808,True
CP_000086,7048,7048,84,76,4032,4079,3648,3695,1736,160,241,60.902446957718446,355.42819824709863,60.9029385086825,355.42790637715,60.90166951535174,355.4285877782084,60.902733,355.4281,0.0014403650495228557,0.0002828655304870739,0.0011696302893927006,0.0014403650495228557,0.9458346760134315,True
CP_000087,11532,11529,138,78,6624,6671,3744,3791,8950,318,247,60.47801071859422,355.4613914110828,60.47785065,355.46075287875,60.47772310124164,355.46199557324843,60.47846,355.46143,0.0012492230794471143,0.0009067322408790584,0.0009302332307290631,0.0012492230794471143,0.9458073546187207,True
CP_000088,9202,9202,110,72,5280,5327,3456,3503,5191,236,229,60.6980961146292,355.3577624325019,60.6981763675,355.35711674915,60.6978926770712,355.3576500405432,60.69822,355.35852,0.0006040529525192463,0.00140441501109123,0.0009297286474960419,0.00140441501109123,0.9457173547225282,True
CP_000089,11946,11941,143,77,6864,6911,3696,3743,9622,333,244,60.4381979395474,355.44334215966063,60.4384763085625,355.443206784375,60.438041490792585,355.44272789773186,60.438076,355.4441,0.0006468376225874084,0.0009713282808533716,0.0013643361351227434,0.0013643361351227434,0.9456645228289217,True
CP_000090,11527,11524,138,73,6624,6671,3504,3551,8933,318,232,60.477916354145236,355.3744254460696,60.4777613980625,355.373975529375,60.47796795001774,355.37396511547445,60.47802,355.37534,0.00020681431173906223,0.0013844758472429598,0.001371555060984263,0.0013844758472429598,0.9456584866598845,True
CP_000091,7792,7792,93,73,4464,4511,3504,3551,2897,186,232,60.83253790379689,355.3753770865026,60.8320337765625,355.37496196875,60.832949777357456,355.3751316931018,60.83263,355.37604,0.0009315920845391476,0.0012298974476330428,0.0009606351720310843,0.0012298974476330428,0.9455997231020461,True
CP_000092,6715,6715,80,75,3840,3887,3600,3647,1192,148,238,60.934267622023185,355.41061848220716,60.9344103515,355.41044566395,60.93351321159103,355.4105211107964,60.93488,355.4109,0.0009003067493399763,0.0006451135642882122,0.0014146755194937323,0.0014146755194937323,0.9453153580923044,True
CP_000093,8709,8709,104,77,4992,5039,3696,3743,4397,219,244,60.745051004099,355.44505873036655,60.745510487545,355.44470447095,60.74532260898051,355.44549491350904,60.74432,355.44498,0.0008124640263612654,0.001221322183649479,0.0011286400659728374,0.001221322183649479,0.9452031442545867,True
CP_000094,6216,6216,74,74,3552,3599,3552,3599,378,131,235,60.98111364237328,355.39350638284714,60.981627561,355.393012364525,60.98124843081711,355.39386054378195,60.980465,355.39365,0.0009290574511156622,0.0013241967100321027,0.0008122753422043354,0.0013241967100321027,0.9451284223326976,True
CP_000095,6883,6883,82,77,3936,3983,3696,3743,1469,154,244,60.91838322502676,355.4456080949067,60.9186990395,355.44556439155,60.917512952474816,355.44579480527943,60.918938,355.44547,0.0012082602857030667,0.00025848014856393124,0.0014623853549607037,0.0014623853549607037,0.9451061106976448,True
CP_000096,10535,10535,126,77,6048,6095,3696,3743,7325,283,244,60.5726136753183,355.44446380454764,60.572310472942505,355.44386954035,60.573135228305375,355.4450333479023,60.572395,355.4445,0.0014264183914195522,0.0006247738010141754,0.0009188519489540659,0.0014264183914195522,0.9450442183399081,True
CP_000097,12111,12106,145,76,6960,7007,3648,3695,9889,339,241,60.422261415891164,355.42612323528425,60.4227187692025,355.42579426855,60.422194293168246,355.4257260720684,60.42187,355.42685,0.0005288911708535402,0.0013533763262564143,0.001168839693648993,0.0013533763262564143,0.944943956037308,True
CP_000098,8954,8954,107,73,5136,5183,3504,3551,4789,227,232,60.721996367214615,355.3753116468603,60.7218169993625,355.37465033975,60.72168369896102,355.3754606262215,60.72249,355.37582,0.0008211779118678457,0.0013521102239307582,0.0008829332686069951,0.0013521102239307582,0.9448958546457955,True
CP_000099,7128,7128,85,73,4080,4127,3504,3551,1861,163,232,60.89443172448872,355.3755758907343,60.895005737,355.37514658675,60.89388025677866,355.37542141748395,60.89441,355.37616,0.0011585498094340055,0.0011756760535276344,0.0009081702603623987,0.0011756760535276344,0.9447740977893541,True
CP_000100,13854,13848,166,76,7968,8015,3648,3695,12682,400,241,60.257784240921985,355.42575415126277,60.2573938435,355.42506538395,60.25795564440269,355.42580546827594,60.258003,355.4264,0.0009291636366803886,0.0014595242338781536,0.000588062140894554,0.0014595242338781536,0.9445465719333594,True
CP_000101,9954,9954,119,77,5712,5759,3696,3743,6424,263,244,60.62655280427043,355.4445212804697,60.627420105922496,355.44413025395,60.6261167858927,355.4447924741778,60.62612,355.44464,0.001461909275636971,0.0013954569385733928,0.00015143494381853641,0.001461909275636971,0.9441161195791765,True
CP_000102,11279,11276,135,74,6480,6527,3552,3599,8531,309,235,60.5018168884346,355.39190704069915,60.501401462,355.39141388435,60.5017603849444,355.39169859516926,60.50229,355.3926,0.00045813309268337253,0.0014882367191291193,0.001052344126437648,0.0014882367191291193,0.9439131167827592,True
CP_000103,7544,7544,90,74,4320,4367,3552,3599,2495,177,235,60.856433041205946,355.39299944952126,60.85566792299999,355.39258681335,60.856739568537776,355.3930094356044,60.85689,355.3934,0.0011519694998444454,0.0014704270119175623,0.0004210799706464976,0.0014704270119175623,0.9435762063209242,True
CP_000104,8373,8373,100,73,4800,4847,3504,3551,3843,207,232,60.776819442410726,355.3753431464232,60.776927149,355.37480904675,60.777316578622816,355.3753048651759,60.776215,355.37592,0.0006304691448476195,0.0013160645646986952,0.0012598674649743765,0.0013160645646986952,0.9434691782597577,True
CP_000105,10783,10783,129,76,6192,6239,3648,3695,7727,292,241,60.54871750069037,355.4269244883756,60.5486784425825,355.42635569514994,60.54934402408823,355.4272327113832,60.54813,355.4272,0.0011009796611296076,0.0009942807246055535,0.0012149235871205051,0.0012149235871205051,0.9434361555002979,True
CP_000106,9706,9706,116,78,5568,5615,3744,3791,6022,254,247,60.650446009778655,355.46208825282383,60.651051656,355.461683540125,60.64990719242776,355.46263663826824,60.65038,355.46194,0.0014893599090810086,0.0007213630197083329,0.0008376858982755549,0.0014893599090810086,0.9432778907981761,True
CP_000107,9119,9119,109,72,5232,5279,3456,3503,5056,233,229,60.706056629816736,355.35800804084437,60.7060482006225,355.35713311295,60.705838119491766,355.35837050177054,60.706284,355.35852,0.0012550956834663366,0.001407218154989325,0.00047002912281902444,0.001407218154989325,0.9432554860466998,True
CP_000108,10951,10951,131,78,6288,6335,3744,3791,8004,298,247,60.53283109003751,355.46156450032043,60.5329605522625,355.46105436537493,60.53335193171721,355.4620607664457,60.53218,355.46158,0.0010798245194404378,0.0009394760047324493,0.0012666053607157544,0.0012666053607157544,0.9430936094299451,True
CP_000109,9287,9287,111,74,5328,5375,3552,3599,5333,239,235,60.69017666267583,355.3928252989129,60.690349693,355.39203044615,60.68984216026186,355.3934095619168,60.69034,355.39304,0.001469540669265517,0.001005508954510135,0.000620985025887126,0.001469540669265517,0.9429303085133963,True
CP_000110,8789,8789,105,74,5040,5087,3552,3599,4522,221,235,60.73793444068223,355.39262750538916,60.7375848945,355.39218940035005,60.73752900493926,355.39256567441123,60.73869,355.39313,0.00038040217154764936,0.0014491043313710353,0.0012892444769211399,0.0014491043313710353,0.9429018086098643,True
CP_000111,14019,14012,168,75,8064,8111,3600,3647,12949,406,238,60.2418451941458,355.4086206699728,60.2416302845625,355.40776359437496,60.242106896996006,355.4088882104653,60.2418,355.4092,0.0012214420831345538,0.0014563466697072463,0.00044592643445943156,0.0014563466697072463,0.942749226787394,True
CP_000112,7045,7045,84,73,4032,4079,3504,3551,1726,160,232,60.90239406620117,355.3758243214767,60.902879235,355.3751714177499,60.90182569919922,355.37614187871134,60.902477,355.37616,0.001432386875514649,0.0010668734014949387,0.0006518080040502092,0.001432386875514649,0.9427068105428195,True
CP_000113,14102,14095,169,75,8112,8159,3600,3647,13084,409,238,60.23388489422377,355.4083534498266,60.233758687000005,355.40773529835,60.23416186481194,355.4081453636299,60.233734,355.40918,0.000575070327697113,0.0014445978750590833,0.0011192775359293726,0.0014445978750590833,0.9427057048281919,True
CP_000114,11692,11688,140,72,6720,6767,3456,3503,9200,324,229,60.46197677792079,355.3572196582961,60.461991182582494,355.35658625597495,60.46212045611149,355.35697945719465,60.46182,355.3581,0.00041390680651529483,0.0015168448353045502,0.001153958510973506,0.0015168448353045502,0.9424805626487762,True
CP_000115,9618,9618,115,73,5520,5567,3504,3551,5870,251,232,60.658317746250624,355.3750188606179,60.6588350615,355.37448113712503,60.65810578711515,355.37487354043174,60.658012,355.3757,0.000828143395502795,0.0014720939711224386,0.0008336124331173883,0.0014720939711224386,0.9424257028641868,True
CP_000116,11609,11606,139,72,6672,6719,3456,3503,9065,321,229,60.46993731881876,355.35747658708283,60.469863184,355.35660108895,60.47006580736839,355.35770489300154,60.469883,355.35812,0.0011222475723215973,0.0015228188283112668,0.00045705254398058204,0.0015228188283112668,0.9421882778384411,True
CP_000117,9872,9872,118,78,5664,5711,3744,3791,6292,260,247,60.63453152722019,355.46155411820104,60.6353076025,355.461604809375,60.63401726480512,355.46114348272806,60.63427,355.4619,0.0013703261079031218,0.001082981669228869,0.0008108785114881968,0.0013703261079031218,0.9420685950434586,True
CP_000118,6712,6712,80,72,3840,3887,3456,3503,1182,148,229,60.9342128069398,355.35820169832726,60.9343443954825,355.35766239315,60.93367030707517,355.35802546550354,60.934624,355.35892,0.000765647905240171,0.0012855553728480429,0.0013054685343632383,0.0013054685343632383,0.9417232456648164,True
CP_000119,7957,7957,95,72,4560,4607,3456,3503,3164,192,229,60.816596805910706,355.35802969025036,60.816263845,355.357391147325,60.817105063943046,355.3579943101448,60.81642,355.3587,0.001035110958944101,0.0013219019466850128,0.0009850678087776179,0.0013219019466850128,0.9417002167363532,True
CP_000120,13937,13930,167,76,8016,8063,3648,3695,12817,403,241,60.24982364855921,355.4254937536145,60.2495213002425,355.425030768775,60.25001068059137,355.42505889050585,60.24994,355.4264,0.000490187675906032,0.0014234850173664726,0.0013346392430048988,0.0014234850173664726,0.9416025380794515,True
CP_000121,6385,6385,76,77,3648,3695,3696,3743,658,137,244,60.96524498319703,355.4454588179892,60.96593189549999,355.44579874035,60.965199630018816,355.4449600378364,60.964603,355.44562,0.0011133888095898035,0.0013407537851342153,0.0008876650253520454,0.0013407537851342153,0.9414679824348715,True
CP_000122,10866,10866,130,76,6240,6287,3648,3695,7862,295,241,60.540760381565825,355.4266553901344,60.54080498890251,355.42631927755,60.54139894632232,355.4264923518376,60.540077,355.42715,0.0006186599434064838,0.0011078483449855328,0.0014783378528653384,0.0014783378528653384,0.9414602000734663,True
CP_000123,11361,11358,136,73,6528,6575,3504,3551,8663,312,232,60.493836683161106,355.37493798354836,60.49350709400001,355.37402429075,60.49385851578605,355.37542344895763,60.494144,355.37537,0.0014426160132385477,0.0014855838338486715,0.00029159676601899686,0.0014855838338486715,0.9411827444130639,True
CP_000124,6048,6048,72,72,3456,3503,3456,3503,101,125,229,60.996996366165966,355.3584339485282,60.997328261,355.35780321152504,60.997250467624845,355.3584898449971,60.99641,355.359,0.0006910262905176401,0.0015152363907231917,0.0009874548979980071,0.0015152363907231917,0.9411380753754746,True
CP_000125,6220,6220,74,78,3552,3599,3744,3791,391,131,247,60.98118102268429,355.46289453560786,60.981692381,355.46349954212496,60.98104242899621,355.46220188696435,60.98081,355.46298,0.0014513257811728177,0.0010243726331895303,0.0008146715379365243,0.0014513257811728177,0.9407288033316039,True
CP_000126,11199,11196,134,77,6432,6479,3696,3743,8406,306,244,60.509831449449415,355.44404211816936,60.50932883082249,355.443557073725,60.5095606591273,355.44426386086127,60.510605,355.4443,0.0007438362850144286,0.0014792796912521835,0.0010450259677908496,0.0014792796912521835,0.9406572295586294,True
CP_000127,9703,9703,116,75,5568,5615,3600,3647,6012,254,238,60.65039510744766,355.4100384289359,60.651005567,355.40934395957504,60.65005615915157,355.41058455965447,60.650124,355.4102,0.0015621983932064692,0.0012199171436100384,0.00040346783061668537,0.0015621983932064692,0.9406527279920043,True
CP_000128,7627,7627,91,74,4368,4415,3552,3599,2630,180,235,60.848473852346224,355.39273889065953,60.847796163,355.39256109015,60.84879421728086,355.3922839997974,60.84883,355.39337,0.00103580471665857,0.0013145914073949751,0.0010882100524540123,0.0013145914073949751,0.9405850302012183,True
CP_000129,11529,11526,138,75,6624,6671,3600,3647,8940,318,238,60.477956706686804,355.409562371947,60.477803985,355.40868412575,60.47786712993347,355.4102129510284,60.4782,355.4098,0.001530128757488907,0.0011743445641715792,0.000537583179584914,0.001530128757488907,0.9403476842658212,True
CP_000130,9704,9704,116,76,5568,5615,3648,3695,6015,254,241,60.65041531278765,355.42681655773686,60.651023135,355.426789773175,60.65001146913443,355.42620018323856,60.65021,355.42746,0.001170933011208896,0.0010525421364750418,0.0012752924528702813,0.0012752924528702813,0.9403242493321938,True
CP_000131,11943,11938,143,74,6864,6911,3552,3599,9612,333,235,60.438141162458045,355.3915651329241,60.438422487562505,355.39120136875,60.438184379938576,355.3910074577566,60.437817,355.3925,0.00030707770015992385,0.0014208531710672055,0.0015241480232071768,0.0015241480232071768,0.9402971635294815,True
CP_000132,10367,10367,124,75,5952,5999,3600,3647,7048,277,238,60.588495957169464,355.40976880904896,60.5880226262425,355.40912043135,60.589128300685815,355.4101518161093,60.588337,355.41003,0.00151204183021542,0.0009662981121864269,0.0008000517569642119,0.00151204183021542,0.9401195808802315,True
CP_000133,10120,10120,121,77,5808,5855,3696,3743,6649,268,244,60.612411171104156,355.4440641945312,60.6116722905,355.44405810935,60.61287506558591,355.4435543961187,60.612686,355.44458,0.0013039919197077455,0.0011403408005016388,0.0010429333373956947,0.0013039919197077455,0.9401092752835898,True
CP_000134,8792,8792,105,77,5040,5087,3696,3743,4532,221,244,60.73798936606611,355.4447880897253,60.737637930265,355.44466342615,60.7373775312146,355.44475455396343,60.738953,355.44495,0.0002758839318177925,0.0013447916146383202,0.0015867323962859533,0.0015867323962859533,0.9400732457621497,True
CP_000135,8290,8290,99,73,4752,4799,3504,3551,3708,204,232,60.78477716348615,355.3756015563299,60.7847982747625,355.374830810375,60.78526197546155,355.376027813693,60.78427,355.37595,0.001283680365822326,0.0012334964484779958,0.000994103828731124,0.001283680365822326,0.9400629873893279,True
CP_000136,8042,8042,96,74,4608,4655,3552,3599,3306,195,235,60.808674075449794,355.39319796904806,60.808437403000006,355.392426976325,60.80905210850562,355.39388690152225,60.808533,355.39328,0.001584059481270443,0.0008583610664433652,0.0007987888794427437,0.001584059481270443,0.9396841386446625,True
CP_000137,14353,14346,172,77,8256,8303,3696,3743,13496,418,244,60.210045177466306,355.44246049924567,60.2101721575,355.44208951455,60.21023131923485,355.4418715730308,60.209732,355.44342,0.00022582873299905554,0.001401774853802087,0.0016273169802515546,0.0016273169802515546,0.9389720306586968,True
CP_000138,13689,13683,164,77,7872,7919,3696,3743,12415,394,244,60.27371847967217,355.44291290946677,60.273150881245,355.44239756295,60.27380411831838,355.4427376498253,60.2742,355.4436,0.0007364630043441694,0.0015987164496962104,0.0009522573312674695,0.0015987164496962104,0.9389230845624492,True
CP_000139,8458,8458,101,75,4848,4895,3600,3647,3985,210,238,60.76889775829749,355.4104808767623,60.7690991425,355.409801732525,60.76926451203114,355.4111489544024,60.76833,355.4105,0.0013573333668351496,0.0010337094939028132,0.0011426661563796146,0.0013573333668351496,0.9388619702005909,True
CP_000140,13771,13765,165,76,7920,7967,3648,3695,12547,397,241,60.26574027750167,355.4260269222455,60.26526416349999,355.42510660154994,60.26590060821401,355.426552046046,60.266056,355.42642,0.0015793579914838434,0.0015354764247381906,0.00020259936930954497,0.0015793579914838434,0.9387901027873072,True
CP_000141,13939,13932,167,78,8016,8063,3744,3791,12824,403,247,60.24985858492253,355.4604199299115,60.24955069466249,355.45950926237504,60.2499144338844,355.4610571679844,60.25011,355.4607,0.0015900685510487546,0.0013098126030879783,0.0004133378002225805,0.0015900685510487546,0.9387089061823991,True
CP_000142,9367,9367,112,71,5376,5423,3408,3455,5458,242,226,60.682155961089165,355.3404744067105,60.6824028475,355.33962760835004,60.6820467557382,355.34057857076573,60.68202,355.34122,0.001015446137848245,0.001635294572223685,0.0006391049413046953,0.001635294572223685,0.9384357472049962,True
CP_000143,11781,11776,141,78,6768,6815,3744,3791,9355,327,247,60.45413416189914,355.4605691827999,60.4542332175,355.46062867275,60.453888414925935,355.459744647134,60.45428,355.46133,0.0009488888790336659,0.0007071620077218053,0.0016373077975184991,0.0016373077975184991,0.9383666689775941,True
CP_000144,12113,12108,145,78,6960,7007,3744,3791,9896,339,247,60.42229508612703,355.46120199651796,60.4227478218625,355.46045034475003,60.42209458983889,355.4619129690226,60.422043,355.46124,0.0016018682340809478,0.0010605557370634584,0.0006722874265617219,0.0016018682340809478,0.9382927546026616,True
CP_000145,6629,6629,79,72,3792,3839,3456,3503,1047,145,229,60.942171380289544,355.35844616347646,60.9422179413225,355.35768030195004,60.94161584065941,355.35874095215127,60.94268,355.35892,0.0012196327553199119,0.0013205440770337172,0.0010790158327314446,0.0013205440770337172,0.9382532907235152,True
CP_000146,9285,9285,111,72,5328,5375,3456,3503,5326,239,229,60.690137670947344,355.35750709663347,60.6903031195,355.35710172035,60.68994723465062,355.356929579316,60.690163,355.3585,0.00039533095199775146,0.0013953574848932621,0.0015752110181086354,0.0015752110181086354,0.9382361190861463,True
CP_000147,6632,6632,79,75,3792,3839,3600,3647,1057,145,238,60.942227387688966,355.4108714000394,60.9422838875,355.41047649435,60.941458517266106,355.4112490338931,60.94294,355.4109,0.0011305102249231887,0.0007746333451580836,0.0015244460590339054,0.0015244460590339054,0.9380745538981364,True
CP_000148,11196,11193,134,74,6432,6479,3552,3599,8396,306,235,60.50977541748006,355.3921707268507,60.509275194,355.39144152755,60.509705599455806,355.3924314928456,60.510345,355.39264,0.0010794814231450216,0.001606172779104849,0.0006727153396540569,0.001606172779104849,0.9379432209873902,True
CP_000149,6798,6798,81,75,3888,3935,3600,3647,1327,151,238,60.92631059498891,355.41035568950724,60.926537402,355.410415726525,60.92556790591595,355.4097931876998,60.926826,355.41086,0.0011521619876957733,0.0005284947665850548,0.0016486828543847529,0.0016486828543847529,0.9377747192118708,True
CP_000150,12193,12188,146,75,7008,7055,3600,3647,10021,342,238,60.41427963975278,355.4091736473961,60.41482781940251,355.40843572255,60.41429192260972,355.4094782860445,60.41372,355.4096,0.0011722303581397254,0.0016127066503234594,0.0005870157097475694,0.0016127066503234594,0.9376917578933224,True
CP_000151,8710,8710,104,78,4992,5039,3744,3791,4400,219,247,60.74506932490798,355.46186886530626,60.74552322242499,355.46220153175,60.74527709849035,355.46115530830934,60.744408,355.46225,0.0010747839219941392,0.0011166104524941917,0.0013977658939892772,0.0013977658939892772,0.937663422969164,True
CP_000152,14435,14428,173,76,8304,8351,3648,3695,13628,421,241,60.20206579470128,355.4256069533614,60.2022824221625,355.42483675575,60.20232728493939,355.4257145730841,60.201588,355.42627,0.000878962991739191,0.0015923305157909576,0.0009246612714933176,0.0015923305157909576,0.9376464338148196,True
CP_000153,8872,8872,106,74,5088,5135,3552,3599,4657,224,235,60.72997623497637,355.39237529162364,60.7297122236825,355.39216068215,60.7295836992642,355.39183775131454,60.730633,355.39313,0.00034756704474746,0.0013349348460102415,0.0016624906262392783,0.0016624906262392783,0.9374064607095467,True
CP_000154,6131,6131,73,72,3504,3551,3456,3503,236,128,229,60.9890354003219,355.3581907136022,60.9894551898625,355.35778774974995,60.98930491124969,355.3577756019942,60.988346,355.359,0.000150768794638537,0.001649550742118839,0.0015620722258721997,0.001649550742118839,0.9373507186906449,True
CP_000155,10615,10615,127,74,6096,6143,3552,3599,7450,286,235,60.56460027325763,355.3922533165608,60.564384780500006,355.39162888495,60.56533675460491,355.3923698342636,60.56408,355.39276,0.0012063418179343766,0.0011728316491179398,0.0013169744233300351,0.0013169744233300351,0.9373359710785951,True
CP_000156,12025,12020,144,73,6912,6959,3504,3551,9744,336,232,60.43016106984586,355.3746157554592,60.4305289817375,355.373842210375,60.43028198658914,355.3747609153775,60.429672,355.37524,0.0009513282740167756,0.0016429889700412567,0.000778007754483004,0.0016429889700412567,0.9373085753927214,True
CP_000157,8210,8210,98,76,4704,4751,3648,3695,3583,201,241,60.792791765560715,355.4280882167964,60.792729898500006,355.42741202575,60.79305430321145,355.429026696905,60.79259,355.42783,0.0016469369616161997,0.00043655615034441097,0.0012870153361220133,0.0016469369616161997,0.9372819323787648,True
CP_000158,6797,6797,81,74,3888,3935,3552,3599,1324,151,235,60.92629045029488,355.39347589323216,60.9265176456825,355.39282476715005,60.92561496618845,355.39404822504656,60.92674,355.39355,0.0015204208277743432,0.0007626702946655366,0.0012273730779910044,0.0015204208277743432,0.9371139371474346,True
CP_000159,6877,6877,82,71,3936,3983,3408,3455,1449,154,226,60.91827411392702,355.34081742540485,60.918573411,355.34004628134994,60.91782623180643,355.34085326048955,60.918423,355.34155,0.0010997691026151872,0.001513973193720396,0.000919258831417397,0.001513973193720396,0.9369128209815827,True
CP_000160,6464,6464,77,73,3696,3743,3504,3551,780,139,232,60.958111066544255,355.3758463949566,60.95798461799999,355.37532563475,60.9574595740644,355.3759318118387,60.95889,355.37628,0.0008019487496996587,0.001316075398216912,0.0014716414839984913,0.0014716414839984913,0.9367336610510806,True
CP_000161,11697,11693,140,77,6720,6767,3696,3743,9217,324,244,60.46207268652864,355.44414645540786,60.4620919215,355.44331890315,60.46187638222655,355.44496763104223,60.46225,355.44415,0.0016627570000053043,0.0008487338004378413,0.0008962730041603405,0.0016627570000053043,0.9366184899423902,True
CP_000162,9284,9284,111,71,5328,5375,3408,3455,5323,239,226,60.690115699127695,355.340727116534,60.69027609550001,355.33963848995,60.68999226653152,355.34129530105827,60.69008,355.34125,0.0016809467367574044,0.0016211270550080608,9.877347699608922e-05,0.0016809467367574044,0.936477574931013,True
CP_000163,14518,14511,174,76,8352,8399,3648,3695,13763,424,241,60.194105338461306,355.4253353678303,60.1944102644825,355.42480033815,60.194382343919,355.4249667516691,60.193523,355.42624,0.00016873949507835418,0.001690060200887892,0.0015350645799832971,0.001690060200887892,0.9364509440395321,True
CP_000164,9539,9539,114,77,5472,5519,3696,3743,5748,248,244,60.666353147033306,355.4441276669909,60.666782569122496,355.44432080417505,60.66585688906726,355.4432990132038,60.66642,355.44476,0.001378745935126079,0.0005719862860845995,0.001568715910151723,0.001568715910151723,0.9363979494810734,True
CP_000165,7049,7049,84,77,4032,4079,3696,3743,1694,160,244,60.90334851713397,355.4451625849885,60.902953922,355.445486093725,60.90427104224372,355.4445670909279,60.90282,355.44543,0.0016060423025252956,0.00014294349258050053,0.0016900711339621912,0.0016900711339621912,0.9358858992121227,True
CP_000166,7874,7874,94,72,4512,4559,3456,3503,3029,189,229,60.82455528078651,355.3582841642222,60.824137141,355.357406077725,60.82505055194546,355.35871228408234,60.82448,355.35873,0.0015938929083469024,0.0013711352472366627,0.0005728192905410612,0.0015938929083469024,0.9358532455691058,True
CP_000167,9455,9455,113,76,5424,5471,3648,3695,5610,245,241,60.67429332945765,355.4276110496947,60.674640449,355.426898597125,60.67384683917764,355.4284138000061,60.674393,355.42752,0.0017104550041295691,0.0006696686497051183,0.0010466609171939207,0.0017104550041295691,0.9357845053105228,True
CP_000168,14267,14260,171,74,8208,8255,3552,3599,13351,415,235,60.21794636403792,355.3912345518861,60.217993205,355.39045860415,60.2183127755415,355.3912467604927,60.217533,355.392,0.0008504797184793221,0.001606960362418242,0.0010829007488121285,0.001606960362418242,0.9356587350984008,True
CP_000169,13851,13845,166,73,7968,8015,3504,3551,12672,400,232,60.25772209234066,355.37420556692797,60.257332888662496,355.373341332375,60.25809336760753,355.37436692114346,60.25774,355.3749,0.0012767774073232827,0.0016191373069356458,0.0006466100380678331,0.0016191373069356458,0.9354792242592199,True
CP_000170,6136,6136,73,77,3504,3551,3696,3743,253,128,244,60.98912327904977,355.44625226326565,60.989553725,355.4459118861249,60.98903513680752,355.4471661927345,60.98878,355.44568,0.0013572836049582082,0.0008071633677769854,0.0015090394783271535,0.0015090394783271535,0.9352184258826313,True
CP_000171,7131,7131,85,76,4080,4127,3648,3695,1826,163,241,60.89537004732543,355.4280229567484,60.89506504249999,355.42786910455,60.89637270567747,355.4280991797576,60.894672,355.4281,0.0013277490677466696,0.00045580328574197475,0.0017003124601077473,0.0017003124601077473,0.9351977840786982,True
CP_000172,11117,11117,133,78,6384,6431,3744,3791,8274,304,247,60.51691383016876,355.4610283253378,60.5172157050625,355.460974488125,60.51746209525824,355.460562636326,60.516064,355.46155,0.00047992711203109767,0.0012868115278492126,0.0017106097771053116,0.0017106097771053116,0.9351505225738633,True
CP_000173,8291,8291,99,74,4752,4799,3552,3599,3711,204,235,60.7847998010263,355.3924238222941,60.784820487002506,355.392345609575,60.78521612310765,355.39170686316675,60.784363,355.39322,0.0007513487217915793,0.00098604484077945,0.0017362927195961357,0.0017362927195961357,0.9348752624779586,True
CP_000174,9869,9869,118,75,5664,5711,3600,3647,6282,260,238,60.63447790750575,355.40952068025405,60.6352614465625,355.40928951375,60.6341657757106,355.4091162770121,60.634007,355.41016,0.0011092815616745833,0.001525162938505423,0.0010520990874158679,0.001525162938505423,0.9348536684237339,True
CP_000175,9123,9123,109,76,5232,5279,3648,3695,5069,233,241,60.70613256555665,355.42692012663775,60.7061322305,355.42702721715,60.70564238877738,355.4261513756539,60.706623,355.42758,0.0010035154406059306,0.0007405933511674965,0.0017343088225497735,0.0017343088225497735,0.9348409195390879,True
CP_000176,6547,6547,78,73,3744,3791,3504,3551,915,142,232,60.950153415265426,355.3755986637625,60.95011377,355.37530165875,60.94951410885292,355.37521259425625,60.950832,355.37628,0.0006062392063946974,0.0012152931558147687,0.0016973135653737333,0.0016973135653737333,0.9347980063380383,True
CP_000177,11778,11773,141,75,6768,6815,3600,3647,9345,327,238,60.45407989875006,355.40877519423907,60.45418648250249,355.40859724455004,60.454031759890256,355.4079993342609,60.45402,355.40973,0.0006176048903370572,0.0011437279808016929,0.0017297003486974243,0.0017297003486974243,0.93474083039333,True
CP_000178,6052,6052,72,76,3456,3503,3648,3695,114,125,241,60.99707221175387,355.4278522234792,60.99741144,355.42831790335,60.9970438732401,355.4268635229468,60.99676,355.42838,0.0015001092227302762,0.0006526418254003639,0.0015378999183927498,0.0015378999183927498,0.9346431139385483,True
CP_000179,6217,6217,74,75,3552,3599,3600,3647,381,131,238,60.981134890324164,355.4104149229791,60.981647291,355.41063292135,60.981200891935366,355.40963162297794,60.980556,355.41098,0.0010962985700844253,0.0011447579035920737,0.0014946513788827661,0.0014946513788827661,0.9346205096069746,True
CP_000180,9450,9450,113,71,5424,5471,3408,3455,5593,245,226,60.674196112217295,355.3402315527463,60.674529267,355.33961577675007,60.67410124494488,355.3398618404731,60.673958,355.34122,0.0004937106799024705,0.0017001745623164912,0.0013627684598445133,0.0017001745623164912,0.9342896466952504,True
CP_000181,11365,11362,136,77,6528,6575,3696,3743,8676,312,244,60.49391515669043,355.44349831338377,60.493583207,355.44347736277496,60.49367068592284,355.44277319261084,60.49449,355.44424,0.0007095831043417594,0.0011888898438210795,0.0016847162255284932,0.0016847162255284932,0.9341511825097522,True
CP_000182,13606,13600,163,77,7824,7871,3696,3743,12280,391,244,60.2816794379182,355.4431847864944,60.281024590525,355.4424323677499,60.281749013756944,355.4434879585301,60.282265,355.44363,0.0012802581435855452,0.0017268163960804089,0.0005359849636882187,0.0017268163960804089,0.9341265512570678,True
CP_000183,12361,12356,148,77,7104,7151,3696,3743,10298,348,244,60.39839671789225,355.44371181486395,60.399113914225,355.443004883375,60.398302496775976,355.4441608346543,60.397774,355.44397,0.0014123107436850235,0.001651357671061597,0.000562230558787305,0.001651357671061597,0.9340342919425559,True
CP_000184,11114,11114,133,75,6384,6431,3600,3647,8264,303,238,60.51775669827989,355.40914790301105,60.51716917899999,355.40884428537504,60.51760726349591,355.4087178318613,60.518494,355.40988,0.0004559698638134164,0.0016823300065995888,0.0014628815322047504,0.0016823300065995888,0.9339561073847832,True
CP_000185,7213,7213,86,75,4128,4175,3600,3647,2003,166,238,60.886511372357226,355.4108082309962,60.8871764825,355.41026241655,60.88582580473768,355.4113956748761,60.88653,355.41077,0.001763123606357933,0.000818400627230414,0.0009456239582770685,0.001763123606357933,0.9338716025222081,True
CP_000186,7629,7629,91,76,4368,4415,3648,3695,2637,180,241,60.84850739874034,355.4281920310112,60.8478334059225,355.427659484725,60.84868595216375,355.4289380926836,60.849003,355.42798,0.001536773700101862,0.001212168476016523,0.0010105468074443095,0.001536773700101862,0.933796716454193,True
CP_000187,7293,7293,87,72,4176,4223,3456,3503,2128,169,229,60.87849446462462,355.3582062840344,60.87923921149999,355.35753525052496,60.8780360219735,355.3582579179844,60.87821,355.35883,0.0014035359965524111,0.001651751759500958,0.0005932869669503277,0.001651751759500958,0.9337459189686917,True
CP_000188,13686,13680,164,74,7872,7919,3552,3599,12405,394,235,60.273662496425054,355.39134730456607,60.2730965225,355.390647322575,60.27394229734156,355.39127422979493,60.27395,355.39212,0.0010527809577749972,0.0017017630753752293,0.0008461555264976313,0.0017017630753752293,0.9337192170622114,True
CP_000189,7299,7299,87,78,4176,4223,3744,3791,2103,169,247,60.879483669706794,355.4629772540172,60.8793506765,355.46293246075,60.88037337339188,355.46332229934825,60.878727,355.46268,0.0010944784444472102,0.0006740047712322193,0.001768357521965367,0.001768357521965367,0.9336850217548729,True
CP_000190,10533,10533,126,75,6048,6095,3600,3647,7318,283,238,60.57257956255226,355.4092482346122,60.5722770615,355.40905999555,60.57323796282668,355.4086810461772,60.572224,355.41,0.0010329249666698613,0.0009451761422026231,0.0016667682420879015,0.0016667682420879015,0.9336045300868965,True
CP_000191,11362,11359,136,74,6528,6575,3552,3599,8666,312,235,60.49386022428822,355.3916535270737,60.49352951,355.39138624115,60.493815170433,355.390965697493,60.494236,355.3926,0.0005083884837302061,0.001411872047234049,0.0016959834041706547,0.0016959834041706547,0.9335971582586804,True
CP_000192,12276,12271,147,75,7056,7103,3600,3647,10156,345,238,60.40632218535126,355.40891731862916,60.4069533826825,355.40840585215,60.4063468220529,355.4087391701437,60.405666,355.4096,0.000692110310788099,0.0017604108517091865,0.00110274830574825,0.0017604108517091865,0.9335539960005659,True
CP_000193,14184,14177,170,74,8160,8207,3552,3599,13216,412,235,60.225904950265196,355.39148876672806,60.2258672225,355.390482132775,60.22625787609832,355.39198587639345,60.22559,355.392,0.0015536586188520732,0.001541338891853586,0.0006682392311201977,0.0015536586188520732,0.9335388079915259,True
CP_000194,8869,8869,106,71,5088,5135,3408,3455,4647,224,226,60.72991567617518,355.34021530077774,60.7296387008775,355.33970651795005,60.72973494507968,355.33966130821125,60.730373,355.34128,0.00010633375256661441,0.0017348061653890418,0.0017382580549114256,0.0017382580549114256,0.9335292996527687,True
CP_000195,8875,8875,106,77,5088,5135,3696,3743,4667,224,244,60.73002869888264,355.4445275832768,60.7297652765,355.44462226635,60.729432453448695,355.4440141944178,60.73089,355.44495,0.0006931974164923127,0.0011688979056391638,0.0017287231761551553,0.0017287231761551553,0.9335057290694777,True
CP_000196,13934,13927,167,73,8016,8063,3504,3551,12807,403,232,60.249763955671334,355.37395334727927,60.249460311,355.37331881475,60.25014817588704,355.3736327798223,60.249683,355.3749,0.0007561297305595455,0.00160520757851088,0.0013577048738910068,0.00160520757851088,0.9334468779815961,True
CP_000197,7713,7713,92,77,4416,4463,3696,3743,2775,183,244,60.8405677151774,355.4447762002576,60.839978595202496,355.44516801855,60.8406944294801,355.443909117379,60.84103,355.44525,0.0014481888244891649,0.0010548314891370653,0.0013836854453459382,0.0014481888244891649,0.9333138177067333,True
CP_000198,14352,14345,172,76,8256,8303,3648,3695,13493,418,241,60.210024191028914,355.4258675853164,60.210156029500006,355.4248708302,60.21027222595979,355.42646239449914,60.209644,355.42627,0.001595800280593321,0.0014893668682614267,0.0006568600363214298,0.001595800280593321,0.9332771566778814,True
CP_000199,12108,12103,145,73,6960,7007,3504,3551,9879,339,232,60.42220227497402,355.3743633773304,60.4226583125375,355.373815486375,60.4223367264959,355.3740305049911,60.42161,355.37524,0.0003868469819076334,0.0017709520018134334,0.0014136655672119089,0.0017709520018134334,0.9332197930906699,True
CP_000200,14350,14343,172,74,8256,8303,3552,3599,13486,418,235,60.209987266310655,355.39097023299314,60.210117653,355.39043528095,60.21036767498468,355.39050764459193,60.209476,355.39197,0.000260283479116818,0.0016612187240184588,0.001710620028515162,0.001710620028515162,0.93321572174793,True
CP_000201,8126,8126,97,75,4656,4703,3600,3647,3444,198,238,60.8007351612271,355.409774134693,60.80058469518249,355.40992269215,60.80106079094024,355.40884673341355,60.80056,355.41055,0.0011765858970426244,0.0006307700653131436,0.00177821999748109,0.00177821999748109,0.9329525505335257,True
CP_000202,11942,11937,143,73,6864,6911,3504,3551,9609,333,232,60.43811870336027,355.37487798423905,60.4383999815625,355.37386796875,60.43822724668237,355.375491325764,60.43773,355.37527,0.0016325211587463716,0.0015585730847500095,0.0005434264919002372,0.0016325211587463716,0.9329119763232127,True
CP_000203,8040,8040,96,72,4608,4655,3456,3503,3299,195,229,60.8086384863824,355.35778440075455,60.8083910150425,355.357373252775,60.80915957594065,355.3572763362073,60.808365,355.3587,0.000774647452235098,0.0013306174265459573,0.001633609591062304,0.001633609591062304,0.9328439492386793,True
CP_000204,7382,7382,88,78,4224,4271,3744,3791,2238,172,247,60.87152422812855,355.46270561142757,60.871477862062505,355.46288965375004,60.872428318416894,355.4625806961577,60.870667,355.46265,0.000999410864185587,0.0008470144052372098,0.0017630423873092327,0.0017630423873092327,0.9328436244494842,True
CP_000205,13603,13597,163,74,7824,7871,3552,3599,12270,391,235,60.28161972218354,355.39161108811066,60.280970250500005,355.390670283375,60.281887420689294,355.3920121020507,60.282,355.39215,0.0016253241260165414,0.001804336191267079,0.00017964422180568175,0.001804336191267079,0.9323294908705453,True
CP_000206,11276,11273,135,71,6480,6527,3408,3455,8521,309,226,60.50175400576969,355.34004645133,60.501327501000006,355.339318307575,60.50190509736375,355.33987866360246,60.50203,355.34094,0.0008047461940967956,0.0017692679782785835,0.0010709595760085007,0.0017692679782785835,0.9323219784167192,True
CP_000207,12857,12852,154,75,7392,7439,3600,3647,11102,365,238,60.35149966659089,355.4088009239328,60.3518455795,355.40819418577496,60.35071707994065,355.4087237227422,60.351936,355.4095,0.0012465635383412013,0.0012938647355401288,0.001437334624289553,0.001437334624289553,0.9323112809692446,True
CP_000208,10287,10287,123,78,5904,5951,3744,3791,6923,274,247,60.59650713730173,355.46201679865567,60.595942405,355.46140203374995,60.59692602228603,355.4628563700295,60.596653,355.4618,0.0017557326047505093,0.0008105497999212795,0.001098840187687546,0.0017557326047505093,0.932239310036127,True
CP_000209,11857,11852,142,71,6816,6863,3408,3455,9467,330,226,60.44603688668432,355.34003600521993,60.44622029555751,355.33921794535,60.44627268871422,355.3400087226536,60.445618,355.34088,0.0007925110640879126,0.0017691969441324161,0.001091107848766824,0.0017691969441324161,0.9322248399860055,True
CP_000210,8874,8874,106,76,5088,5135,3648,3695,4664,224,241,60.730010646017575,355.4277229854269,60.7297496675,355.42713435495006,60.72947782719334,355.4283612614868,60.730804,355.42767,0.0012566609734921167,0.0011845069983528514,0.001494371653569971,0.001494371653569971,0.9321261090126886,True
CP_000211,6960,6960,83,71,3984,4031,3408,3455,1584,157,226,60.9103149170006,355.3405763813005,60.9107018775,355.34003490475,60.90988062984944,355.34014150477645,60.910362,355.34155,0.0008281372284828334,0.0015553642406364585,0.0014911474893379737,0.0015553642406364585,0.9321248350113284,True
CP_000212,8456,8456,101,73,4848,4895,3504,3551,3978,210,232,60.76886078235706,355.3750951315842,60.769057021,355.37478795075003,60.76937118178409,355.3745819166588,60.768154,355.37592,0.0003756954151927759,0.0014445121437295524,0.0018054633000962328,0.0018054633000962328,0.9321108230110651,True
CP_000213,7875,7875,94,73,4512,4559,3504,3551,3032,189,232,60.82457719722632,355.3751193703526,60.82416134649999,355.37494104275004,60.8250043577278,355.3744099882296,60.824566,355.376,0.0009963367070779886,0.0011402144386285194,0.0016561879591584028,0.0016561879591584028,0.9318884116997086,True
CP_000214,6133,6133,73,74,3504,3551,3552,3599,243,128,235,60.98907353442695,355.3937651134122,60.989501385,355.393035090125,60.98919382765585,355.3945834922991,60.988525,355.39368,0.0015786515805057946,0.00116803357879533,0.0011264881239453303,0.0015786515805057946,0.9318521892030969,True
CP_000215,8871,8871,106,73,5088,5135,3504,3551,4654,224,232,60.72995470370555,355.37557152877366,60.729689994162506,355.37467527575,60.72962907300884,355.37618481838354,60.730545,355.37585,0.0015107714418145955,0.0014565924404342774,0.0009737135884101366,0.0015107714418145955,0.93185188859408,True
CP_000216,6550,6550,78,76,3744,3791,3648,3695,925,142,241,60.950207085135936,355.42803299800835,60.95017293149999,355.42811270775,60.949356557550416,355.427733112447,60.95109,355.42825,0.0009003105128826788,0.0009295096633855133,0.001811467207550645,0.001811467207550645,0.9318405676078815,True
CP_000217,13022,13017,156,74,7488,7535,3552,3599,11369,371,235,60.335560031884846,355.39162358086656,60.336079687,355.39085293715,60.33486890230688,355.3917753738092,60.33573,355.39224,0.001522133030766577,0.0014324540851914935,0.0009809325914977912,0.001522133030766577,0.9317793407722195,True
CP_000218,11774,11769,141,71,6768,6815,3408,3455,9332,327,226,60.45399487519088,355.34028121678574,60.4540922008225,355.339231875175,60.45421810834387,355.3407304275258,60.453674,355.34088,0.0015038323882431686,0.001701583630531059,0.0005643461324435881,0.001701583630531059,0.9316081777281391,True
CP_000219,7210,7210,86,72,4128,4175,3456,3503,1993,166,229,60.8864522430974,355.3584516109319,60.8871103955,355.357554500925,60.88598153276682,355.35897464827696,60.886265,355.35883,0.0018141525767200624,0.001526740119605061,0.0003200490324248808,0.0018141525767200624,0.9315613211816243,True
CP_000220,11940,11935,143,71,6864,6911,3408,3455,9602,333,226,60.43807762199369,355.33978035720315,60.4383483764375,355.33920322375,60.43832726908457,355.3392870177813,60.437557,355.34085,8.641157346712864e-05,0.0018277128863037958,0.0017431247188343616,0.0018277128863037958,0.9314379741886365,True
CP_000221,13772,13766,165,77,7920,7967,3696,3743,12550,397,244,60.26576108557514,355.4426480432401,60.26528023501749,355.4423532729749,60.26585922287981,355.4419873411205,60.266144,355.4436,0.0006849328921651857,0.0015194897627597993,0.0016410373241580673,0.0016410373241580673,0.9314187837094859,True
CP_000222,11526,11523,138,72,6624,6671,3456,3503,8930,318,229,60.477895908112735,355.3577254886184,60.47773696,355.35662235775,60.47801115862529,355.3584303288085,60.47794,355.35812,0.0018286454644010934,0.001515035295437273,0.0003147894889274463,0.0018286454644010934,0.9314110535854137,True
CP_000223,10368,10368,124,76,5952,5999,3648,3695,7051,277,241,60.58851636531981,355.42651618511303,60.588040278482495,355.42653310815,60.58908413485976,355.4257388358609,60.588425,355.42728,0.001311680069837949,0.0008369967231922127,0.001673209684361269,0.001673209684361269,0.9313112979780912,True
CP_000224,9034,9034,108,70,5184,5231,3360,3407,4914,230,223,60.71397399266478,355.3229295745191,60.713864314500015,355.32219873275,60.71388911491035,355.32258486385416,60.71417,355.324,0.00038692672427254044,0.0018318347073213333,0.001447491087447472,0.0018318347073213333,0.9312739096704665,True
CP_000225,6965,6965,83,76,3984,4031,3648,3695,1601,157,241,60.91040545799058,355.4284651780501,60.91081215436251,355.42794375475,60.90961472986314,355.4293206758847,60.91079,355.42813,0.001824756762657308,0.0001887147180722781,0.001671868177777103,0.001824756762657308,0.93112379473545,True
CP_000226,6718,6718,80,78,3840,3887,3744,3791,1202,148,247,60.934318087186405,355.46302745856104,60.9344556283625,355.46323602975,60.93335611610688,355.46301675608925,60.935143,355.46283,0.0011211637429789571,0.0007981287622697666,0.0017961791879965105,0.0017961791879965105,0.9311043639844782,True
CP_000227,7211,7211,86,73,4128,4175,3504,3551,1996,166,232,60.88647651193836,355.3753177324658,60.887134553,355.37512309075,60.88593481435807,355.3747009562567,60.88636,355.37613,0.0012718373871598175,0.001269577654547907,0.0014901894489463105,0.0014901894489463105,0.9309775757549957,True
CP_000228,12854,12849,154,72,7392,7439,3456,3503,11092,365,229,60.35143883090034,355.3571259739685,60.351778275,355.35632768195,60.35085746208578,355.3571400837053,60.35168,355.3579,0.0012279629615795991,0.0015854762503886614,0.00112730828070304,0.0015854762503886614,0.9309222032117505,True
CP_000229,6794,6794,81,71,3888,3935,3408,3455,1314,151,226,60.92623063522192,355.34106831703525,60.926444547,355.34005668295003,60.92577183376343,355.34156501620265,60.926476,355.34158,0.001651548455120496,0.0015268832802899529,0.0007039273837441405,0.001651548455120496,0.9308261553215615,True
CP_000230,8786,8786,105,71,5040,5087,3408,3455,4512,221,226,60.73787523801902,355.34046931104467,60.73751139750251,355.33972254452505,60.737680478663925,355.34037679485897,60.738434,355.3413,0.0006757454687859913,0.0018347883838760936,0.001198248429074747,0.0018347883838760936,0.9307053666798385,True
CP_000231,14188,14181,170,78,8160,8207,3744,3791,13229,412,247,60.22598400619021,355.45960364236663,60.2259351078625,355.45938728475005,60.2260800210597,355.45879131813126,60.225937,355.46063,0.0006133319210955633,0.0012450407436627616,0.0018465616737764325,0.0018465616737764325,0.9306062998461102,True
CP_000232,13025,13020,156,77,7488,7535,3696,3743,11334,371,244,60.33649941328784,355.44335678605677,60.336133866742486,355.442699908775,60.33737728205658,355.4435838283015,60.335987,355.4438,0.0015255803396087442,0.001096579574567771,0.0014049042355914472,0.0015255803396087442,0.9305919438827912,True
CP_000233,8706,8706,104,74,4992,5039,3552,3599,4387,218,235,60.74589388634801,355.39288985334747,60.74545747049999,355.39221800355,60.74547431061434,355.393293597508,60.74675,355.39316,0.001075725779132488,0.0015980717076973816,0.0012827586620502674,0.0015980717076973816,0.9305671517927809,True
CP_000234,9701,9701,116,73,5568,5615,3504,3551,6005,254,232,60.65035981295665,355.37475820015624,60.6509632535,355.37445510912505,60.65016043585824,355.3741481046248,60.649956,355.37567,0.0008595161017126661,0.0015793655280967815,0.0015369726211676136,0.0015793655280967815,0.930559752761577,True
CP_000235,8626,8626,103,77,4944,4991,3696,3743,4262,216,244,60.7530122283458,355.4453285254661,60.7533848125,355.4447429791249,60.753267686746405,355.44623527305475,60.752384,355.445,0.0014968833004761171,0.0010349551388255127,0.001512756517756972,0.001512756517756972,0.9305331065648053,True
CP_000236,12943,12938,155,78,7440,7487,3744,3791,11202,368,247,60.34447850538273,355.46027674256294,60.3440201005,355.46002619475007,60.34528013122436,355.45980549778267,60.344135,355.461,0.0012792124834189514,0.000979139010455388,0.0016534849172109472,0.0016534849172109472,0.9304334833962971,True
CP_000237,13769,13763,165,74,7920,7967,3552,3599,12540,397,235,60.26570375348255,355.3910804760214,60.2652258723425,355.390615226775,60.265997173993824,355.3905363575391,60.26589,355.3921,0.0007753235413155654,0.001616536990489016,0.0015573026884722302,0.001616536990489016,0.9304287473654271,True
CP_000238,14099,14092,169,72,8112,8159,3456,3503,13074,409,229,60.23382409611721,355.3568402679335,60.233691023222505,355.356049627175,60.23429890428927,355.3567441258442,60.233482,355.35773,0.0009229560080721963,0.0016903520179707464,0.001277843745002329,0.0016903520179707464,0.9302312026372999,True
CP_000239,12689,12684,152,73,7296,7343,3504,3551,10825,359,232,60.36737842019557,355.3742856995139,60.36754766363749,355.37365654475,60.36670582204688,355.37407848347914,60.36788,355.37512,0.0009416631854357477,0.0015031285745359488,0.001572239993459946,0.001572239993459946,0.9301341031638551,True
CP_000240,11193,11190,134,71,6432,6479,3408,3455,8386,306,226,60.509712610784874,355.34030185279016,60.509201233000006,355.33933353315,60.50985053978431,355.3405991248298,60.510086,355.34097,0.0014224350952074744,0.0018629125071023419,0.0004417892478020365,0.0018629125071023419,0.9301243830348227,True
CP_000241,11441,11438,137,70,6576,6623,3360,3407,8788,315,223,60.485813583053705,355.3228536908157,60.48555486,355.32193138015,60.48605748950291,355.3228992235471,60.48583,355.32373,0.001090576571610662,0.0018197647472527334,0.0008622358982888945,0.0018197647472527334,0.9300957254449371,True
CP_000242,6800,6800,81,77,3888,3935,3696,3743,1334,151,244,60.926340849947984,355.445875731903,60.9265701275,355.44560015635,60.92545809861348,355.4465314338904,60.926994,355.4455,0.0014504778873645624,0.00043689052257235534,0.0018528162696784642,0.0018528162696784642,0.9300874881338269,True
CP_000243,9700,9700,116,72,5568,5615,3456,3503,6002,254,229,60.65033735394999,355.35799100496456,60.6509389245,355.357011578775,60.65020512587538,355.3585324810406,60.649868,355.35843,0.001688669335017383,0.0017764600453377352,0.000352652440953634,0.0017764600453377352,0.9300719766669189,True
CP_000244,8951,8951,107,70,5136,5183,3360,3407,4779,227,223,60.72193106168718,355.3231707662235,60.721737093682506,355.32221055215,60.721834716867335,355.3232966195672,60.72222,355.324,0.0010904461109562784,0.001858770197069511,0.0008071473532559287,0.001858770197069511,0.9298108267706097,True
CP_000245,9120,9120,109,73,5232,5279,3504,3551,5059,233,232,60.706077645513716,355.37480372055956,60.70607249300001,355.37460546275,60.705792950865366,355.3740122418974,60.706367,355.3758,0.0006557856243029485,0.0012240732089740783,0.0018715837264222336,0.0018715837264222336,0.9297121714234813,True
CP_000246,11358,11355,136,70,6528,6575,3360,3407,8653,312,223,60.493772889092234,355.32309644571325,60.493426812,355.32194291455005,60.49400300029623,355.3236159538397,60.49389,355.32373,0.001769478289608864,0.0018463027199127752,0.00016168740765283495,0.0018463027199127752,0.9297028607864094,True
CP_000247,11524,11521,138,70,6624,6671,3360,3407,8923,318,223,60.477853675348506,355.3226002883921,60.477681103,355.32191842075,60.47811197870958,355.32218249325445,60.477768,355.3237,0.0005053594410851016,0.0017836457220002432,0.001555968566975822,0.0017836457220002432,0.9296422568492324,True
CP_000248,6467,6467,77,76,3696,3743,3648,3695,790,139,241,60.95816466044505,355.4282890218855,60.95804377949999,355.42814912535,60.95730179485273,355.4284647664783,60.95915,355.42825,0.0008063315314820294,0.0011095169943494947,0.001858695189410222,0.001858695189410222,0.9295845136918505,True
CP_000249,14016,14009,168,72,8064,8111,3456,3503,12939,406,229,60.24178193228246,355.357089175254,60.241562631,355.35606593875,60.24224416438251,355.3574745362307,60.24154,355.35773,0.0015648113669337004,0.0016612800893364688,0.0007490115744691461,0.0016612800893364688,0.9295452109990527,True
CP_000250,6801,6801,81,78,3888,3935,3744,3791,1337,151,247,60.92635987276861,355.46276651637913,60.9265827035,355.46319356275,60.92541103834097,355.4622763965436,60.927086,355.46283,0.0014879492918428645,0.000621014741399804,0.0017638326362024366,0.0017638326362024366,0.9295421336794057,True
CP_000251,10698,10698,128,74,6144,6191,3552,3599,7585,289,235,60.556638579251256,355.3919897249577,60.5565130205,355.39160028175,60.55739151730259,355.3916381802323,60.55601,355.39273,0.0008793138956728613,0.0012368097779708164,0.0017603703019971218,0.0017603703019971218,0.929539196529526,True
CP_000252,6795,6795,81,72,3888,3935,3456,3503,1317,151,229,60.926254426042554,355.3579473289853,60.926471427,355.35764528935,60.92572477349093,355.3573099788558,60.926567,355.3589,0.0008184892119706466,0.0012451088303902095,0.0017876199170697676,0.0017876199170697676,0.9295145265437451,True
CP_000253,8122,8122,97,71,4656,4703,3408,3455,3431,198,226,60.80065734319404,355.34070137672865,60.8004914630425,355.339832132775,60.80126007703765,355.3408718509266,60.80022,355.3414,0.0012929738235324816,0.0015912553699984255,0.0011661211089526657,0.0015912553699984255,0.929479929093975,True
CP_000254,14185,14178,170,75,8160,8207,3600,3647,13219,412,238,60.22592603572166,355.40809651741483,60.225887599,355.40770734795,60.22621683262787,355.4074025167945,60.225674,355.40918,0.0004486834241334632,0.0014877993811147519,0.0018583205702360777,0.0018583205702360777,0.9293359506784954,True
CP_000255,11775,11770,141,72,6768,6815,3456,3503,9335,327,229,60.454018841346816,355.3569731239605,60.454119364742496,355.356572088775,60.45417510485458,355.3562540213877,60.453762,355.3581,0.00032291457532474216,0.001562574086126729,0.0018850505663035955,0.0018850505663035955,0.9293051275742668,True
CP_000256,9452,9452,113,73,5424,5471,3504,3551,5600,245,232,60.67423552709181,355.37552781276526,60.6745806055625,355.374526604375,60.67399648962896,355.3763244120456,60.67413,355.37573,0.0018903184505330887,0.001287441116033139,0.0006067457615495514,0.0018903184505330887,0.9290647027668891,True
CP_000257,9374,9374,112,78,5376,5423,3744,3791,5481,242,247,60.68228849090212,355.46144578601616,60.682542435,355.46185794075,60.68170203550908,355.4604127669077,60.68262,355.46207,0.0016717651565818295,0.00022300788903623696,0.0018920439606428707,0.0018920439606428707,0.9290142379137023,True
CP_000258,6299,6299,75,74,3600,3647,3552,3599,513,133,235,60.974048885611275,355.39325710061644,60.973753596,355.39298746635,60.973303033978375,355.3931375952649,60.97509,355.39365,0.0004749155992504884,0.0014899766649748097,0.0018579728867183529,0.0018579728867183529,0.9289895245292248,True
CP_000259,12362,12357,148,78,7104,7151,3744,3791,10301,348,247,60.39841616574461,355.4603769847984,60.399127044625,355.460321519375,60.39825997189593,355.4596583119735,60.39786,355.46115,0.0010916314281275508,0.0015132396598152005,0.0015450825621165544,0.0015450825621165544,0.9288120473478018,True
CP_000260,9039,9039,108,75,5184,5231,3600,3647,4931,230,238,60.71407420616248,355.41038771047397,60.71398642250001,355.40958124275,60.71363277191518,355.4112425332033,60.714603,355.41034,0.00169851544188573,0.000977458865891588,0.0013258565647174167,0.00169851544188573,0.9287456710702442,True
CP_000261,9536,9536,114,74,5472,5519,3552,3599,5738,248,235,60.666298749236,355.39205206759425,60.6667293526025,355.391959287575,60.6660063116094,355.3912220616921,60.66616,355.39297,0.0010326133255699154,0.001163989895222289,0.0017595678423189568,0.0017595678423189568,0.9285532636821235,True
CP_000262,10700,10700,128,76,6144,6191,3648,3695,7592,289,241,60.55667550912651,355.4271834449658,60.5565507495,355.426392205375,60.55728910185413,355.42797307092883,60.556187,355.4272,0.0017447922793580176,0.0008724481195921805,0.001355103740719052,0.0017447922793580176,0.9285357947621592,True
CP_000263,9783,9783,117,72,5616,5663,3456,3503,6137,257,229,60.64237931616594,355.3577453149239,60.643066871402496,355.356996213525,60.64225970624573,355.3578107761684,60.64181,355.35843,0.0011467466547887824,0.0019050013113714541,0.0007636424502812869,0.0019050013113714541,0.9284951034023377,True
CP_000264,7626,7626,91,73,4368,4415,3504,3551,2627,180,232,60.848452696779155,355.3758854046102,60.847774035,355.37501299575,60.84884061661677,355.37657510284623,60.848743,355.37607,0.0018915007071870489,0.001432836592216402,0.0005162169912547977,0.0018915007071870489,0.9283493125269338,True
CP_000265,8205,8205,98,71,4704,4751,3408,3455,3566,201,226,60.79269790722656,355.34044825531834,60.792619166837504,355.339817529125,60.79331452066248,355.34015760792374,60.79216,355.34137,0.0007740610642899912,0.001618584730060891,0.0016738679461001452,0.0016738679461001452,0.9282452289181103,True
CP_000266,7797,7797,93,78,4464,4511,3744,3791,2914,186,247,60.83262337583424,355.4630998665705,60.8321212865625,355.46266869375,60.8326876226785,355.464106491899,60.83306,355.46252,0.0015453155384807277,0.0009509407065783854,0.0016255903359899766,0.0016255903359899766,0.9281570385370117,True
CP_000267,13105,13100,157,74,7536,7583,3552,3599,11504,374,235,60.32760127096363,355.3913681835963,60.328205191,355.39082337395,60.32692375616823,355.3910387451982,60.327675,355.39224,0.0012994075583271701,0.0015149157168225982,0.001418811690956002,0.0015149157168225982,0.9281493664633954,True
CP_000268,13936,13929,167,75,8016,8063,3600,3647,12814,403,238,60.249803433322164,355.4088780447846,60.2495033292825,355.407792871975,60.25005192918008,355.4096310573008,60.249855,355.4092,0.0019183031928508597,0.001460320037487985,0.00046463033734768104,0.0019183031928508597,0.9279805404932827,True
CP_000269,13019,13014,156,71,7488,7535,3408,3455,11359,371,226,60.33549670162901,355.3399758896776,60.3360053546225,355.3390128191751,60.33500882863368,355.3402166076702,60.335476,355.3407,0.0015627446327964336,0.0017666210752242735,0.0006709304556209293,0.0017666210752242735,0.9279135345141762,True
CP_000270,10784,10784,129,77,6192,6239,3696,3743,7730,292,244,60.54873739118781,355.4436489166892,60.54869419999999,355.4437487009499,60.54930020012592,355.44280107646136,60.548218,355.4444,0.001124823685713979,0.0008045113266264228,0.0019283496054018781,0.0019283496054018781,0.927674572210698,True
CP_000271,11694,11690,140,74,6720,6767,3552,3599,9207,324,235,60.46201613984844,355.39233472663796,60.46203810799999,355.39127720834995,60.46201995510003,355.3932098817201,60.46199,355.39252,0.0019327586200855145,0.0012408006808700184,0.0006934238705963446,0.0019327586200855145,0.9275032276045325,True
CP_000272,9871,9871,118,77,5664,5711,3696,3743,6289,260,244,60.63451157273263,355.44478060788975,60.6352947385,355.4441653893749,60.63406181807677,355.4455353210132,60.63418,355.44464,0.001843042447587671,0.0012136956626630582,0.000901744580356606,0.001843042447587671,0.9274809357725624,True
CP_000273,11031,11031,132,75,6336,6383,3600,3647,8129,301,238,60.524819636909434,355.4094028218064,60.525041755,355.40887241315005,60.52555240963457,355.4094544604722,60.523865,355.40988,0.0007743043594347973,0.0015504165590549158,0.0017408760425518578,0.0017408760425518578,0.9274190874550822,True
CP_000274,7042,7042,84,70,4032,4079,3360,3407,1716,160,223,60.90233314401231,355.32345247137977,60.902799684,355.322442684925,60.9019818830467,355.3236959792143,60.902218,355.32422,0.001496510933705565,0.0018689356625315918,0.0005735649676169657,0.0018689356625315918,0.9274006596701785,True
CP_000275,13768,13762,165,73,7920,7967,3504,3551,12537,397,232,60.265680759621574,355.37447016122775,60.265203243462494,355.37337045637497,60.26603855932802,355.37510106246464,60.2658,355.37494,0.0019216529428546728,0.0016783639680171645,0.0002880265168977717,0.0019216529428546728,0.9273787953671965,True
CP_000276,11359,11356,136,71,6528,6575,3408,3455,8656,312,226,60.493795994087826,355.3398011207875,60.493455549,355.339302777175,60.49395965494317,355.3391582023751,60.493973,355.34094,0.0005244279499806108,0.0017192535636859083,0.0017842287006771696,0.0017842287006771696,0.9273482635622393,True
CP_000277,8378,8378,100,78,4800,4847,3744,3791,3860,207,247,60.77690464470953,355.4629476157331,60.7770149523625,355.46236986837494,60.777057136062965,355.4641316702307,60.77664,355.46234,0.0017623067960939375,0.0003741981298334858,0.0018378957734420105,0.0018378957734420105,0.927346294089857,True
CP_000278,12606,12601,151,73,7248,7295,3504,3551,10690,356,232,60.375337797245436,355.374547012592,60.3754201021625,355.373678312375,60.374651059349205,355.3748101375105,60.375942,355.37515,0.0013683767705208465,0.0015640031998942012,0.0013358122968199935,0.0015640031998942012,0.9270975566608844,True
CP_000279,7046,7046,84,74,4032,4079,3552,3599,1729,160,235,60.90241379826304,355.3927061078181,60.902901363,355.39274902255,60.90177884404498,355.3918756485605,60.90256,355.3935,0.0014222626093440482,0.0008186530000245686,0.001797219493081941,0.001797219493081941,0.9270580675558437,True
CP_000280,11111,11111,133,72,6384,6431,3456,3503,8254,303,229,60.51769630322109,355.3572698553926,60.517102225,355.35672120675,60.517752431733584,355.35687302739655,60.518234,355.35822,0.0006676962671044906,0.0018745393006249736,0.0014261603687396082,0.0018745393006249736,0.9269633095363243,True
CP_000281,7794,7794,93,75,4464,4511,3600,3647,2904,186,238,60.83257314086611,355.41081839331986,60.8320757724375,355.41004227375004,60.83284183131318,355.4117683749595,60.8328,355.41064,0.0018884574621239247,0.0009433225778942274,0.001124555770396835,0.0018884574621239247,0.9269400840932636,True
CP_000282,12110,12105,145,75,6960,7007,3600,3647,9886,339,238,60.422239208285795,355.409440698689,60.422700969122495,355.40846724295,60.42223702316654,355.41021740194526,60.42178,355.40964,0.0018106082841834808,0.0014893785041216454,0.0007386129289774122,0.0018106082841834808,0.9268848999816748,True
CP_000283,7214,7214,86,76,4128,4175,3648,3695,1961,166,241,60.887409824481786,355.4277565057969,60.8871938585,355.42783316695,60.88842749116607,355.4273662820814,60.88661,355.42807,0.0013190265483835476,0.0006318286482910101,0.0019507467321892202,0.0019507467321892202,0.9268456417368376,True
CP_000284,14104,14097,169,77,8112,8159,3696,3743,13091,409,244,60.23392278217796,355.44327801897344,60.2337928024225,355.44219586395,60.2340659371778,355.44412623007986,60.23391,355.4435,0.0019495938012292964,0.0013212720065438105,0.0006338480299133558,0.0019495938012292964,0.9268211545135531,True
CP_000285,10532,10532,126,74,6048,6095,3552,3599,7315,283,235,60.572557033000976,355.392506355638,60.5722569965,355.39165634815004,60.57328199190723,355.39310148829503,60.572132,355.39276,0.0017717352012965697,0.0011119179049278122,0.0011991673857071462,0.0017717352012965697,0.9268180538346489,True
CP_000286,13108,13103,157,77,7536,7583,3696,3743,11469,374,244,60.3285394598906,355.44308295477737,60.328259380102494,355.442657997575,60.329432363827095,355.4428347632416,60.327927,355.44376,0.0011862280215309132,0.0011474125091517039,0.001765243599686766,0.001765243599686766,0.9266984033742981,True
CP_000287,6884,6884,82,78,3936,3983,3744,3791,1427,154,247,60.91928378549098,355.4625785155096,60.9187116155,355.46315365075,60.92011431983037,355.46178282351315,60.919025,355.4628,0.0019613125073927235,0.00047349750039016303,0.0014894501935896975,0.0019613125073927235,0.9264303411404337,True
CP_000288,12774,12769,153,75,7344,7391,3600,3647,10967,362,238,60.35945900124111,355.40905727843966,60.3597180503625,355.40822288975,60.35866215770655,355.40946408228785,60.359997,355.4095,0.0016295607435574708,0.0012923916323198965,0.0013347997232768625,0.0016295607435574708,0.9264210894661038,True
CP_000289,12860,12855,154,78,7392,7439,3744,3791,11112,365,247,60.35155503801386,355.46046798708784,60.3518926765,355.46006754675,60.35057669779552,355.46030736177903,60.352196,355.46103,0.0013376513741638007,0.001008137435634497,0.0017726067450938212,0.0017726067450938212,0.9263624712501758,True
CP_000290,6962,6962,83,73,3984,4031,3504,3551,1591,157,232,60.910352653883024,355.3760829597452,60.910752915,355.37519635375,60.909771141619785,355.37686233993867,60.910534,355.3762,0.0019337499711305022,0.001017677261067701,0.0010166609785453352,0.0019337499711305022,0.9262270227265745,True
CP_000291,10868,10868,130,78,6240,6287,3744,3791,7869,295,247,60.540791875366345,355.4618388559915,60.54083372,355.46109784975,60.5412968499467,355.4628098315057,60.540245,355.4616,0.0017735193484681609,0.0007795408321436147,0.0015964142843038387,0.0017735193484681609,0.9259625773327028,True
CP_000292,12686,12681,152,70,7296,7343,3360,3407,10815,359,223,60.36731460563106,355.3226058047929,60.36746715199999,355.32176956197503,60.36684666001037,355.3224699715444,60.36763,355.32358,0.0009357263884695642,0.001815637146821165,0.0013568685416601367,0.001815637146821165,0.9259516347028496,True
CP_000293,13521,13515,162,75,7776,7823,3600,3647,12138,388,238,60.28960164789592,355.40849308290854,60.288864301382496,355.40795051115003,60.28979095358457,355.40819646218506,60.29015,355.40933,0.0009587367809995487,0.0018871918359825847,0.0011911181871799479,0.0018871918359825847,0.9259470169981917,True
CP_000294,13187,13181,158,73,7584,7631,3504,3551,11636,377,232,60.319618632702635,355.37446484831435,60.320308774562506,355.37352207874994,60.31902045118211,355.37484194861497,60.319527,355.37503,0.0018444060271747243,0.0016991384724026294,0.0005402019419892887,0.0018444060271747243,0.9258980941407329,True
CP_000295,10447,10447,125,72,6000,6047,3456,3503,7173,280,229,60.58047666420367,355.35754949566757,60.5800827795,355.35686946715003,60.581330123267264,355.35747213508705,60.580017,355.3583,0.001385306867099463,0.0014389178338426252,0.001555912528757963,0.001555912528757963,0.9257993780192748,True
CP_000296,12937,12932,155,72,7440,7487,3456,3503,11227,368,229,60.34347936923456,355.3568775233362,60.343905651,355.35631025315,60.34291215641072,355.35641216060867,60.34362,355.3579,0.000998707479225141,0.001625150748499841,0.0016569425757735055,0.0016569425757735055,0.9257782077591,True
CP_000297,9532,9532,114,70,5472,5519,3360,3407,5725,248,223,60.66621241117311,355.3232065859579,60.6666270412575,355.3221536413499,60.66620056091419,355.32352202472686,60.66581,355.32394,0.0014333033696604168,0.0019682153753290544,0.0005752969125469195,0.0019682153753290544,0.925687112089182,True
CP_000298,11028,11028,132,72,6336,6383,3456,3503,8119,300,229,60.52565578517778,355.3575165947049,60.5249748415,355.356737232525,60.52569780578141,355.3575972195585,60.526295,355.35822,0.0011235012460958608,0.0019816221620877006,0.0008592762002449337,0.0019816221620877006,0.9256747278685475,True
CP_000299,10619,10619,127,78,6096,6143,3744,3791,7463,286,247,60.56467336270877,355.46093250319086,60.5644512225,355.46123198575,60.56514625820442,355.45986508436954,60.564423,355.4617,0.001533458187973519,0.00046932685272667773,0.0019728656157791194,0.0019728656157791194,0.9256435465967695,True
CP_000300,6544,6544,78,70,3744,3791,3360,3407,905,142,223,60.95009171611664,355.32315653532396,60.9500343353625,355.32249774475,60.94967166015539,355.3226920760655,60.95057,355.32428,0.0004114583405735362,0.0018605638218390063,0.0018238183192133969,0.0018605638218390063,0.925544946206688,True
CP_000301,7961,7961,95,76,4560,4607,3648,3695,3177,192,241,60.81667377324151,355.4271356729466,60.816347488202496,355.42751852855,60.8169051852818,355.42600152739897,60.81677,355.4279,0.0016162668481942578,0.0005595694381270281,0.0018903729534343633,0.0018903729534343633,0.9255427225851249,True
CP_000302,8377,8377,100,77,4800,4847,3696,3743,3856,207,244,60.77689279093898,355.4443852369539,60.7770022690825,355.44485610597496,60.777118181371165,355.4432312455119,60.776558,355.44507,0.0016289896202894786,0.0004924383339148992,0.0019206450744005308,0.0019206450744005308,0.925466023712432,True
CP_000303,8542,8542,102,76,4896,4943,3648,3695,4123,213,241,60.760958321337284,355.42703179393857,60.7612444334425,355.42727584977496,60.761273627493175,355.42608515704075,60.760357,355.42773,0.0011910505782296555,0.00099897724356124,0.0018868766610082187,0.0018868766610082187,0.9254527357024083,True
CP_000304,9199,9199,110,69,5280,5327,3312,3359,5181,236,220,60.69803187861654,355.30564718491405,60.69808891,355.30471655135005,60.69804301125001,355.3055233432358,60.697964,355.3067,0.0008080964312142696,0.001989052754633377,0.0011809821013904396,0.001989052754633377,0.9254101994766066,True
CP_000305,6381,6381,76,73,3648,3695,3504,3551,645,136,232,60.96606809225733,355.3761041086768,60.965857404000005,355.37534904075,60.965405039275886,355.3766510294212,60.96694,355.3763,0.0013783353523863925,0.0014504380989636102,0.0015736912027053377,0.0015736912027053377,0.9252980517904915,True
CP_000306,10949,10949,131,76,6288,6335,3648,3695,7997,298,241,60.53279826543743,355.4263866752265,60.532931803,355.42628400995,60.53345386855641,355.425751992292,60.53201,355.42712,0.0007453826088569964,0.0012477811512417258,0.001992424180084445,0.001992424180084445,0.9252748484966549,True
CP_000307,11613,11610,139,76,6672,6719,3648,3695,9078,321,241,60.470017723730905,355.42599329806694,60.46994801699999,355.42600232415003,60.469878866350925,355.42500613450386,60.470226,355.42697,0.0009985868131560985,0.0010082715709997835,0.001995773003624054,0.001995773003624054,0.9250199451074501,True
CP_000308,9623,9623,115,78,5520,5567,3744,3791,5887,251,247,60.658407628621354,355.4623629366065,60.658923464,355.46173049612497,60.65785215623907,355.4633832160383,60.658447,355.46198,0.0019695642743018374,0.0005353454972760922,0.001528709442357,0.0019695642743018374,0.9249602063970404,True
CP_000309,6296,6296,75,71,3600,3647,3408,3455,503,133,226,60.973992077748186,355.34078916945396,60.9736805220975,355.3401434535251,60.973461269008375,355.3405797677273,60.974834,355.34164,0.0004883052325516577,0.001893154222204973,0.0017374711394840979,0.001893154222204973,0.9248489397944287,True
CP_000310,12521,12516,150,71,7200,7247,3408,3455,10548,353,226,60.3832557068229,355.33976033987693,60.383240894,355.33909280255006,60.382695202298805,355.33939842215904,60.38383,355.3408,0.000625446063335715,0.0017966737955090967,0.0017961095423379846,0.0017966737955090967,0.9248137100413514,True
CP_000311,13683,13677,164,71,7872,7919,3408,3455,12395,394,226,60.273595995228995,355.3397837775903,60.273022054,355.338903315975,60.27408047636473,355.33981080976446,60.273685,355.34064,0.0013942033137357359,0.0018564696359666282,0.000915955275409834,0.0018564696359666282,0.9247112767365147,True
CP_000312,9042,9042,108,78,5184,5231,3744,3791,4941,230,247,60.714125724301454,355.46252422342786,60.7140323675,355.46202036375,60.71348198191802,355.46339410340863,60.714863,355.46216,0.0014798935564804894,0.0008418175803101548,0.0018531521653234464,0.0018531521653234464,0.9246498066570308,True
CP_000313,12771,12766,153,72,7344,7391,3456,3503,10957,362,229,60.35939824062029,355.3573842721267,60.3596507431625,355.35634413575,60.358802767760864,355.35786800680205,60.35974,355.35794,0.0017439166450804056,0.0015990992005344752,0.0009412524063469492,0.0017439166450804056,0.924647688786972,True
CP_000314,10948,10948,131,75,6288,6335,3600,3647,7994,298,238,60.53277767783066,355.40966769400274,60.532914091,355.4088998835501,60.53349755577322,355.4101910890831,60.53192,355.4099,0.0014169131484186891,0.0014177668745800089,0.0016006681623011972,0.0016006681623011972,0.9245497956549864,True
CP_000315,12851,12846,154,69,7392,7439,3312,3359,11082,365,220,60.351369838809866,355.3054633420134,60.3516903159975,355.304467614575,60.35099784423092,355.3055564446684,60.35142,355.30637,0.0012903751856834867,0.0019173107547623778,0.0009136128640844409,0.0019173107547623778,0.9245173805088416,True
CP_000316,9116,9116,109,69,5232,5279,3312,3359,5046,233,220,60.70599121000055,355.30589467309954,60.70596077850001,355.30472047355,60.70598868157975,355.3062313680141,60.706024,355.30673,0.0015111520980761071,0.002012702709749128,0.0005020655319307667,0.002012702709749128,0.9245172118811859,True
CP_000317,8538,8538,102,72,4896,4943,3456,3503,4110,213,229,60.760880590102005,355.35802284219795,60.7611605725,355.357265354575,60.76147143218101,355.358191111472,60.76001,355.3586,0.0009765549516680108,0.001771432594874771,0.0015210743718107316,0.001771432594874771,0.9244938185846464,True
CP_000318,12692,12687,152,76,7296,7343,3648,3695,10835,359,241,60.36743689338167,355.42597785603584,60.36760833644249,355.42554979535,60.36656498408341,355.4256869954139,60.368137,355.4267,0.0010523345488640927,0.0012631045940339908,0.0018686959012074534,0.0018686959012074534,0.9243396131835877,True
CP_000319,7376,7376,88,72,4224,4271,3456,3503,2263,172,229,60.87053613198518,355.3579513854858,60.87136636499999,355.35751780274995,60.87009051118018,355.3575411876917,60.87015,355.3588,0.0012760681114390934,0.001762811910620846,0.001255461542836502,0.001762811910620846,0.9242855815560339,True
CP_000320,9282,9282,111,69,5328,5375,3312,3359,5316,239,220,60.69007463053072,355.3054103142545,60.690215662,355.30471396415,60.69009734092028,355.3048153184574,60.68991,355.3067,0.00015579657740799965,0.002010925705954352,0.0018955340793195003,0.002010925705954352,0.9240852241420474,True
CP_000321,12609,12604,151,76,7248,7295,3648,3695,10700,356,241,60.37539745920508,355.42624732499706,60.3754807545,355.425583594175,60.374509993476565,355.42643108589425,60.3762,355.42673,0.0012886501382495846,0.0013519291268153052,0.001717373777893008,0.001717373777893008,0.9240584147393637,True
CP_000322,14515,14508,174,73,8352,8399,3504,3551,13753,424,232,60.19404508137203,355.3738621378188,60.194349178,355.37317234037494,60.19451824385048,355.3736276961282,60.193268,355.3748,0.0004857284466017943,0.0019427929122800443,0.0017047273664432697,0.0019427929122800443,0.9240494795299355,True
CP_000323,7710,7710,92,74,4416,4463,3552,3599,2765,183,235,60.84051643215977,355.39247714679794,60.839925894322505,355.39253181195,60.84084886602396,355.3915585639906,60.840775,355.39334,0.0013413009923774948,0.0011726391329077992,0.0017840495597433825,0.0017840495597433825,0.9239745094403492,True
CP_000324,12777,12772,153,78,7344,7391,3744,3791,10977,362,247,60.35951300952862,355.4607426941537,60.3597651005625,355.46010835437505,60.358521547652245,355.4610601577736,60.360252,355.46106,0.001565999217781013,0.001068762542158035,0.0017308328185437162,0.0017308328185437162,0.9237946575371692,True
CP_000325,8703,8703,104,71,4992,5039,3408,3455,4377,218,226,60.745832227483014,355.34071308419396,60.745384006382494,355.339738377325,60.74562601224817,355.34109228150675,60.746487,355.3413,0.0013753629966058174,0.0019187060854337452,0.0008874187916968132,0.0019187060854337452,0.9237475755103736,True
CP_000326,14182,14175,170,72,8160,8207,3456,3503,13209,412,229,60.225862615233865,355.3565812628786,60.22581992538251,355.356033539975,60.22635364419603,355.3560137154577,60.225414,355.3577,0.0005340868687691649,0.0017117528438808447,0.001927248800957071,0.001927248800957071,0.9237457835679481,True
CP_000327,9207,9207,110,77,5280,5327,3696,3743,5208,236,244,60.69818910092396,355.4451952498146,60.69827601899999,355.4444655871499,60.6976371089672,355.4462654259659,60.698654,355.44485,0.0019098758581578565,0.0005426222401660386,0.0017390998165612093,0.0019098758581578565,0.9237315778369629,True
CP_000328,14432,14425,173,73,8304,8351,3504,3551,13618,421,232,60.20200562502174,355.37412554666685,60.20222137,355.373196664375,60.20246341278006,355.37436308109426,60.201332,355.37482,0.0011912651553757177,0.0018482317531688076,0.0012189473728542305,0.0018482317531688076,0.9236665495679055,True
CP_000329,13270,13264,159,73,7632,7679,3504,3551,11771,380,232,60.311661213390494,355.37421399708893,60.3124383717625,355.37350242275005,60.3110752366707,355.37410905093867,60.31147,355.37503,0.001492023806012297,0.0018090760642067957,0.0010024788840722891,0.0018090760642067957,0.9235918147687728,True
CP_000330,7962,7962,95,77,4560,4607,3696,3743,3181,192,244,60.81668641024512,355.4457231696177,60.816362977,355.44505225415,60.81684368415526,355.4469268250156,60.816853,355.4452,0.0019352248704633578,0.0005087173808964055,0.0017364180620756814,0.0019352248704633578,0.923555185201265,True
CP_000331,11606,11603,139,69,6672,6719,3312,3359,9055,321,220,60.46987083050738,355.30566052062994,60.469775503,355.30455881755,60.47020960815105,355.30593470723045,60.469627,355.3065,0.0014427472734082466,0.0019348975222109911,0.0008032204819768749,0.0019348975222109911,0.9235529650024112,True
CP_000332,8868,8868,106,70,5088,5135,3360,3407,4644,224,223,60.72989327988512,355.32341218292777,60.7296100616025,355.32222304655,60.729780318824325,355.32400837528024,60.73029,355.324,0.0017934286148714798,0.0019071947193355612,0.0005091507662848249,0.0019071947193355612,0.9235378897521572,True
CP_000333,13102,13097,157,71,7536,7583,3408,3455,11494,374,226,60.327536582212325,355.3397286754903,60.328130825742505,355.33899536877504,60.327063454585854,355.3394924155082,60.327415,355.3407,0.0011774279769762562,0.0018470292305572177,0.001256156930290659,0.0018470292305572177,0.9234044578952332,True
CP_000334,11689,11685,140,69,6720,6767,3312,3359,9190,324,220,60.461910202112186,355.3054219417773,60.461903467,355.30455608035,60.462264028984976,355.30522170787253,60.461563,355.3065,0.0007570105308299792,0.001961708329058468,0.0014473688772200825,0.001961708329058468,0.9234025491729124,True
CP_000335,8621,8621,103,72,4944,4991,3456,3503,4245,216,229,60.75292021125742,355.35777758060385,60.7532853565,355.357248787375,60.75352596696952,355.3574718938896,60.75195,355.3586,0.0003281309417135469,0.0019088041236300386,0.0019457199827376185,0.0019457199827376185,0.9233953121147647,True
CP_000336,9036,9036,108,72,5184,5231,3456,3503,4921,230,229,60.714015836344345,355.3582638567129,60.7139199224625,355.35714958175,60.71378356191234,355.3590909629979,60.714344,355.35855,0.0019461642658101293,0.00146420864302346,0.0007782358956520242,0.0019461642658101293,0.9233153366213033,True
CP_000337,12441,12436,149,74,7152,7199,3552,3599,10423,350,235,60.391276610819425,355.39172169448693,60.39118750550001,355.39103338955,60.39049907744655,355.39176719195774,60.392143,355.39236,0.0010061804800378564,0.0016386905887647697,0.0017493087236024496,0.0017493087236024496,0.9232063935499059,True
CP_000338,7216,7216,86,78,4128,4175,3744,3791,1968,166,247,60.887442567805884,355.4632493716067,60.887221860500006,355.46297669275,60.88831842836687,355.46406390253884,60.886787,355.4627,0.0015441781670668402,0.0005110748521271743,0.002045428602601477,0.002045428602601477,0.923173622195038,True
CP_000339,12603,12598,151,70,7248,7295,3360,3407,10680,356,223,60.37527279597739,355.32284868951206,60.3753396172025,355.32177899855003,60.37479212522186,355.3231891891268,60.375687,355.32358,0.0015127408673455097,0.0018320497284631245,0.0009753193348527573,0.0018320497284631245,0.9230980042609435,True
CP_000340,14600,14593,175,75,8400,8447,3600,3647,13895,427,238,60.18612584244187,355.40847924762966,60.1865203945,355.40755918117503,60.18647810450528,355.4088209445265,60.18538,355.40906,0.001262471860579159,0.0018836207791374081,0.0011242697224517124,0.0018836207791374081,0.9230752107336788,True
CP_000341,13848,13842,166,70,7968,8015,3360,3407,12662,400,223,60.257657160014936,355.3226591695182,60.25725213850001,355.32162384157505,60.25823109081237,355.3229283740109,60.25749,355.32343,0.001630997396120805,0.0018168588580765358,0.0008937224597293434,0.0018168588580765358,0.9230195303499598,True
CP_000342,13600,13594,163,71,7824,7871,3408,3455,12260,391,226,60.28155711165448,355.3400293263259,60.280895782,355.33891452637505,60.28202582762164,355.3405362455714,60.28175,355.34064,0.0019766072596221164,0.001922718875510513,0.00029398245748422854,0.0019766072596221164,0.9228760518470129,True
CP_000343,11113,11113,133,74,6384,6431,3552,3599,8261,303,235,60.51773526475795,355.39242424047603,60.517149066,355.39146917075004,60.51765081396721,355.39316439052186,60.518406,355.39264,0.0017679143354131458,0.0017171321662990855,0.0009198062076170043,0.0017679143354131458,0.9228404119407203,True
CP_000344,8707,8707,104,75,4992,5039,3600,3647,4390,219,238,60.7450181486729,355.40969918162045,60.74547739149999,355.40971264434995,60.74542880012419,355.4089539923082,60.74415,355.41043,0.0007602065786452896,0.001510797275573317,0.0019547577666667016,0.0019547577666667016,0.9227435076555999,True
CP_000345,7125,7125,85,70,4080,4127,3360,3407,1851,163,223,60.89437199770339,355.323212369462,60.8949261854225,355.32243040395,60.89403621271696,355.32298795443586,60.894154,355.32422,0.00105019710571733,0.0019480958910370646,0.0012363803274886849,0.0019480958910370646,0.9227153848089982,True
CP_000346,13766,13760,165,71,7920,7967,3408,3455,12530,397,226,60.26563970850079,355.33952511065354,60.265151371,355.33888326855,60.26613512510782,355.3390853739576,60.265633,355.3406,0.0010043001246811028,0.0017893544231676497,0.001602155666245503,0.0017893544231676497,0.9226854420342261,True
CP_000347,6461,6461,77,70,3696,3743,3360,3407,770,139,223,60.9580519891367,355.32340614636115,60.95790519128249,355.32250927915,60.95761735327604,355.32339885719904,60.958633,355.3243,0.0009349865364363695,0.0019426804085401256,0.0013649653278321,0.0019426804085401256,0.922683591483141,True
CP_000348,12940,12935,155,75,7440,7487,3600,3647,11237,368,238,60.34354029689484,355.4085342056915,60.3439730035,355.408164908175,60.34277200217474,355.40798336319654,60.343876,355.40945,0.0012146451179179587,0.0012930897648730031,0.0018391157788880143,0.0018391157788880143,0.9226754194929125,True
CP_000349,6633,6633,79,76,3792,3839,3648,3695,1060,145,241,60.94224667736199,355.4277669566052,60.9423012155,355.42807675515,60.9414113202481,355.4270014584156,60.943027,355.42822,0.0013957709792182,0.0007407907845405402,0.002025672555962587,0.002025672555962587,0.922651164053951,True
CP_000350,9615,9615,115,70,5520,5567,3360,3407,5860,251,223,60.658256887395936,355.32296446970525,60.65875506032249,355.32214029195,60.65825498174813,355.3228090253689,60.65776,355.32394,0.0008350347094932687,0.0020597585318399216,0.0012380505717058715,0.0020597585318399216,0.9225924706890126,True
CP_000351,10780,10780,129,73,6192,6239,3504,3551,7717,292,232,60.548660963048725,355.37500259170764,60.5486183345,355.37418133275,60.549490103962576,355.3753381611227,60.547874,355.3755,0.0014485281770702093,0.0015038209713564494,0.0016226125756009407,0.0016226125756009407,0.9225303212546433,True
CP_000352,13931,13924,167,70,8016,8063,3360,3407,12797,403,223,60.2496964012927,355.3224152083608,60.2493795519825,355.321613662975,60.25028567118272,355.32220666913867,60.249424,355.32343,0.0010829165781259431,0.0018121747008502619,0.0014924994154269756,0.0018121747008502619,0.922502932559332,True
CP_000353,6382,6382,76,74,3648,3695,3552,3599,648,136,235,60.96609016912336,355.3929968908513,60.965879484,355.39296030315,60.965357637139626,355.3924146467477,60.967033,355.39362,0.0007550265260754784,0.0013270512750646302,0.0020617270317879453,0.0020617270317879453,0.92243085169105,True
CP_000354,9371,9371,112,75,5376,5423,3600,3647,5471,242,238,60.68223791507751,355.4093526163203,60.6824964138825,355.40946858615,60.681851913869565,355.4083109424982,60.682365,355.41028,0.0013249600338403542,0.0008202618309074563,0.0020332883274761914,0.0020332883274761914,0.9223525185037476,True
CP_000355,10452,10452,125,77,6000,6047,3696,3743,7190,280,244,60.58057173153768,355.4447248763077,60.5801829915825,355.44390866515,60.58108023769853,355.4457774383826,60.580452,355.4445,0.0020730084388821198,0.0006392063646485515,0.001433883840275536,0.0020730084388821198,0.9222611614663959,True
CP_000356,8212,8212,98,78,4704,4751,3744,3791,3589,201,247,60.79282777020194,355.46175004986566,60.7927580925,355.46245554812504,60.79296246175815,355.4603922577218,60.792763,355.4624,0.0020733871036716332,5.340839819594202e-05,0.002019982200827494,0.0020733871036716332,0.9222479399204162,True
CP_000357,11116,11116,133,77,6384,6431,3696,3743,8271,304,244,60.51689476378016,355.4443037956778,60.51720269346249,355.44359677212503,60.51750564572954,355.44500919498654,60.515976,355.4443,0.0014445478239986076,0.001416713080183631,0.0016838235637137834,0.0016838235637137834,0.9221386496048773,True
CP_000358,11862,11857,142,76,6816,6863,3648,3695,9484,330,241,60.446135562950985,355.4269236889134,60.44633237725751,355.425906053775,60.44602938972045,355.4279546125747,60.446045,355.4269,0.0020708439350625015,0.0010446734998242422,0.0010443276943491147,0.0020708439350625015,0.9221163866962705,True
CP_000359,12438,12433,149,71,7152,7199,3408,3455,10413,350,226,60.39121386297749,355.34000636752427,60.391113325000006,355.339107936975,60.39064059913753,355.3401213706761,60.391888,355.3408,0.0011182654459688164,0.0018515529351096085,0.0014149076740812287,0.0018515529351096085,0.9220465126216342,True
CP_000360,12194,12189,146,76,7008,7055,3648,3695,10024,342,241,60.41430060626329,355.42585355794637,60.4148456425225,355.42575860095,60.41424926098418,355.4249832252329,60.413807,355.42682,0.000978201636657974,0.0014842767113085683,0.0018881682658869407,0.0018881682658869407,0.9220148140032447,True
CP_000361,10203,10203,122,77,5856,5903,3696,3743,6784,271,244,60.60445376016779,355.44380401731945,60.60380173049999,355.44402042455,60.60493003340183,355.4428115492833,60.60463,355.44458,0.001653616294277885,0.0009992206733154439,0.0017938797649637204,0.0017938797649637204,0.9219925437809904,True
CP_000362,13435,13429,161,72,7728,7775,3456,3503,11993,385,229,60.29749853146055,355.357151888288,60.296669978442495,355.35619972535,60.29787487131024,355.3574373359984,60.29795,355.35782,0.0017272657409190817,0.0020642501155159905,0.0003887437204488532,0.0020642501155159905,0.921943628845001,True
CP_000363,13441,13435,161,78,7728,7775,3744,3791,12013,386,247,60.29672067389788,355.4603515957979,60.296784694,355.45977004537497,60.29759714580888,355.4604387947529,60.29578,355.46085,0.001052284976732152,0.0014719407148321964,0.001862023380662694,0.001862023380662694,0.9218965943388782,True
CP_000364,12768,12763,153,69,7344,7391,3312,3359,10947,362,220,60.359329329779534,355.30570327816264,60.359562800000006,355.30447193637497,60.35894337781516,355.3062719313162,60.35948,355.30637,0.001903592821878943,0.0018957611591263871,0.0005465835067385714,0.001903592821878943,0.9218808711297144,True
CP_000365,9868,9868,118,74,5664,5711,3552,3599,6279,260,235,60.63445811279551,355.3927582891356,60.6352414325,355.39185293375,60.63421032898224,355.3935081152974,60.633923,355.3929,0.0019500770290336903,0.0016925886200608194,0.0006602954708939293,0.0019500770290336903,0.9218370231372234,True
CP_000366,13184,13178,158,70,7584,7631,3360,3407,11626,377,223,60.3195517641341,355.32284433294234,60.3202280977625,355.32170809775005,60.31915992169058,355.32330805537384,60.319267,355.32352,0.0019237631139451968,0.002048109733286814,0.0002347715790583007,0.002048109733286814,0.9218155730052859,True
CP_000367,11281,11278,135,76,6480,6527,3648,3695,8538,309,241,60.5018529518299,355.4270614916991,60.5014392895025,355.42614893955,60.50165908625087,355.42797254726605,60.50246,355.42706,0.0018368058451221935,0.0013705161716615181,0.0012122413395737183,0.0018368058451221935,0.9217953849815046,True
CP_000368,12942,12937,155,77,7440,7487,3696,3743,11244,368,244,60.343574842133,355.44354619494334,60.34400690049999,355.44273824115,60.34267389420957,355.4440832050081,60.344044,355.44382,0.0018936297288400978,0.0010795260067566245,0.001395437571720408,0.0018936297288400978,0.9217222120480347,True
CP_000369,14264,14257,171,71,8208,8255,3408,3455,13341,415,226,60.21788055461957,355.33973842102563,60.217918592500006,355.33879921317504,60.21844935920049,355.3398703956049,60.217274,355.34055,0.0011954685643851657,0.0018617000959583819,0.0013557729415735558,0.0018617000959583819,0.9215669787765564,True
CP_000370,8207,8207,98,73,4704,4751,3504,3551,3573,201,232,60.792736475139804,355.375850007169,60.7926703575625,355.374853214375,60.79320737230029,355.3767507622102,60.79233,355.37595,0.0019720731770067274,0.0011441025122075725,0.0011892769540602158,0.0019720731770067274,0.9215309272464844,True
CP_000371,14347,14340,172,71,8256,8303,3408,3455,13476,418,226,60.20992138092257,355.3394822852156,60.2100430405,355.338788002775,60.21050403073451,355.3391437161531,60.209217,355.3405,0.0005822748523478822,0.0019144754878934551,0.001880706876074328,0.0019144754878934551,0.921350841197386,True
CP_000372,14020,14013,168,76,8064,8111,3648,3695,12952,406,241,60.24186416828801,355.42522365703167,60.2416482785625,355.42499757437497,60.24206571678006,355.4243123127357,60.24188,355.42636,0.0008023952764842909,0.0013828104531764444,0.002057306536962428,0.002057306536962428,0.9212522649551801,True
CP_000373,13518,13512,162,72,7776,7823,3456,3503,12128,388,229,60.2895401536775,355.3569025431075,60.2887967686025,355.35618085655,60.28992958842609,355.3567081692568,60.289894,355.35782,0.0012495356911635836,0.001971385326768312,0.0011110010744129605,0.001971385326768312,0.9212086572610854,True
CP_000374,12769,12764,153,70,7344,7391,3360,3407,10950,362,223,60.35935261165497,355.32235330187274,60.35959472,355.32176178837506,60.35890119479888,355.321750753962,60.359562,355.32355,0.0006936129777131795,0.0017858761364489412,0.001914252610475517,0.001914252610475517,0.9211500708110856,True
CP_000375,6635,6635,79,78,3792,3839,3744,3791,1067,145,247,60.94227776608246,355.46329884160224,60.9423291319625,355.46327930175005,60.941301193872775,355.46375711563485,60.943203,355.46286,0.001133562007487724,0.0009691857490403064,0.002102709049491925,0.002102709049491925,0.9211479268061015,True
CP_000376,11610,11607,139,73,6672,6719,3504,3551,9068,321,232,60.4699603351737,355.37417396248907,60.4698876352625,355.373950245375,60.47002266713359,355.3732359487328,60.46997,355.37534,0.0007269479343314139,0.0013879360169658042,0.0021003875249361033,0.0021003875249361033,0.9210542624853821,True
CP_000377,9117,9117,109,70,5232,5279,3360,3407,5049,233,223,60.70601472023836,355.3226794252887,60.7059925545,355.32219055835003,60.70594351295336,355.321873108141,60.70611,355.32397,0.00032121598420144313,0.001787788372586468,0.002107935984412063,0.002107935984412063,0.9209390459298494,True
CP_000378,12934,12929,155,69,7440,7487,3312,3359,11217,368,220,60.34340903992861,355.3052230808642,60.3438177229575,355.304462317775,60.34305231064668,355.3048409580207,60.343357,355.30637,0.000853946392473062,0.0019585877151003647,0.0015551655520077462,0.0019585877151003647,0.9209214078164808,True
CP_000379,7624,7624,91,71,4368,4415,3408,3455,2620,180,226,60.848413259734286,355.3404336845169,60.8477229348225,355.33991886195,60.84894888173389,355.33992100996,60.848568,355.34146,0.0012259487931775533,0.0017586421043864686,0.0015865774979392023,0.0017586421043864686,0.9208773687513789,True
CP_000380,6881,6881,82,75,3936,3983,3600,3647,1462,154,238,60.91835037375737,355.410093841549,60.91866631399999,355.410388623325,60.91762260024089,355.4090652646031,60.918762,355.41083,0.0016854129220295051,0.0004493642546349925,0.002098727974429995,0.002098727974429995,0.9208470859309439,True
CP_000381,6546,6546,78,72,3744,3791,3456,3503,912,142,229,60.95013188788331,355.3587012344851,60.9500896605,355.35769951075,60.94956137424366,355.35945643879904,60.950745,355.35895,0.001834634170091941,0.001409643426634479,0.0012879642528823637,0.001834634170091941,0.920414049753741,True
CP_000382,10364,10364,124,72,5952,5999,3456,3503,7083,277,229,60.5875547536188,355.35772612635293,60.5879558465,355.35688687595,60.58662705449309,355.357954100765,60.58808,355.35834,0.0017043054313747826,0.0014559465729539985,0.001503969484401254,0.0017043054313747826,0.9203934134986897,True
CP_000383,8039,8039,96,71,4608,4655,3408,3455,3296,195,226,60.808614340255,355.34094463452965,60.8083640719225,355.33984766317496,60.8092056334128,355.3415860939295,60.808273,355.3414,0.0019314158615517856,0.0015551338099936282,0.0009506804268438893,0.0019314158615517856,0.9203919255007365,True
CP_000384,7706,7706,92,70,4416,4463,3360,3407,2752,183,223,60.840434971969955,355.3233401908598,60.839824069,355.32236001315,60.841049633530965,355.3235028445856,60.84043,355.32416,0.001675730321327242,0.0018974603227959145,0.0009007211219110382,0.0018974603227959145,0.9203578488896236,True
CP_000385,10863,10863,130,73,6240,6287,3504,3551,7852,295,232,60.54070121338294,355.3747417861493,60.5407448465,355.37415735674995,60.541544798287504,355.37461023802604,60.539814,355.37546,0.0009192520397405293,0.0015992316920819965,0.0019271685161426286,0.0019271685161426286,0.9203397404486527,True
CP_000386,7547,7547,90,77,4320,4367,3696,3743,2505,178,244,60.85558897853249,355.44530510415416,60.8557205895,355.44524846815,60.85658467617557,355.4453848618907,60.85446,355.44528,0.0008747851367074412,0.0012593655984708787,0.0021254975272501403,0.0021254975272501403,0.9201856776290175,True
CP_000387,8455,8455,101,72,4848,4895,3456,3503,3975,210,229,60.76883996389409,355.3582783518432,60.7690327733425,355.35728214835,60.769416897392496,355.3589103290544,60.76807,355.35864,0.0016728788635204594,0.0016665162124194896,0.001373036055005798,0.0016728788635204594,0.9201836250691724,True
CP_000388,12939,12934,155,74,7440,7487,3552,3599,11234,368,235,60.343518309120235,355.3918880854713,60.3439527319425,355.390879304775,60.34281404844553,355.3925120024202,60.34379,355.39227,0.001990553115792548,0.001403329272786593,0.0010030026787882494,0.001990553115792548,0.9201570227105007,True
CP_000389,6959,6959,83,70,3984,4031,3360,3407,1581,157,223,60.910291807663896,355.3237027905653,60.910673364,355.32245510012507,60.90992755337645,355.3244040039927,60.910275,355.32425,0.0020867342359426728,0.0018379675896766348,0.00037989368775129517,0.0020867342359426728,0.920108378133584,True
CP_000390,12524,12519,150,74,7200,7247,3552,3599,10558,353,235,60.38331980811449,355.3914674892399,60.383315092242505,355.391006158775,60.38255390851698,355.3910318069917,60.38409,355.39236,0.0007616157134806514,0.001564044397924697,0.002033950444665689,0.002033950444665689,0.920080487490791,True
CP_000391,6630,6630,79,73,3792,3839,3504,3551,1050,145,232,60.94219293152175,355.37534095250066,60.94224205399999,355.375278260125,60.94156864364143,355.37449337667385,60.94277,355.37625,0.0010341777134128167,0.0011060621340035469,0.0021280751415057105,0.0021280751415057105,0.9200451233696527,True
CP_000392,6709,6709,80,69,3840,3887,3312,3359,1172,148,220,60.934149698954826,355.3057871509723,60.9342573754575,355.30488583192505,60.93382740255933,355.3055298202107,60.934364,355.30695,0.0007743368809788534,0.002062742974104779,0.0015143579751105596,0.002062742974104779,0.9198227399462627,True
CP_000393,6213,6213,74,71,3552,3599,3408,3455,368,131,226,60.98105563914248,355.34103004368495,60.9815544877825,355.34015556415005,60.98140689375628,355.3412902797955,60.980206,355.34164,0.0011442742645763186,0.0020089716925547315,0.001252430399003754,0.0020089716925547315,0.9198168993913808,True
CP_000394,12190,12185,146,72,7008,7055,3456,3503,10011,342,229,60.4142194598525,355.35743294658454,60.41476065900001,355.35647145777506,60.414434128028205,355.357795155416,60.413464,355.35803,0.0013633773946278105,0.0020293793724438227,0.000999070509595648,0.0020293793724438227,0.9197349168861113,True
CP_000395,7465,7465,89,78,4272,4319,3744,3791,2373,175,247,60.86356478082947,355.462433973838,60.8636050304625,355.46284686175,60.86448326344191,355.4618390929672,60.862606,355.46262,0.0013367464552920655,0.001025318132572505,0.0020316172302098,0.0020316172302098,0.919683761896448,True
CP_000396,12518,12513,150,68,7200,7247,3264,3311,10538,353,217,60.38318508009132,355.2880553681974,60.3831471194375,355.28718597937507,60.3828364960806,355.2877650373264,60.38357,355.2892,0.0006571110871326008,0.0020730378996106002,0.001625749306644362,0.0020730378996106002,0.919638297587523,True
CP_000397,6549,6549,78,75,3744,3791,3600,3647,922,142,238,60.95018781825382,355.41113481539765,60.9501556035,355.41050829975,60.94940382294117,355.4119769569898,60.951004,355.41092,0.0016498872981643173,0.000942685007757146,0.0019182099512524465,0.0019182099512524465,0.9196375973946707,True
CP_000398,14017,14010,168,73,8064,8111,3504,3551,12942,406,232,60.24180438799041,355.37369142897955,60.241587255,355.37329771875,60.24220298416655,355.3728986385011,60.241623,355.37488,0.0007337489022781206,0.0015806134701359914,0.002062537869664241,0.002062537869664241,0.9195070236032177,True
CP_000399,13016,13011,156,68,7488,7535,3264,3311,11349,371,217,60.335425614225755,355.28834030373963,60.3359115655,355.287178499375,60.33514875496047,355.28865784153123,60.335217,355.28918,0.00166443177524807,0.0021230651831378074,0.0005310702496328218,0.0021230651831378074,0.9194795951105437,True
CP_000400,8704,8704,104,72,4992,5039,3456,3503,4380,218,229,60.74585529781199,355.3575217543336,60.74541098982249,355.357231043725,60.74558050175802,355.3567526763071,60.746574,355.35858,0.0005075132340940794,0.001782519499435803,0.002081487609803609,0.002081487609803609,0.9193374005857863,True
CP_000401,9620,9620,115,75,5520,5567,3600,3647,5877,251,238,60.65835298756283,355.41030483443564,60.658877375,355.409378517175,60.658001350872055,355.41131870097564,60.65818,355.41022,0.00212878638030295,0.0010906573125299209,0.0011158481026969354,0.00212878638030295,0.9191990228020905,True
CP_000402,13604,13598,163,75,7824,7871,3600,3647,12273,391,238,60.2816431752351,355.40822673639406,60.28099057899999,355.407923592375,60.28184589860959,355.4074548589946,60.282093,355.4093,0.0009753371809312031,0.0017648733892394962,0.0018633620453653113,0.0018633620453653113,0.9191633167387334,True
CP_000403,11449,11446,137,78,6576,6623,3744,3791,8815,315,247,60.485969133615406,355.4616669043855,60.485724359,355.460798532375,60.4856679966802,355.4627458819532,60.486515,355.46146,0.0019481650573714144,0.0010285141321197356,0.0015428920162453479,0.0019481650573714144,0.9191532967111512,True
CP_000404,7378,7378,88,74,4224,4271,3552,3599,2270,172,235,60.8705712791959,355.393429922865,60.871412650500005,355.392638656125,60.86998182063262,355.3942184952826,60.87032,355.39343,0.002131470354788166,0.0013511640062189034,0.0008553020300445417,0.002131470354788166,0.9191324156770028,True
CP_000405,12683,12678,152,67,7296,7343,3216,3263,10805,359,214,60.36724122914753,355.27091807232927,60.367365584,355.26988958355,60.36698749797383,355.2708614596096,60.36737,355.272,0.001042828901757355,0.0021135962430952285,0.001204276840873865,0.0021135962430952285,0.919071272139729,True
CP_000406,11772,11767,141,69,6768,6815,3312,3359,9325,327,220,60.45395217684848,355.3051734003986,60.454031611,355.30455397315,60.4543184498189,355.3045087085145,60.453506,355.30646,0.0002903883524799083,0.0019746549527976235,0.0021112025126313826,0.0021112025126313826,0.9189068958682463,True
CP_000407,12022,12017,144,70,6912,6959,3360,3407,9734,336,223,60.43009409247518,355.3228500574057,60.43044860249999,355.32185834435,60.43042464782595,355.3230529118512,60.42941,355.32364,0.0011948076587339077,0.002061832308770857,0.0011725554743698152,0.002061832308770857,0.9188621531169321,True
CP_000408,7296,7296,87,75,4176,4223,3600,3647,2093,169,238,60.87943647906352,355.41062542461646,60.8793052985,355.41023062614994,60.88052894948157,355.4109095637151,60.878475,355.41074,0.0013993848441727825,0.0009718894265415813,0.0020610741069249424,0.0020610741069249424,0.9188322189429469,True
CP_000409,11197,11194,134,75,6432,6479,3600,3647,8399,306,238,60.509796873792915,355.4088816284147,60.509295307,355.40881260777496,60.50966211735727,355.4079812032503,60.510433,355.40985,0.0009087262083968538,0.001540521423370137,0.002022617434713606,0.002022617434713606,0.9188189687350725,True
CP_000410,7789,7789,93,70,4464,4511,3360,3407,2887,186,223,60.8324762763496,355.323099283252,60.83195408500001,355.32234655875004,60.83310398599215,355.32279357616227,60.83237,355.32416,0.0012337328959601131,0.0018584678721739031,0.0015487083481821318,0.0018584678721739031,0.9187577876438743,True
CP_000411,9449,9449,113,70,5424,5471,3360,3407,5590,245,223,60.674172281362566,355.3234468172106,60.6745006173375,355.32216133575,60.67414614008027,355.3242350240848,60.67387,355.32394,0.002103767438619495,0.0018909754216643404,0.000401057454159946,0.002103767438619495,0.9187554030867091,True
CP_000412,12278,12273,147,77,7056,7103,3696,3743,10163,345,244,60.40635753432972,355.4439843182616,60.4069871524975,355.4430440545749,60.40624743779637,355.4449086560694,60.405838,355.444,0.002005970232176171,0.0014949316942846373,0.0009964141436754142,0.002005970232176171,0.918708921221095,True
CP_000413,12273,12268,147,72,7056,7103,3456,3503,10146,344,229,60.407154548881415,355.3571747051745,60.406886163,355.356453930575,60.40648879956222,355.3570684759642,60.40809,355.358,0.0007318222031591371,0.0019600191216427197,0.0018521755712436474,0.0019600191216427197,0.9186995497788972,True
CP_000414,6626,6626,79,69,3792,3839,3312,3359,1037,145,220,60.942109622240054,355.3060232202386,60.9421309284975,355.304890989525,60.941773164052734,355.3062328704096,60.942425,355.30695,0.0013887547322484312,0.002075715437623407,0.0009658496050943181,0.002075715437623407,0.9186745598426305,True
CP_000415,9204,9204,110,74,5280,5327,3552,3599,5198,236,235,60.69813378161313,355.3930761288934,60.698222941,355.39205376935007,60.69778744314602,355.39413872865845,60.69839,355.39304,0.0021299562667825224,0.0009963879664162663,0.0012571751930140612,0.0021299562667825224,0.9185815538375579,True
CP_000416,12029,12024,144,77,6912,6959,3696,3743,9757,336,244,60.43023786689045,355.4430691477362,60.4306053244225,355.44316484394994,60.43009652698127,355.44198131996177,60.43001,355.44406,0.0012882561339985813,0.001075140826017314,0.0020816863588045483,0.0020816863588045483,0.9184153790296876,True
CP_000417,6379,6379,76,71,3648,3695,3408,3455,638,136,226,60.966030753119036,355.34054753449783,60.9658064429775,355.3401290607251,60.96551564426046,355.33986925565915,60.96677,355.34164,0.0003899520048810134,0.0017957407535942648,0.0021736091639195697,0.0021736091639195697,0.9183386114210698,True
CP_000418,9533,9533,114,71,5472,5519,3408,3455,5728,248,226,60.66623753374453,355.33997852292265,60.666655683,355.33960393515,60.66615573415156,355.3391451101804,60.6659,355.3412,0.0006785788117724307,0.0017532410857827305,0.002057222356493814,0.002057222356493814,0.9181716923682152,True
CP_000419,6301,6301,75,76,3600,3647,3648,3695,520,134,241,60.97318888767061,355.4288210870168,60.9737906228025,355.428220977525,60.97319226945738,355.4299280745411,60.972584,355.4283,0.0018089242516388224,0.001210447841471858,0.0017247703353676339,0.0018089242516388224,0.9180866664985359,True
CP_000420,12105,12100,145,70,6960,7007,3360,3407,9869,339,223,60.42213648159939,355.3226059279597,60.4225778985,355.32184392995,60.42247915982355,355.32233493791364,60.421352,355.32364,0.0005008374452900716,0.002173443051991338,0.001723362141382515,0.002173443051991338,0.9178614288668092,True
CP_000421,12353,12348,148,69,7104,7151,3312,3359,10271,347,220,60.39913018204462,355.30520430536995,60.39892505200001,355.30450237537497,60.39868522069637,355.3046835387819,60.39978,355.30643,0.0003005648585780668,0.0021060843222669373,0.0020588356746749797,0.0021060843222669373,0.9178553852776634,True
CP_000422,10199,10199,122,73,5856,5903,3504,3551,6816,271,232,60.60349400855927,355.37497052696153,60.6037260781375,355.374338511125,60.602473568389925,355.3749932357753,60.604282,355.37558,0.0014133099573272222,0.001360276904938136,0.0019015503743106724,0.0019015503743106724,0.9177914048639163,True
CP_000423,13190,13184,158,76,7584,7631,3648,3695,11601,377,241,60.320560363707045,355.4261803889902,60.32036952450001,355.425342173375,60.32152930954106,355.42662428656445,60.319782,355.42657,0.0017288480477018525,0.0013652919967303023,0.0017477558272096275,0.0017477558272096275,0.9176293537643574,True
CP_000424,12772,12767,153,73,7344,7391,3504,3551,10960,362,232,60.35942032848647,355.3740351028368,60.35967526643751,355.37363640875003,60.35876058474456,355.37334682944777,60.359825,355.37512,0.000959426272167007,0.0014932014758948667,0.002069962761878608,0.002069962761878608,0.9175930841022615,True
CP_000425,8958,8958,107,77,5136,5183,3696,3743,4802,227,244,60.72206920118658,355.4442567826355,60.7218923165,355.44458074155,60.72148737568279,355.4432738348721,60.722828,355.44492,0.0013682039797261853,0.000993772021493199,0.0021196678480362783,0.0021196678480362783,0.9174836037838507,True
CP_000426,12936,12931,155,71,7440,7487,3408,3455,11224,368,226,60.343456338211546,355.3402322197159,60.343878435,355.33902709955,60.3429542026815,355.3409407998322,60.343536,355.34073,0.002125195084861841,0.0017356990513737705,0.0006195868562011206,0.002125195084861841,0.9174290490337679,True
CP_000427,13601,13595,163,72,7824,7871,3456,3503,12263,391,229,60.2815790618421,355.35664425960925,60.280923046,355.356165690375,60.28198430554193,355.35597900251526,60.28183,355.3578,0.0010775547189475752,0.00185861018231505,0.0018156663489571501,0.00185861018231505,0.9173694820933147,True
CP_000428,12600,12595,151,67,7248,7295,3216,3263,10670,356,214,60.37519822608283,355.27115277611546,60.3752380557575,355.269886913775,60.37493319109449,355.2715682407431,60.375423,355.272,0.0017087430574407813,0.002124363608235643,0.0006553642820335901,0.002124363608235643,0.9173395680506793,True
CP_000429,14096,14089,169,69,8112,8159,3312,3359,13064,409,220,60.23375392906413,355.30531927369765,60.233602882,355.30437103655004,60.2344359437666,355.3053428880585,60.233223,355.30624,0.0012800340860397745,0.0019110060115974151,0.0015110070624174995,0.0019110060115974151,0.9173368353543487,True
CP_000430,14349,14342,172,73,8256,8303,3504,3551,13483,418,232,60.20996410387326,355.3743780501139,60.210094997,355.37321878975,60.21040858170963,355.3750984660603,60.20939,355.37482,0.0019056543237429082,0.0017472114515464665,0.0010580047730337637,0.0019056543237429082,0.9172934390991745,True
CP_000431,12766,12761,153,67,7344,7391,3216,3263,10940,362,214,60.35928043076746,355.2706839010181,60.359493152,355.26989385075,60.35904180485318,355.27015467847605,60.359306,355.272,0.0005212920003356859,0.002117579814674971,0.0018673273689680501,0.002117579814674971,0.917202762516829,True
CP_000432,14181,14174,170,71,8160,8207,3408,3455,13206,412,226,60.225840492149814,355.3399844943095,60.2257926213025,355.338810753575,60.226394687666485,355.34059707505673,60.225334,355.34055,0.0018850539363060024,0.0017944526802722805,0.0010617660568560854,0.0018850539363060024,0.9171709173782453,True
CP_000433,8375,8375,100,75,4800,4847,3600,3647,3850,207,238,60.77685382204084,355.41073459583936,60.7769692705,355.40983123572494,60.777209749333466,355.41188060843376,60.776382,355.4105,0.002063433684183622,0.0008836838986557656,0.0016164222889149243,0.002063433684183622,0.9171628305507759,True
CP_000434,8623,8623,103,74,4944,4991,3552,3599,4252,216,235,60.75295874555545,355.39314124390467,60.753331834,355.392244252125,60.753419616289406,355.3940215206046,60.752125,355.39316,0.0017794350167716273,0.001513877204120227,0.0015563814359362774,0.0017794350167716273,0.917135891580003,True
CP_000435,10196,10196,122,70,5856,5903,3360,3407,6806,271,223,60.60343004329835,355.3229842266309,60.6036459825,355.32208436497496,60.60262116765873,355.32301577585525,60.604023,355.32385,0.0013848363393615907,0.0018079177304470189,0.001632559268723408,0.0018079177304470189,0.917084611637762,True
CP_000436,13273,13267,159,76,7632,7679,3648,3695,11736,380,241,60.31260176039888,355.4259111869558,60.3124991565,355.425310418975,60.31358432293882,355.42587895243923,60.31172,355.42654,0.0012250781607214673,0.0014582420882210212,0.0019777576783728446,0.0019777576783728446,0.9170145549288978,True
CP_000437,7464,7464,89,77,4272,4319,3696,3743,2370,175,244,60.86354938269574,355.4455741156989,60.863592408622495,355.44528711295,60.86452979952332,355.44612273414657,60.862526,355.4453,0.001255772465508843,0.0010667708048362284,0.0021614653816999325,0.0021614653816999325,0.9169315745781883,True
CP_000438,11110,11110,133,71,6384,6431,3408,3455,8251,303,226,60.517675077164,355.3405470737326,60.517075105,355.33934873475,60.51779598220489,355.3413195860571,60.518154,355.34097,0.002098551600356164,0.0019499332838170045,0.0004984686835679213,0.002098551600356164,0.9169311853987843,True
CP_000439,8955,8955,107,74,5136,5183,3552,3599,4792,227,235,60.72201792895635,355.39211278366537,60.7218392519225,355.39213159895,60.72163839358912,355.39110982821785,60.722576,355.3931,0.0010413258371908846,0.0012144373839729045,0.0021972527941350652,0.0021972527941350652,0.916871639882076,True
CP_000440,12435,12430,149,68,7152,7199,3264,3311,10403,350,217,60.39114459165638,355.288293220345,60.3910195740625,355.28718902375,60.39078212082851,355.28847554939455,60.391632,355.2892,0.0013082554308846129,0.0021166245583839724,0.001126653413070792,0.0021166245583839724,0.9166480254909581,True
CP_000441,13267,13261,159,70,7632,7679,3360,3407,11761,380,223,60.31159554937799,355.3226016143999,60.3123577218425,355.32170040335006,60.31121447927001,355.3225875941465,60.311214,355.32352,0.0014471043807787643,0.0021462851950211437,0.0009292515571726257,0.0021462851950211437,0.916638420900079,True
CP_000442,13099,13094,157,68,7536,7583,3264,3311,11484,374,217,60.327466685365096,355.2880911393092,60.3280370215,355.287173279375,60.32720315300349,355.2879460858182,60.32716,355.28915,0.0011369109323606645,0.0021662958061602305,0.0012087416951787812,0.0021662958061602305,0.9165219470017513,True
CP_000443,12191,12186,146,73,7008,7055,3504,3551,10014,342,232,60.41424264587719,355.37410195280046,60.41478514066251,355.3737921407501,60.41439146640266,355.3733000946046,60.41355,355.3752,0.0006301498489750749,0.0018822590877288052,0.002089837152221296,0.002089837152221296,0.9163489594856691,True
CP_000444,11194,11191,134,72,6432,6479,3456,3503,8389,306,229,60.509736402764396,355.3570118358792,60.509228353000005,355.35670185795,60.50980705768576,355.35614883523453,60.510174,355.3582,0.0008004581420178062,0.001758699944816359,0.0020687458878917995,0.0020687458878917995,0.916291876717278,True
CP_000445,11523,11520,138,69,6624,6671,3312,3359,8920,318,220,60.47782822420532,355.3059011294826,60.477649279,355.30456764475,60.47815518731712,355.3066477065884,60.47768,355.3065,0.00214070093121321,0.001920641380287193,0.0005011001000573941,0.00214070093121321,0.9162107082153624,True
CP_000446,7130,7130,85,75,4080,4127,3600,3647,1868,163,238,60.894467803294525,355.4110720559028,60.895047666500005,355.41029420695,60.89377108762183,355.4121248416177,60.894585,355.4108,0.0022317878301217346,0.0006835931649895951,0.0015571576973336244,0.0022317878301217346,0.9161959184679165,True
CP_000447,9033,9033,108,69,5184,5231,3312,3359,4911,230,220,60.71394923365212,355.30613202375895,60.7138325385,355.30472450075,60.7139343519095,355.3069393927925,60.71408,355.30673,0.002217230869867838,0.002022969570408553,0.000253748325672142,0.002217230869867838,0.9161102545522953,True
CP_000448,13607,13601,163,78,7824,7871,3744,3791,12283,391,247,60.28169673130583,355.4598114163038,60.281037884125,355.45968810374995,60.28170749167725,355.4589307154739,60.282345,355.46082,0.0010109457328276426,0.0017259606670770723,0.001989555894025638,0.001989555894025638,0.9160497726505501,True
CP_000449,7791,7791,93,72,4464,4511,3456,3503,2894,186,229,60.83251601129382,355.3585290575431,60.8320095745,355.35742278375,60.83299603994787,355.3594302580199,60.832542,355.35873,0.0022367536798409107,0.0014154698741174184,0.0008308818174880724,0.0022367536798409107,0.9160017618589086,True
CP_000450,11278,11275,135,73,6480,6527,3504,3551,8528,309,232,60.50179464166416,355.3751990436549,60.501379046,355.37404778675,60.50180379867021,355.3761526156992,60.5022,355.3754,0.0021472586561110197,0.0015796785476931792,0.0008539309956604631,0.0021472586561110197,0.9158984143053039,True
CP_000451,11190,11187,134,68,6432,6479,3264,3311,8376,306,217,60.509644527842944,355.288434878938,60.5091076285625,355.287231239375,60.50999548011282,355.288766756814,60.50983,355.2893,0.0017737232537807174,0.0021976799377947886,0.0005645363273950581,0.0021976799377947886,0.9158297567904332,True
CP_000452,6714,6714,80,74,3840,3887,3552,3599,1189,148,235,60.93424877262498,355.39372584854453,60.934390598,355.392850440925,60.93356034023627,355.3947724172085,60.934795,355.39355,0.002093638170441032,0.0008122877651679444,0.0017344128598709469,0.002093638170441032,0.915825287925988,True
CP_000453,11273,11270,135,68,6480,6527,3264,3311,8511,309,217,60.50168584500386,355.28819792047017,60.501233891000005,355.28722838875,60.502049809783074,355.2880587320356,60.501774,355.2893,0.0011641277560922514,0.0021472469690089545,0.0012780603875368443,0.0021472469690089545,0.9157914739794124,True
CP_000454,10365,10365,124,73,5952,5999,3504,3551,7041,277,232,60.58846022298095,355.3745429500456,60.5879802167625,355.374297430375,60.58923135427994,355.37378210335567,60.58817,355.37555,0.0013531101301815559,0.001266054785333737,0.0020618997507264895,0.0020618997507264895,0.9157129447878967,True
CP_000455,9281,9281,111,68,5328,5375,3264,3311,5313,239,217,60.69004812539205,355.2886207451708,60.6901826674375,355.287252484375,60.69014237280116,355.2891810401998,60.68982,355.28943,0.0019289767305761126,0.0022063480754737426,0.00040705479924327026,0.0022063480754737426,0.9156409039904142,True
CP_000456,7459,7459,89,72,4272,4319,3456,3503,2353,174,229,60.86435581033667,355.35778630248734,60.863493501,355.35750037395,60.86479350398463,355.3570633674965,60.86478,355.3588,0.0013714891178801117,0.0018255581377033627,0.0017318478985993014,0.0018255581377033627,0.9155693338514233,True
CP_000457,14595,14588,175,70,8400,8447,3360,3407,13878,426,223,60.18691543774736,355.3221568259442,60.1863964225,355.32154052795,60.18670874694324,355.3215656920701,60.18764,355.32336,0.0003133365455618436,0.0022080130713273086,0.0020258831718444306,0.0022080130713273086,0.915559426749239,True
CP_000458,10612,10612,127,71,6096,6143,3408,3455,7440,286,226,60.564536770332246,355.340306300334,60.5643109501425,355.33943455435,60.56548329029759,355.3404504111052,60.563816,355.34103,0.0015512402735669464,0.0016741941396833087,0.001766386831536291,0.001766386831536291,0.9155223990459644,True
CP_000459,9364,9364,112,68,5376,5423,3264,3311,5448,242,217,60.68208958494956,355.2883864805562,60.6823094254375,355.287253984375,60.68219663409867,355.2884767463561,60.681763,355.28943,0.0012279530725813385,0.0022423981473347412,0.0010462023869309228,0.0022423981473347412,0.9155131030727282,True
CP_000460,12765,12760,153,66,7344,7391,3168,3215,10937,362,211,60.35925406365961,355.25403439951634,60.359455791,355.252605565375,60.35908398786946,355.2546758558303,60.359222,355.25482,0.0021034115472909095,0.0022284661085582988,0.00020113268823120033,0.0022284661085582988,0.9154815443420162,True
CP_000461,6378,6378,76,70,3648,3695,3360,3407,635,136,223,60.966010353957756,355.32364529987234,60.965777952,355.32251995855,60.9655630463967,355.32410563833247,60.96669,355.3243,0.0016001764874067485,0.002009298296466548,0.0011454497002063746,0.002009298296466548,0.9154472152431722,True
CP_000462,12444,12439,149,77,7152,7199,3696,3743,10433,350,244,60.39133391787544,355.4434492106589,60.39124154894499,355.4429648921749,60.39035755575557,355.4434130132393,60.392403,355.44397,0.0009910885163697217,0.001535527698168195,0.0021195131042433817,0.0021195131042433817,0.9154294697121914,True
CP_000463,12848,12843,154,66,7392,7439,3168,3215,11072,365,211,60.35129576539265,355.25380268565004,60.3515832983175,355.252613473975,60.35113822637606,355.2539728056315,60.351166,355.25482,0.0014303396748828162,0.0022474279576712806,0.0008494184487985066,0.0022474279576712806,0.9153173245122015,True
CP_000464,7375,7375,88,71,4224,4271,3408,3455,2260,172,226,60.870510910062386,355.34109091585,60.87133948499999,355.33995870675,60.87013709284342,355.34182234158123,60.870056,355.3415,0.0022178551986974638,0.0019992520140878762,0.0003404052531273458,0.0022178551986974638,0.9153079041923731,True
CP_000465,14601,14594,175,76,8400,8447,3648,3695,13898,427,241,60.186146265686254,355.4250642299742,60.1865384425,355.424765263575,60.18643740289859,355.4242189302541,60.185463,355.4262,0.0005555979649060083,0.001799889065952615,0.0022153842660919943,0.0022153842660919943,0.9151718054619674,True
CP_000466,9698,9698,116,70,5568,5615,3360,3407,5995,254,223,60.650295060794974,355.32271198592656,60.65088324440249,355.32212635755,60.65030940258205,355.3220960260109,60.649693,355.3239,0.0005746428779257206,0.0021475407676406753,0.0019193766195385428,0.0021475407676406753,0.9151362370906798,True
CP_000467,11939,11934,143,70,6864,6911,3360,3407,9599,333,223,60.43805180820516,355.32310403291916,60.4383196210625,355.321871779375,60.438370135828364,355.32377088578875,60.437466,355.32367,0.0018997781218744758,0.001990175116296243,0.0009101401532621502,0.001990175116296243,0.9151216436533861,True
CP_000468,6130,6130,73,71,3504,3551,3408,3455,233,128,226,60.98901307499437,355.3412803607671,60.98942834466251,355.34016548575,60.98935251850419,355.3420007918637,60.98826,355.34167,0.001836871834761351,0.0019096867584212562,0.0011416858133821393,0.0019096867584212562,0.9150258604376751,True
CP_000469,7959,7959,95,74,4560,4607,3552,3599,3171,192,235,60.816634882778295,355.393459166733,60.8163102265,355.39245337235,60.8169974369716,355.39461358097395,60.816597,355.3933,0.0022668832195751236,0.0009038686437684511,0.0013631800152911471,0.0022668832195751236,0.9149898112723769,True
CP_000470,7379,7379,88,75,4224,4271,3600,3647,2228,172,238,60.87147440769653,355.41037224723596,60.87143245199999,355.41020026075,60.87258366659741,355.4101803969735,60.870407,355.41074,0.0011513859556707853,0.0011569114271443206,0.0022463772283272962,0.0022463772283272962,0.9149868520066287,True
CP_000471,8370,8370,100,70,4800,4847,3360,3407,3833,207,223,60.776757259529546,355.32313395281284,60.7768473865,355.32228189295,60.77746919189333,355.323053803379,60.775955,355.32407,0.0009912051541474249,0.001994896697918,0.001821274570345001,0.001994896697918,0.9149715859958947,True
CP_000472,6049,6049,72,73,3456,3503,3504,3551,104,125,232,60.99701775492343,355.3753473080833,60.99735236486251,355.37543076475004,60.9972027919976,355.3742683860624,60.9965,355.37634,0.0011719625656958289,0.0012496058525196467,0.0021908132382942214,0.0021908132382942214,0.9149600638149511,True
CP_000473,7132,7132,85,77,4080,4127,3696,3743,1829,163,244,60.89538756058124,355.4448930340671,60.8950804685,355.44544458715,60.89632589610507,355.4438304623169,60.894756,355.4454,0.002038746893642489,0.00032667590039703277,0.002222558195804106,0.002222558195804106,0.9148682601794034,True
CP_000474,12030,12025,144,78,6912,6959,3744,3791,9761,336,247,60.43025246508458,355.4614783904938,60.4306184454625,355.46049745675,60.43003946248655,355.4626645213723,60.4301,355.46127,0.0022430760940553075,0.000933319268375341,0.0013926222094715497,0.0022430760940553075,0.9148488291755311,True
CP_000475,11691,11687,140,71,6720,6767,3408,3455,9197,324,226,60.46195411380152,355.3405353744024,60.4619640417025,355.33924212557497,60.46216352797353,355.341452132398,60.461735,355.3409,0.0022189918724783314,0.0016854065536726186,0.0006897249638220078,0.0022189918724783314,0.914836059219359,True
CP_000476,12356,12351,148,72,7104,7151,3456,3503,10281,347,229,60.39919740208351,355.35692626962395,60.399012877,355.356435303375,60.39854347109623,355.3563417965124,60.400036,355.358,0.0004786287035263712,0.0018708599560386487,0.002232157822739111,0.002232157822739111,0.9148274461869594,True
CP_000477,14517,14510,174,75,8352,8399,3600,3647,13760,424,238,60.19408494192785,355.4087477970408,60.194392228242506,355.40759022135,60.19442311389844,355.40956503500684,60.19344,355.4091,0.0019750551645316273,0.0017752371315924074,0.0010931433210284482,0.0019750551645316273,0.9147688652289486,True
CP_000478,11025,11025,132,69,6336,6383,3312,3359,8109,300,220,60.52558855708872,355.30563255169517,60.52488716050001,355.30460860417503,60.52584320192825,355.3057399786449,60.526035,355.30655,0.001481223617014495,0.0022546975443284967,0.0008315873687217587,0.0022546975443284967,0.9147224240700844,True
CP_000479,13524,13518,162,78,7776,7823,3744,3791,12148,389,247,60.28876246733427,355.46007576072526,60.288911542,355.459727097375,60.289652318743066,355.4596847551134,60.287724,355.46082,0.0007419858827365759,0.0016111526871388736,0.0022357565995808734,0.0022357565995808734,0.914691852887035,True
CP_000480,6384,6384,76,76,3648,3695,3648,3695,655,136,241,60.96612287496166,355.42855509621364,60.9659165451225,355.42818517672504,60.96524703215506,355.4291964205097,60.967205,355.42828,0.0012127908333987925,0.0012922630521969491,0.002160300656843528,0.002160300656843528,0.914679310008965,True
CP_000481,10529,10529,126,71,6048,6095,3408,3455,7350,283,226,60.57161332416138,355.34048130618953,60.5721831795,355.33944957595,60.570780267105256,355.3409298894936,60.571877,355.34106,0.0020394831145861183,0.0016437349949363685,0.0011044866091058465,0.0020394831145861183,0.9146601520848194,True
CP_000482,9787,9787,117,76,5616,5663,3648,3695,6150,257,241,60.64245611431181,355.42654974718386,60.6431511182425,355.42675773135,60.6420663457867,355.4254623109828,60.64215,355.42743,0.0016896287191389072,0.0012047189832292721,0.0019687039342999985,0.0019687039342999985,0.9146030553628979,True
CP_000483,11108,11108,133,69,6384,6431,3312,3359,8244,303,220,60.517631542293806,355.3053941253158,60.517014544,355.30460508075,60.517897599971256,355.3050282229318,60.517982,355.30655,0.000979202305153667,0.002171637342352243,0.001523216271407935,0.002171637342352243,0.914428834234174,True
CP_000484,10361,10361,124,69,5952,5999,3312,3359,7073,277,220,60.587489427530016,355.3057571762299,60.5878683095,355.30465990752504,60.58677419794356,355.3060015137429,60.587826,355.3066,0.0017311809095952545,0.0019506636842012827,0.0012149900739492697,0.0019506636842012827,0.9144062706006613,True
CP_000485,12270,12265,147,69,7056,7103,3312,3359,10136,344,220,60.40708867637801,355.30544463456266,60.406798338,355.30450911995,60.406630777071534,355.30539778178473,60.407837,355.30643,0.0009043210277551912,0.002181034528717806,0.001585578946630922,0.002181034528717806,0.9143503871022285,True
CP_000486,14013,14006,168,69,8064,8111,3312,3359,12929,406,220,60.24171058172834,355.30557018181116,60.2414745260625,355.304375269375,60.242381431769005,355.30606086199606,60.241276,355.30627,0.0019140795293586322,0.0019095150218204344,0.0011260790640905212,0.0019140795293586322,0.9142030856921473,True
CP_000487,12358,12353,148,74,7104,7151,3552,3599,10288,347,235,60.39923849003488,355.391986209735,60.3990598895,355.39106103275003,60.39844424637613,355.3925025769238,60.40021,355.3924,0.00156750312946023,0.0017621991077314632,0.0017703581758332313,0.0017703581758332313,0.914119767639273,True
CP_000488,11854,11849,142,68,6816,6863,3264,3311,9457,330,217,60.445968174611274,355.2882451434827,60.44612662699999,355.28721397875,60.44641580576938,355.2882758462294,60.445362,355.28925,0.0011005393697892643,0.0021707193095964125,0.0014320431773112048,0.0021707193095964125,0.9140747354213339,True
CP_000489,10530,10530,126,72,6048,6095,3456,3503,7308,283,229,60.57251847571575,355.3573023832285,60.5722102515,355.35685107835,60.57338472642852,355.3567491865698,60.57196,355.3583,0.001178886462978803,0.0014770827666179276,0.0021106845428795463,0.0021106845428795463,0.9140332710580522,True
CP_000490,10444,10444,125,69,6000,6047,3312,3359,7208,280,220,60.57952971183996,355.3055186852905,60.5799952425,355.304654946775,60.57882857319565,355.3052910016747,60.579765,355.3066,0.0013287900891932058,0.001968633432619384,0.001617879543856622,0.001968633432619384,0.9139507937713925,True
CP_000491,7207,7207,86,69,4128,4175,3312,3359,1983,166,220,60.88639120952811,355.30610759467703,60.887023336782505,355.30485387915,60.88613726079596,355.30655362167784,60.886013,355.30692,0.001916834712437332,0.002295670802292084,0.000382403059119232,0.002295670802292084,0.9138677577982408,True
CP_000492,14592,14585,175,67,8400,8447,3216,3263,13868,426,214,60.18684027111678,355.2706961362906,60.18629465,355.26993771480005,60.18684441896556,355.27023907297814,60.18738,355.2719,0.000626947100638305,0.002253459619716495,0.0017567401074553464,0.002253459619716495,0.9138674194059169,True
CP_000493,9447,9447,113,68,5424,5471,3264,3311,5583,245,217,60.67412713085147,355.28815193885833,60.6744358865625,355.287254653125,60.67425089539619,355.28777245251246,60.673695,355.28943,0.0005498526505098084,0.0022969582998144966,0.0017471819452428987,0.0022969582998144966,0.9138631100577286,True
CP_000494,6792,6792,81,69,3888,3935,3312,3359,1307,151,220,60.92619124026286,355.30555132531435,60.9263844015,355.30488140515007,60.92588164106592,355.30482677001186,60.926308,355.30695,0.0005057203302269697,0.0020658208497646023,0.0021614344913859144,0.0021614344913859144,0.9138198729654574,True
CP_000495,6214,6214,74,72,3552,3599,3456,3503,371,131,229,60.98107799494094,355.3579377704753,60.9815813560225,355.35777368095,60.98135935487453,355.3570613589915,60.980293,355.35898,0.0007461146576147957,0.0017635741672496147,0.002193417902435347,0.002193417902435347,0.9137934421283112,True
CP_000496,12933,12928,155,68,7440,7487,3264,3311,11214,368,217,60.34338404577392,355.28857830710234,60.3437846175625,355.28718075375,60.34309435691746,355.2893695972444,60.343273,355.28918,0.0022951025251425755,0.0020680586905090664,0.00025730628461282333,0.0022951025251425755,0.9135553746824119,True
CP_000497,13107,13102,157,76,7536,7583,3648,3695,11511,374,241,60.32763862329184,355.4263684926469,60.3282433755,355.42537907735,60.32682596727589,355.42712117598126,60.327847,355.4266,0.0022458748217240856,0.001288769085056655,0.0011435681754671963,0.0022458748217240856,0.9134489137003498,True
CP_000498,11607,11604,139,70,6672,6719,3360,3407,9058,321,223,60.469893761309976,355.3223570534945,60.469807327,355.32190544635,60.47016646791625,355.3214657629618,60.469707,355.3237,0.0005677179577862541,0.0017972799390303298,0.002280846025289924,0.002280846025289924,0.9134163756575446,True
CP_000499,13933,13926,167,72,8016,8063,3456,3503,12804,403,229,60.24973897962278,355.35734846750887,60.249435687,355.35608288755,60.25018942447574,355.3582049466172,60.24959,355.35776,0.0022519446856352266,0.0016819440048856282,0.0007465049091511656,0.0022519446856352266,0.9133457714336595,True
CP_000500,10282,10282,123,73,5904,5951,3504,3551,6951,274,232,60.59553592200394,355.3747214348943,60.5958537875625,355.374317914375,60.59452823992393,355.3742665563235,60.596226,355.37558,0.001326542193660039,0.001315594397711871,0.002146205888654405,0.002146205888654405,0.9133181453914911,True
CP_000501,11446,11443,137,75,6576,6623,3600,3647,8805,315,238,60.48591519780522,355.4098194011656,60.4856776943825,355.40871734114995,60.4858122532812,355.4109508232843,60.486256,355.4098,0.0022375317967768915,0.0012184861907442895,0.0012425847627643713,0.0022375317967768915,0.9132983181617195,True
CP_000502,12026,12021,144,74,6912,6959,3552,3599,9747,336,235,60.43018100492304,355.3913003348993,60.4305514766975,355.39117163357497,60.430239188218096,355.39027331643547,60.429752,355.39246,0.0009510508806012936,0.0015127264482028258,0.0022363715858747728,0.0022363715858747728,0.9132934937430791,True
CP_000503,8866,8866,106,68,5088,5135,3264,3311,4637,224,217,60.72984723976324,355.2880674457912,60.72954535993749,355.28725824375,60.72988619089518,355.287484865108,60.73011,355.28946,0.00040929571416332175,0.002272298968514104,0.0019870271295407637,0.002272298968514104,0.9132384902408464,True
CP_000504,8287,8287,99,70,4752,4799,3360,3407,3698,204,223,60.78471633140043,355.32338401082825,60.784718522042496,355.32229103735,60.78541481664123,355.32376431544725,60.784016,355.3241,0.0016295319941821273,0.0019376185390391216,0.0014380952117758084,0.0019376185390391216,0.9132141964495478,True
CP_000505,10279,10279,123,70,5904,5951,3360,3407,6941,274,223,60.5954718732983,355.32274335634656,60.595773669500005,355.322075997125,60.59467561128357,355.3223015328523,60.595966,355.32385,0.0011209809146283212,0.001786959102716612,0.0020178202569725284,0.0020178202569725284,0.9132052433588751,True
CP_000506,12526,12521,150,76,7200,7247,3648,3695,10565,353,241,60.38335548654447,355.42650689995713,60.3833531865,355.42561822857505,60.38245500286972,355.42717517637453,60.38426,355.42673,0.0017974482701968374,0.0014315043768442558,0.0018580557283700786,0.0018580557283700786,0.9131866987027344,True
CP_000507,6303,6303,75,78,3600,3647,3744,3791,526,134,247,60.9732237333561,355.46262400865663,60.97381843950001,355.46345759475,60.973097328439394,355.4614627710637,60.972755,355.46295,0.0021211606967282736,0.001177265681226738,0.0015276399500864775,0.0021211606967282736,0.9131596621903779,True
CP_000508,12601,12596,151,68,7248,7295,3264,3311,10673,356,217,60.37522681763369,355.28781775084127,60.375274597437496,355.28718363937503,60.374890871332695,355.2870545252582,60.375515,355.2892,0.00040486563038463297,0.0020456218697157357,0.0022488992137056226,0.0022488992137056226,0.9131464259061048,True
CP_000509,14101,14094,169,74,8112,8159,3552,3599,13081,409,235,60.23386255999247,355.39175328482105,60.2337383105,355.390506053575,60.23420297665513,355.39272499229423,60.233646,355.39203,0.002267069402435764,0.001525526698102276,0.0008913233463951691,0.002267069402435764,0.9131126393828878,True
CP_000510,12931,12926,155,66,7440,7487,3168,3215,11207,368,211,60.34333615314742,355.2535706467838,60.3437106783975,355.252620407575,60.34319246488265,355.2532697554327,60.343105,355.25482,0.0008307814918855371,0.002283088323894265,0.0015544667612513458,0.002283088323894265,0.9131071887384323,True
CP_000511,11937,11932,143,68,6864,6911,3264,3311,9592,333,217,60.438008822990916,355.28800780067496,60.438254675,355.28721121875003,60.438470158230544,355.28756657780605,60.4373,355.28925,0.0004155876337630941,0.0022465558413356937,0.002045624280731452,0.0022465558413356937,0.9130709550354258,True
CP_000512,14179,14172,170,69,8160,8207,3312,3359,13199,412,220,60.22579363105681,355.30507860665176,60.22573174600001,355.30436700935,60.22649045576419,355.304624914121,60.22516,355.30624,0.0008013459784440527,0.0019624211786837603,0.0020963540249641695,0.0020963540249641695,0.913044059911798,True
CP_000513,11356,11353,136,68,6528,6575,3264,3311,8646,312,217,60.49372775735228,355.28796083221073,60.493361939,355.28722514875,60.49410413945333,355.2873507072572,60.493717,355.2893,0.0007527459409673688,0.0021115904572198375,0.0019938411245633792,0.0021115904572198375,0.9128779002503696,True
CP_000514,12775,12770,153,76,7344,7391,3648,3695,10970,362,241,60.359478877482296,355.4257087941498,60.3597359387625,355.42551721775,60.35861997469026,355.4249429049336,60.36008,355.42667,0.001255074110013935,0.001199654517700479,0.002259142713173829,0.002259142713173829,0.912837324324224,True
CP_000515,7133,7133,85,78,4080,4127,3744,3791,1878,163,247,60.894518682018855,355.4634289163157,60.8950930445,355.46302092475,60.893615131683525,355.46455830466584,60.894848,355.4627,0.002132548545440803,0.00039791133291006446,0.002223746626379934,0.002223746626379934,0.9127755858611157,True
CP_000516,9368,9368,112,72,5376,5423,3456,3503,5461,242,229,60.68217795569973,355.357261933291,60.6824298715,355.3570866915501,60.68200179223005,355.35620911808854,60.682102,355.3585,0.0009764154043010592,0.0014410460094402176,0.0022830812824964635,0.0022830812824964635,0.9127047002658224,True
CP_000517,12107,12102,145,72,6960,7007,3456,3503,9876,339,229,60.422177842677,355.35768160919343,60.422633838382495,355.35649076615,60.4223794564942,355.3585218348678,60.42152,355.35803,0.002046936804502656,0.0019016352982656965,0.0009889292393620269,0.002046936804502656,0.9126945231670871,True
CP_000518,7208,7208,86,70,4128,4175,3360,3407,1986,166,223,60.88641416341181,355.32297283640247,60.8870549935025,355.32241982955,60.886090542387215,355.32227992965755,60.886097,355.32422,0.000974544988021026,0.002038125072582736,0.001938830945052257,0.002038125072582736,0.9126296740220156,True
CP_000519,13185,13179,158,71,7584,7631,3408,3455,11629,377,226,60.319575407154865,355.3394817613029,60.3202569446375,355.33897881837504,60.31911808053803,355.33876822334616,60.31935,355.3407,0.0011581717071492774,0.0019433986512168864,0.0019440462137736603,0.0019440462137736603,0.9126292151760814,True
CP_000520,11438,11435,137,67,6576,6623,3216,3263,8778,315,214,60.485740130216925,355.2710122664709,60.485453459,355.26986842555004,60.486201746103895,355.2711041648781,60.485565,355.27206,0.001444640189397597,0.0021986240496637784,0.00115190886301779,0.0021986240496637784,0.9125775356032132,True
CP_000521,8618,8618,103,69,4944,4991,3312,3359,4235,215,220,60.75375046575872,355.305593932834,60.753198043,355.30476096175,60.753677896512514,355.3052581414395,60.754375,355.30676,0.0006909754243927119,0.002322335630564812,0.0016583950240923742,0.002322335630564812,0.9125744786298161,True
CP_000522,8123,8123,97,72,4656,4703,3456,3503,3434,198,229,60.80067897666084,355.3575284211826,60.8005184292025,355.35735380557503,60.80121408793824,355.3565583622697,60.800304,355.35867,0.0010567266101490548,0.0013365363611721544,0.002302087373558757,0.002302087373558757,0.912532028519516,True
CP_000523,7043,7043,84,71,4032,4079,3408,3455,1719,160,226,60.902353733008425,355.34033358219614,60.9028281975,355.34001826315,60.901935027892456,355.33942974906347,60.902298,355.34155,0.0010696264665219068,0.0016234960085222336,0.002153786489746671,0.002153786489746671,0.9124913068182814,True
CP_000524,12523,12518,150,73,7200,7247,3504,3551,10555,353,232,60.38329591215455,355.3747985252691,60.38329256896251,355.3737011963749,60.38259629665153,355.3755417915419,60.384,355.37515,0.0019678886400805264,0.001614125053287917,0.0014555733795562032,0.0019678886400805264,0.9124315535874354,True
CP_000525,9206,9206,110,76,5280,5327,3648,3695,5204,236,241,60.69817469613627,355.42666359956746,60.6982604090025,355.42699426454993,60.697697242638725,355.4254147470429,60.698566,355.42758,0.0016769114193324528,0.0006624467909590372,0.002334857829356728,0.002334857829356728,0.9123865766374383,True
CP_000526,14014,14007,168,70,8064,8111,3360,3407,12932,406,223,60.241738026567816,355.32217172887005,60.241506488062505,355.3216049293749,60.24234025155306,355.32148496426646,60.241367,355.32343,0.0008423497999234772,0.0018256740597796355,0.0021705833759583047,0.0021705833759583047,0.9123851173547536,True
CP_000527,14598,14591,175,73,8400,8447,3504,3551,13888,427,232,60.186087192674684,355.3736093499551,60.186477321462505,355.37314936174994,60.18657307492092,355.37289231116216,60.18521,355.3748,0.00027430590492260237,0.0020695238157639405,0.0023328605889374673,0.0023328605889374673,0.9123806137679816,True
CP_000528,7954,7954,95,69,4560,4607,3312,3359,3154,192,220,60.81653378749139,355.30576944864066,60.8161766216425,355.30480354935,60.8172588167594,355.3056810661032,60.816166,355.30682,0.001393263048800109,0.002020209442225174,0.0015811692755287464,0.002020209442225174,0.91231435989026,True
CP_000529,10616,10616,127,75,6096,6143,3600,3647,7453,286,238,60.564620282468304,355.40898241223914,60.5644048455,355.409028430975,60.5652927938971,355.4079456612112,60.564163,355.40997,0.0014003009381227222,0.00097512685378286,0.0023209163910613267,0.0023209163910613267,0.912284242824647,True
CP_000530,9372,9372,112,76,5376,5423,3648,3695,5475,242,241,60.682250490096976,355.42786781785503,60.6825139816425,355.42693102935,60.68179196252537,355.4291516722619,60.682446,355.42752,0.0023350731354372886,0.0005936824966221374,0.00175699926860096,0.0023350731354372886,0.912239649548779,True
CP_000531,12527,12522,150,77,7200,7247,3696,3743,10568,353,244,60.38337465158539,355.4431766383779,60.38336914641749,355.442925514325,60.38241261473517,355.44266519182435,60.384342,355.44394,0.0009913226839061732,0.0014051326231628177,0.0023122271370261053,0.0023122271370261053,0.912238630235985,True
CP_000532,10031,10031,120,71,5760,5807,3408,3455,6539,265,226,60.619373617065214,355.3402323351792,60.6194175441975,355.33952655555,60.61846786388291,355.3400449617063,60.620235,355.34113,0.0010819600930062365,0.0017959800997646373,0.0020716838614161814,0.0020716838614161814,0.9122336510549596,True
CP_000533,10781,10781,129,74,6192,6239,3552,3599,7720,292,235,60.5486817855079,355.3917261850211,60.5486407025,355.39157183355,60.54944628000027,355.39090652620087,60.54796,355.3927,0.0010447913560948582,0.0013186251995786164,0.0023304748610358836,0.0023304748610358836,0.9121954215281844,True
CP_000534,6053,6053,72,77,3456,3503,3696,3743,118,125,244,60.99708410570031,355.44651975358875,60.9974267660025,355.44594845455,60.996980305737104,355.4479015777006,60.996845,355.4457,0.0020035011380038817,0.000628804700696881,0.002196505464109874,0.002196505464109874,0.9121835404134936,True
CP_000535,13763,13757,165,68,7920,7967,3264,3311,12520,397,217,60.26556664614751,355.2879720480941,60.2650574469375,355.28715821874994,60.26627307622183,355.28763439037607,60.26537,355.28912,0.0013055627041464724,0.001989922819017147,0.001741882679268512,0.001989922819017147,0.912158862231884,True
CP_000536,11864,11859,142,78,6816,6863,3744,3791,9490,330,247,60.44617380963393,355.46029482724725,60.4463613261625,355.4605864323749,60.44594351948736,355.45899433842925,60.446217,355.4613,0.001646002900835746,0.0007317370063934032,0.0023254602128175736,0.0023254602128175736,0.9121417458391963,True
CP_000537,12355,12350,148,71,7104,7151,3408,3455,10278,347,226,60.39917327503116,355.34026269968945,60.398985709,355.339123467375,60.39858599597628,355.34084431919325,60.39995,355.34082,0.0017666639413869926,0.001950773830254099,0.0013623356769000032,0.001950773830254099,0.91211815901506,True
CP_000538,8288,8288,99,71,4752,4799,3408,3455,3701,204,226,60.78473727738833,355.34020553671735,60.7847471037175,355.339803616325,60.78536896428733,355.3394433649209,60.784096,355.34137,0.0007186735298292738,0.0016960656306729226,0.002309010936549182,0.002309010936549182,0.9120904870799931,True
CP_000539,8127,8127,97,76,4656,4703,3648,3695,3448,198,241,60.800749788359745,355.4283552901779,60.8006021573425,355.4274473433501,60.80099947214103,355.429762081871,60.800648,355.42786,0.002348589676658324,0.0004116330803268207,0.0019378259184901997,0.002348589676658324,0.9119170205983291,True
CP_000540,7796,7796,93,77,4464,4511,3696,3743,2910,186,244,60.832610468973165,355.4445059087129,60.832108620562494,355.44512553375,60.83274930613237,355.4431712451232,60.832973,355.44522,0.0020566288037112547,0.000870106875112764,0.002061924561241515,0.002061924561241515,0.9118676899836619,True
CP_000541,14509,14502,174,67,8352,8399,3216,3263,13733,423,214,60.19479959330683,355.2709326976967,60.194166536500006,355.26993688695,60.19479004371347,355.2709495850463,60.195442,355.2719,0.0011892513104872265,0.0023509341879824107,0.0011622481647715639,0.0023509341879824107,0.9118329018597049,True
CP_000542,13688,13682,164,76,7872,7919,3648,3695,12412,394,241,60.27369896371287,355.42629936750336,60.273134803,355.425146841975,60.27384557202534,355.4272986238162,60.274117,355.42645,0.0022661327630237745,0.0016336647604747437,0.0008883157478567981,0.0022661327630237745,0.9118219245702615,True
CP_000543,13765,13759,165,70,7920,7967,3360,3407,12527,397,223,60.26561463609982,355.322915541535,60.265122506500006,355.3216407351749,60.26617651044202,355.32365007888313,60.265545,355.32346,0.0022690056076412786,0.0018635738712584427,0.0006608198351325078,0.0022690056076412786,0.9117199384790811,True
CP_000544,11448,11445,137,77,6576,6623,3696,3743,8811,315,244,60.48595604138226,355.44322636574935,60.485711303,355.443437371575,60.4857256993206,355.4420278584857,60.48643,355.4442,0.0014095866071135393,0.001058812815732835,0.002297010003411555,0.002297010003411555,0.9117197571291316,True
CP_000545,8783,8783,105,68,5040,5087,3264,3311,4502,221,217,60.73780815512172,355.2883131402585,60.7374180745,355.287261759375,60.73783195238859,355.2881879153068,60.738174,355.2895,0.0010144258064240653,0.002352872985104757,0.0013461278238900284,0.002352872985104757,0.9116712549934549,True
CP_000546,11521,11518,138,67,6624,6671,3216,3263,8913,318,214,60.47778268967352,355.2707773292562,60.477579702,355.2698679077499,60.4782560074014,355.27039987103444,60.477512,355.27206,0.0008604498428344964,0.002197333408634239,0.0018229187682515637,0.002197333408634239,0.9115245571455683,True
CP_000547,11771,11766,141,68,6768,6815,3264,3311,9322,327,217,60.453924977433466,355.28849237902483,60.453998562,355.28721589937504,60.4543614533082,355.2889851146527,60.453415,355.28928,0.0018060489473512619,0.0021412993889527183,0.000990261017621607,0.0021412993889527183,0.9115136407140212,True
CP_000548,13026,13021,156,78,7488,7535,3744,3791,11337,371,247,60.336519060910554,355.4600014965804,60.3361470722625,355.459983770375,60.33733528136762,355.45905270178804,60.336075,355.46097,0.0015095461540248405,0.000986894944334741,0.002292852915205694,0.002292852915205694,0.9114731633903629,True
CP_000549,12350,12345,148,66,7104,7151,3168,3215,10261,347,211,60.39905529843998,355.2534741363817,60.398818051,355.25257535075,60.39882697029652,355.2530252810513,60.39952,355.25482,0.0004500186994484274,0.0023538038667838693,0.001925850801864608,0.0023538038667838693,0.9114565345639903,True
CP_000550,7871,7871,94,69,4512,4559,3312,3359,3019,189,220,60.82449107709116,355.3060053302035,60.8240499486025,355.30480565654995,60.82520453267097,355.30638660359176,60.82422,355.30682,0.0019576664476359776,0.0020251212935423384,0.0010783540146803898,0.0020251212935423384,0.911421711882487,True
CP_000551,6543,6543,78,69,3744,3791,3312,3359,902,142,220,60.95006767043452,355.3062699652392,60.9500026709625,355.30489765675,60.949718925546144,355.3069359206083,60.95048,355.30698,0.0020579190988459627,0.0021330798727402416,0.000763558663624389,0.0021330798727402416,0.9114045311506145,True
CP_000552,13181,13175,158,67,7584,7631,3216,3263,11616,377,214,60.31948048205541,355.2712158099193,60.3201265510375,355.26990061137496,60.31929939219904,355.2717741621328,60.319016,355.27197,0.002048019576594225,0.002351126934477682,0.0003464001036791054,0.002351126934477682,0.9112915806346413,True
CP_000553,7127,7127,85,72,4080,4127,3456,3503,1858,163,229,60.89441256470169,355.3587071103555,60.8949815795,355.357573751325,60.89392704356015,355.3596913785696,60.89433,355.35886,0.0023656692912523646,0.001438904059941455,0.0009269020359225492,0.0023656692912523646,0.9112856915203909,True
CP_000554,13520,13514,162,74,7776,7823,3552,3599,12135,388,235,60.289579489240204,355.3918647124626,60.288843973,355.390693284175,60.28983254403703,355.39274997430664,60.290062,355.39215,0.0022819393052750134,0.0018994873093506831,0.0006415159454399925,0.0022819393052750134,0.9111889766832413,True
CP_000555,13191,13185,158,77,7584,7631,3696,3743,11604,377,244,60.3205835357031,355.4428196161491,60.320385537,355.44261704674994,60.3214874455976,355.4420856981817,60.319878,355.44376,0.0012233290066188552,0.0012471669540178813,0.0023198659246054867,0.0023198659246054867,0.9111221523769035,True
CP_000556,10116,10116,121,73,5808,5855,3504,3551,6681,268,232,60.611452794222025,355.37522984197153,60.6115966513375,355.374359259125,60.61041889685591,355.37571991522714,60.612343,355.3756,0.0017995806864777317,0.0014567160184209226,0.001927054786386302,0.001927054786386302,0.9111199215291093,True
CP_000557,12604,12599,151,71,7248,7295,3408,3455,10683,356,226,60.375297534335,355.33950427731196,60.375368414,355.33907808095006,60.374749805460056,355.3386754736419,60.375774,355.34076,0.0007380847988388198,0.0017295180211726055,0.0023220676389448646,0.0023220676389448646,0.9111032737762355,True
CP_000558,14269,14262,171,76,8208,8255,3648,3695,13358,415,241,60.21798450714314,355.4261373420474,60.2180315815,355.4249017614,60.2182171669802,355.42721021591416,60.217705,355.4263,0.0023159024621866205,0.001435970598756622,0.0010444863653904521,0.0023159024621866205,0.911096726393496,True
CP_000559,14436,14429,173,77,8304,8351,3696,3743,13631,421,244,60.202085534976334,355.44218712554476,60.202298558,355.442051463375,60.2022864465872,355.4411200206811,60.20167,355.4434,0.0009315214319890421,0.0014779948027693135,0.0023516705411844962,0.0023516705411844962,0.9110892835359081,True
CP_000560,14594,14587,175,69,8400,8447,3312,3359,13875,426,220,60.18688910293722,355.3055733211996,60.1863644545,355.30433887835,60.186749448549946,355.30616770634253,60.187553,355.3062,0.0018689120484364726,0.002219765176350818,0.0008052534889319962,0.002219765176350818,0.9110788013741237,True
CP_000561,11355,11352,136,67,6528,6575,3216,3263,8643,312,214,60.49370078379093,355.2712467286854,60.493325411,355.26986751835,60.49414748480638,355.27180845872186,60.49363,355.27206,0.0021078555145652633,0.0022176322602099198,0.000577721810429269,0.0022176322602099198,0.9109894769323204,True
CP_000562,13856,13850,166,78,7968,8015,3744,3791,12689,400,247,60.257816570247506,355.460696021199,60.2574232057375,355.45955173537504,60.257859238159305,355.4618124512687,60.258167,355.46072,0.002302381511555475,0.0013883597559001231,0.00113131592059961,0.002302381511555475,0.9109445162548664,True
CP_000563,10942,10942,131,69,6288,6335,3312,3359,7974,297,220,60.53354676594938,355.30587076919954,60.53275954450001,355.30461150097506,60.53378880388523,355.3064517343579,60.534092,355.30655,0.002108514592163915,0.0023514858050059056,0.00031838955626239826,0.0023514858050059056,0.9108765530195234,True
CP_000564,9201,9201,110,71,5280,5327,3408,3455,5188,236,226,60.69807416560047,355.34096965383156,60.6981493435,355.33964937155,60.69793777732484,355.34201203135103,60.698135,355.34125,0.002372113315542132,0.001598248077879043,0.0007895972541682434,0.002372113315542132,0.9108491004608557,True
CP_000565,9617,9617,115,72,5520,5567,3456,3503,5867,251,229,60.65829658160064,355.3582388556553,60.6588107325,355.357033425975,60.65815054550504,355.3592541859129,60.65793,355.35843,0.002316812804311337,0.0016510282398097182,0.0008545904769462705,0.002316812804311337,0.9107594459327667,True
CP_000566,9622,9622,115,77,5520,5567,3696,3743,5883,251,244,60.65839525879247,355.4438562864513,60.65891059999999,355.444278783325,60.65791183409226,355.44255741001325,60.658363,355.44473,0.00199014055202445,0.0007109855858632522,0.0022216206526131056,0.0022216206526131056,0.9106954069610762,True
CP_000567,11200,11197,134,78,6432,6479,3744,3791,8409,307,247,60.50895409245152,355.4607537724585,60.5093418654625,355.460930412125,60.50951717702876,355.45981357126607,60.508003,355.46152,0.0011305165409676774,0.0014616460413542755,0.0022792165936378933,0.0022792165936378933,0.9106175528800282,True
CP_000568,11859,11854,142,73,6816,6863,3504,3551,9474,330,232,60.44607792143211,355.3751291263679,60.4462719203625,355.37389098475,60.44617250677561,355.3762217361505,60.44579,355.37527,0.002332870581970345,0.0014654141987629312,0.0010216533630010834,0.002332870581970345,0.9105898909286912,True
CP_000569,10526,10526,126,68,6048,6095,3264,3311,7340,283,217,60.571545866820664,355.28852947910747,60.5720897045625,355.28724910375,60.57092695473739,355.2890021753692,60.57162,355.28934,0.002103627167017606,0.002140025823372993,0.0007706040855838907,0.002140025823372993,0.9105714637581565,True
CP_000570,14591,14584,175,66,8400,8447,3168,3215,13865,426,211,60.18681211230663,355.25411326632934,60.18625721,355.25273796955,60.18688512057226,355.25484108725044,60.187294,355.25476,0.0021948521017501076,0.0022730058973583623,0.0004167048193355434,0.0022730058973583623,0.9105303910524702,True
CP_000571,7545,7545,90,75,4320,4367,3600,3647,2498,177,238,60.85645467345535,355.40985584087383,60.8556877347225,355.410139892725,60.85669310082911,355.40872206349025,60.856983,355.4107,0.001738102628513194,0.0014135691190736378,0.002004602837559428,0.002004602837559428,0.9104890322161789,True
CP_000572,13104,13099,157,73,7536,7583,3504,3551,11501,374,232,60.32757847479302,355.37472749206586,60.328182631,355.37354659475005,60.32696566569352,355.3755748462912,60.327587,355.37506,0.0023653348328287996,0.0016273149484483957,0.0008063602730459845,0.0023653348328287996,0.9104456889106002,True
CP_000573,10200,10200,122,74,5856,5903,3552,3599,6774,271,235,60.60439874460179,355.39181346260284,60.60374840797751,355.39175766072503,60.605077708640366,355.39082994388025,60.60437,355.39285,0.0016210178272800012,0.0012592916992513958,0.0021430269691123808,0.0021430269691123808,0.910420456690548,True
CP_000574,6711,6711,80,71,3840,3887,3408,3455,1179,148,226,60.93419031631584,355.3413098878063,60.934317533002506,355.34006963955005,60.93371743572041,355.3422767719157,60.934536,355.34158,0.002287258189937571,0.0015292945091059933,0.0010728397102239564,0.002287258189937571,0.9102918675099363,True
CP_000575,7290,7290,87,69,4176,4223,3312,3359,2118,169,220,60.87843207319986,355.3058605151364,60.8791521218225,355.30484745195,60.87819152209347,355.3058493278341,60.877953,355.3069,0.00138798671697171,0.0023642245979615998,0.0010626508389994865,0.0023642245979615998,0.91026141560132,True
CP_000576,10113,10113,121,70,5808,5855,3360,3407,6671,268,223,60.61138891653082,355.32323539135785,60.6115165905,355.3220930985749,60.61056672403388,355.3237300188581,60.612083,355.32388,0.0018925523287422572,0.0018775682759013409,0.0015244123114719539,0.0018925523287422572,0.9101614344392774,True
CP_000577,10697,10697,128,73,6144,6191,3504,3551,7582,289,232,60.556617779582986,355.3752533330732,60.5564906525,355.37420563375,60.55743540963765,355.3760660842194,60.555927,355.3755,0.002086586206750263,0.0014009200552269087,0.0016150298748147992,0.002086586206750263,0.9101359707057222,True
CP_000578,11445,11442,137,74,6576,6623,3552,3599,8801,315,235,60.48589847387882,355.3913898409223,60.48565755800001,355.39135859795,60.4858699559216,355.3902327998167,60.486168,355.39258,0.001145658899489279,0.0013220072076746846,0.0023641754347862158,0.0023641754347862158,0.910049787790795,True
CP_000579,8793,8793,105,78,5040,5087,3744,3791,4535,222,247,60.73710999960284,355.4615955986201,60.737650711225,355.46215633975,60.7373320890972,355.460411217829,60.736347,355.46222,0.0017739702870665747,0.0013050293809406387,0.0020588704357295527,0.0020588704357295527,0.9100407432566711,True
CP_000580,10609,10609,127,68,6096,6143,3264,3311,7475,286,217,60.56358640513135,355.28829293039627,60.564217467937496,355.28724623875,60.56298126161672,355.28829539423566,60.56356,355.28934,0.0016213985631507233,0.002191704732857398,0.0011919617714340263,0.002191704732857398,0.9100403774962557,True
CP_000581,12694,12689,152,78,7296,7343,3744,3791,10842,359,247,60.36747222845495,355.4610071421519,60.3676374521625,355.460148902375,60.36646639750899,355.46181295376823,60.368313,355.46106,0.0020348061432944133,0.0011337808457238692,0.0019942218031299068,0.0020348061432944133,0.9100298133069674,True
CP_000582,8952,8952,107,71,5136,5183,3408,3455,4782,227,226,60.72195474993393,355.33997125802847,60.72176572575751,355.33968987635,60.72178941149545,355.3389458215635,60.72231,355.34128,0.0007444316889185993,0.0016785850824912046,0.002389456160518788,0.002389456160518788,0.9099758863444077,True
CP_000583,13928,13921,167,67,8016,8063,3216,3263,12787,403,214,60.24962187942574,355.2708792278924,60.2492778905,355.26991498655,60.250423166478384,355.2707805584552,60.249165,355.27194,0.0014355736796605777,0.00203031640396499,0.0017126894797175984,0.00203031640396499,0.9098888004086482,True
CP_000584,14512,14505,174,70,8352,8399,3360,3407,13743,424,223,60.19397695854452,355.32240144886663,60.194268309,355.3215514482,60.19465414378199,355.3222886405872,60.19301,355.32336,0.0008320583481488473,0.0022076212986286746,0.0019660492863096354,0.0022076212986286746,0.909833122103552,True
CP_000585,7297,7297,87,76,4176,4223,3648,3695,2096,169,241,60.8794534163354,355.42749005484546,60.8793226745,355.42779722934995,60.88048227665466,355.426633384405,60.878555,355.42804,0.0016429279390522702,0.0008047276537059877,0.002385487620010468,0.002385487620010468,0.90976711459026,True
CP_000586,6050,6050,72,74,3456,3503,3552,3599,108,125,235,60.99703316848812,355.39402427071894,60.99737443502251,355.39305909595,60.99713922449459,355.39530644081617,60.996586,355.3937,0.0022596200875456968,0.0010207885759873844,0.0016922050333511083,0.0022596200875456968,0.9095970776946265,True
CP_000587,13852,13846,166,74,7968,8015,3552,3599,12675,400,235,60.2577463882383,355.39082350500274,60.2573555405825,355.390582185975,60.258052050646086,355.3897984852832,60.25783,355.3921,0.0010484813031123366,0.0015810247600921061,0.002301941311425715,0.002301941311425715,0.9095826414243016,True
CP_000588,11614,11611,139,77,6672,6719,3696,3743,9082,321,244,60.470031807739836,355.44441729879054,60.46996386599999,355.44335433795004,60.46982134603786,355.4457142088123,60.47031,355.44418,0.0023641705577722876,0.000898451621492526,0.001607021788290818,0.0023641705577722876,0.9095773184334011,True
CP_000589,13598,13592,163,69,7824,7871,3312,3359,12253,391,220,60.28151193593388,355.3050741724755,60.2808350313625,355.30441443975,60.28212271247428,355.3045031460358,60.281578,355.3063,0.0012907329122569368,0.0020312698089108823,0.0018823053324425944,0.0020312698089108823,0.9095552767184838,True
CP_000590,9948,9948,119,71,5712,5759,3408,3455,6404,262,226,60.627331561415254,355.3404854595511,60.6272930633175,355.33953743715,60.6264133518853,355.3407629356439,60.62829,355.34116,0.001508555190414184,0.001900052394796012,0.0019156770454379014,0.0019156770454379014,0.9095004790489252,True
CP_000591,10865,10865,130,75,6240,6287,3600,3647,7859,295,238,60.54073727945846,355.4099236103397,60.54078729442249,355.40893100395,60.54144270191188,355.4109277176941,60.53998,355.4099,0.0021015291463850052,0.0012693783493570952,0.001779205390097574,0.0021015291463850052,0.9093544745971914,True
CP_000592,6882,6882,82,76,3936,3983,3648,3695,1466,154,241,60.91836451048098,355.42873045052653,60.918683642000005,355.42797615692496,60.91755994437455,355.43005357356094,60.91885,355.42816,0.0023618544055278405,0.0002491057374904105,0.002289887754482459,0.0023618544055278405,0.9092162212121431,True
CP_000593,12520,12515,150,70,7200,7247,3360,3407,10545,353,223,60.38323099389621,355.3230919535062,60.383212105122496,355.32178957295,60.382737590433344,355.3239084067092,60.383743,355.32358,0.002171317731088261,0.0018655289985330128,0.0010586175784235393,0.002171317731088261,0.9091652245108366,True
CP_000594,14433,14426,173,74,8304,8351,3552,3599,13621,421,235,60.20202626711853,355.3907151475012,60.20224402599999,355.3904091403749,60.20242257442786,355.3897685286912,60.201412,355.39197,0.0006650284733725379,0.0017667116274644296,0.0024202338861872633,0.0024202338861872633,0.9090974015848563,True
CP_000595,14429,14422,173,70,8304,8351,3360,3407,13608,421,223,60.20193757816393,355.32264648930567,60.202140501,355.321563621,60.20259954062071,355.32301158910434,60.201073,355.32336,0.0015189894682245588,0.0020934438446514347,0.001567047947008704,0.0020934438446514347,0.9090884361932983,True
CP_000596,8701,8701,104,69,4992,5039,3312,3359,4370,218,220,60.74579283307593,355.3053565267228,60.745323664,355.30475552455,60.745732203391846,355.304551360306,60.746323,355.30676,0.0004567137760333933,0.002242023908686295,0.0022888006157364433,0.0022888006157364433,0.9090457635475928,True
CP_000597,8700,8700,104,68,4992,5039,3264,3311,4367,218,217,60.745766497161185,355.2885485903248,60.7452906985,355.287265059375,60.74577771388199,355.2888909655057,60.74623,355.2895,0.0016972786241920273,0.002415273622683513,0.0007510514063350995,0.002415273622683513,0.9090140340513231,True
CP_000598,8620,8620,103,71,4944,4991,3408,3455,4242,215,226,60.75379362005677,355.34096631161924,60.75325838050001,355.339752055375,60.753571545832415,355.3418077681546,60.75455,355.34134,0.0020794296231156487,0.002046812333745738,0.0010857440242772341,0.0020794296231156487,0.9088573049468217,True
CP_000599,12185,12180,146,67,7008,7055,3216,3263,9994,341,214,60.41500160224914,355.2706157217013,60.4146032215,355.26987964035004,60.41467587723963,355.2699338333477,60.415726,355.27203,9.064070551122068e-05,0.0024289734278027724,0.0023476687389636076,0.0024289734278027724,0.9087967962489955,True
CP_000600,10284,10284,123,75,5904,5951,3600,3647,6958,274,238,60.59557414851144,355.4099518772564,60.595896150962496,355.40914886175005,60.5944250799722,355.4106420727534,60.5964,355.41006,0.002096122362587199,0.0010458699580324956,0.002058754604005445,0.002096122362587199,0.9087891339098458,True
CP_000601,13855,13849,166,77,7968,8015,3696,3743,12685,400,244,60.25780379710062,355.44237267741255,60.2574099056575,355.442308001775,60.25791432744124,355.44123703241564,60.258087,355.44357,0.0011838144722199574,0.0014348820782113705,0.002342350508047765,0.002342350508047765,0.9087075304184143,True
CP_000602,9697,9697,116,69,5568,5615,3312,3359,5992,254,220,60.6502726639465,355.3059456160516,60.65085147248249,355.30468530315,60.6503540925992,355.3064804024268,60.649612,355.30667,0.0018627313713846414,0.0023406820677242426,0.0007658002517661004,0.0023406820677242426,0.9086263030175097,True
CP_000603,10695,10695,128,71,6144,6191,3408,3455,7575,289,226,60.55657753252766,355.3400611739399,60.5564391572625,355.33941839275,60.55753782508611,355.3397311935228,60.555756,355.34103,0.0011423288975123689,0.0017541973186300825,0.0022075798370261458,0.0022075798370261458,0.9086039263725658,True
CP_000604,10451,10451,125,76,6000,6047,3648,3695,7186,280,241,60.5805555668002,355.4262483897534,60.5801672535,355.42649935555,60.581139034302936,355.42499971996017,60.58036,355.42725,0.0017869708534886336,0.0007713160029178186,0.0023774875317381875,0.0023774875317381875,0.9085842260014647,True
CP_000605,11107,11107,133,68,6384,6431,3264,3311,8241,303,217,60.517604529060286,355.2886718271975,60.51698150656251,355.287234059375,60.51794115044256,355.2894747815924,60.51789,355.2893,0.0024375710106536706,0.002263325947845237,0.00017548065451765142,0.0024375710106536706,0.9085756422041221,True
CP_000606,12352,12347,148,68,7104,7151,3264,3311,10268,347,217,60.39910408167977,355.2885312977011,60.39889196406251,355.28719274375,60.39872774557642,355.2891860614628,60.399693,355.2892,0.0020000708025685,0.002175037997421596,0.0009652263661678759,0.002175037997421596,0.9085578354552555,True
CP_000607,10034,10034,120,74,5760,5807,3552,3599,6549,265,235,60.619434042723434,355.39224592102687,60.619491291542495,355.39180716777497,60.61831980879576,355.3920472945244,60.62049,355.39288,0.0011958397391299393,0.0014688549607837645,0.002326606663141643,0.002326606663141643,0.9085261496725376,True
CP_000608,8791,8791,105,76,5040,5087,3648,3695,4529,221,241,60.737968797605454,355.4279808658305,60.73762233549999,355.42717136755,60.737422973332,355.4290978900977,60.73886,355.42767,0.0019368103678068127,0.00133659043512405,0.002024229649639528,0.002024229649639528,0.908476748722376,True
CP_000609,12691,12686,152,75,7296,7343,3600,3647,10832,359,238,60.367418319177176,355.4093237142809,60.36759047108251,355.40825132015,60.36660723547245,355.41020444183346,60.368057,355.40952,0.002186649623357275,0.0013474913530384755,0.001605412715836051,0.002186649623357275,0.9084224585551366,True
CP_000610,7958,7958,95,73,4560,4607,3504,3551,3167,192,232,60.81661747357568,355.37487241006176,60.8162880505,355.37492186675,60.81705893809814,355.3736882833573,60.816505,355.376,0.0014546462373242748,0.0011067713133683379,0.0023839436005296134,0.0023839436005296134,0.908383690603102,True
CP_000611,7872,7872,94,70,4512,4559,3360,3407,3022,189,223,60.82451676227672,355.3228499781182,60.824081645642494,355.32233842935,60.82515833845332,355.322084307739,60.82431,355.32413,0.0011062753735279175,0.0018033232438045307,0.0022119136960333883,0.0022119136960333883,0.9083321748825097,True
CP_000612,6627,6627,79,70,3792,3839,3360,3407,1040,145,223,60.94213115030158,355.3229173120044,60.942162601057504,355.322486855925,60.941725967034735,355.321985294932,60.942505,355.32428,0.0006649907514480006,0.001825308748719241,0.002423096196605539,0.002423096196605539,0.9082938513327711,True
CP_000613,11191,11188,134,69,6432,6479,3312,3359,8379,306,220,60.509671565867386,355.3051443984854,60.509140672,355.30459817354995,60.509951998014266,355.3043164672187,60.509922,355.30652,0.0008588412882959455,0.0020732535465281528,0.0022022914082044996,0.0022022914082044996,0.9082915293595862,True
CP_000614,10038,10038,120,78,5760,5807,3744,3791,6517,265,247,60.62038915880046,355.46109278951275,60.6195574673625,355.46152615475,60.620775658452914,355.45989918644443,60.620834,355.46185,0.0020324899508009074,0.001318057835925546,0.0019547222376410907,0.0020324899508009074,0.9082780003103944,True
CP_000615,13182,13176,158,68,7584,7631,3264,3311,11619,377,217,60.319505428685424,355.2878524474049,60.320163123437496,355.28716895937504,60.3192575510465,355.2872343301051,60.319096,355.28915,0.0009079287899863161,0.0022539248496107724,0.001926540777323695,0.0022539248496107724,0.9082210091683556,True
CP_000616,8539,8539,102,73,4896,4943,3504,3551,4113,213,232,60.760901433303395,355.3748369913441,60.761184826,355.374766996125,60.76142578494535,355.3738589681417,60.760094,355.3759,0.000939455178190148,0.001562221024726823,0.0024247318126352202,0.0024247318126352202,0.9081107521476575,True
CP_000617,13264,13258,159,67,7632,7679,3216,3263,11751,380,214,60.311520372952316,355.27098128725976,60.312256164077496,355.269905068175,60.311353721869295,355.27106613735435,60.31095,355.27197,0.0014705385334755226,0.0024449469931815465,0.0009918537545394223,0.0024449469931815465,0.9080964215702745,True
CP_000618,14597,14590,175,72,8400,8447,3456,3503,13885,427,229,60.186063295271204,355.3570251424855,60.186452665682495,355.35594560397504,60.18661377652761,355.3574943254345,60.185123,355.35764,0.0015570789522179568,0.00215001704859623,0.0014970043190030535,0.00215001704859623,0.9080735328948316,True
CP_000619,6045,6045,72,69,3456,3503,3312,3359,91,125,220,60.99693516217953,355.30594243133345,60.997241315,355.30492574995,60.99740938638234,355.3058947081127,60.996155,355.307,0.0009834266168264592,0.0023476511642134294,0.0016765597320664294,0.0023476511642134294,0.9080588915335032,True
CP_000620,6717,6717,80,77,3840,3887,3696,3743,1199,148,244,60.93430036456245,355.4461442205661,60.93444306988249,355.44563847615,60.93340324475212,355.4472680625014,60.935055,355.44553,0.0019330773337783932,0.0006219415798480518,0.002400399676993631,0.002400399676993631,0.9080522716548287,True
CP_000621,8543,8543,102,77,4896,4943,3696,3743,4127,213,244,60.760971190476106,355.44558774478145,60.76125998049999,355.444780277525,60.76121276451231,355.4469756326004,60.76044,355.445,0.00219586275904943,0.0008500374194317119,0.0021142673222260145,0.00219586275904943,0.9080496217530427,True
CP_000622,14344,14337,172,68,8256,8303,3264,3311,13466,418,217,60.209850285121085,355.2879966504881,60.2099489820625,355.28714766375003,60.210640386484336,355.28777978771427,60.20896,355.28906,0.0009368141655088515,0.0021544708689704116,0.002112831016180353,0.0021544708689704116,0.9080176635046248,True
CP_000623,12267,12262,147,66,7056,7103,3168,3215,10126,344,211,60.407013878490595,355.2537062112413,60.4066913662425,355.252569768775,60.40677275458085,355.2537270876052,60.407578,355.25482,0.0011601771142415308,0.002420082971936053,0.0013586700813702334,0.002420082971936053,0.9080123357564516,True
CP_000624,10946,10946,131,73,6288,6335,3504,3551,7987,298,232,60.53274028137224,355.37449150865876,60.532871626162496,355.374134447375,60.53359949261243,355.37388231492935,60.53175,355.37546,0.0007702988634933794,0.0017348854351298582,0.002429748484070942,0.002429748484070942,0.907941484165436,True
CP_000625,8374,8374,100,74,4800,4847,3552,3599,3846,207,235,60.7768395635303,355.3921729980686,60.776949373,355.39231981635,60.77727079464167,355.390980183715,60.7763,355.39322,0.0013776528838856466,0.0011100119313722423,0.002440816331863757,0.002440816331863757,0.9078837815126825,True
CP_000626,8453,8453,101,70,4848,4895,3360,3407,3968,210,223,60.768798507506155,355.3228942306568,60.7689772105,355.32227323855,60.76952356714543,355.3223432913109,60.767895,355.32407,0.0005508293504501464,0.0020943511461317434,0.0023709377434230224,0.0023709377434230224,0.9076618002071508,True
CP_000627,6878,6878,82,72,3936,3983,3456,3503,1452,154,229,60.91829538440705,355.357703983836,60.918600291,355.35763074055,60.9177792399067,355.35659449220805,60.918507,355.3589,0.0013220951266915187,0.001259466181168873,0.0024048674987919914,0.0024048674987919914,0.9076087961819452,True
CP_000628,6967,6967,83,78,3984,4031,3744,3791,1562,157,247,60.91132350772917,355.46230793559334,60.91084013,355.463112788125,60.91216924206447,355.46104246396754,60.91096,355.46277,0.0024602400282957744,0.0003648873411193923,0.0021068632837160034,0.0024602400282957744,0.9075971164821631,True
CP_000629,11861,11856,142,75,6816,6863,3600,3647,9480,330,238,60.44611946953264,355.4085089417694,60.4463145882175,355.40856687697504,60.44608663654252,355.40726146200507,60.445957,355.4097,0.0013251679931109983,0.001186708733658752,0.0024404601111082764,0.0024404601111082764,0.9075900381376711,True
CP_000630,12359,12354,148,75,7104,7151,3600,3647,10291,347,238,60.399257762122396,355.40865045066954,60.399080122,355.40837488175004,60.398401721496086,355.40800005424296,60.40029,355.40958,0.0007750631611495445,0.0017061602633199823,0.0024608866925310805,0.0024608866925310805,0.9074625398808538,True
CP_000631,10449,10449,125,74,6000,6047,3552,3599,7180,280,235,60.580516439875844,355.39276930724105,60.58012952450001,355.39168303135,60.581227229209546,355.3938331423264,60.580193,355.3928,0.002414111190517548,0.0011105075120461264,0.0014680021023026377,0.002414111190517548,0.9074158500577019,True
CP_000632,13017,13012,156,69,7488,7535,3312,3359,11352,371,220,60.33544935680727,355.30498249944,60.3359446625,355.30445606015,60.33510677706244,355.3041254713729,60.335297,355.30637,0.0009007446619400775,0.0020168511117486868,0.0022485248962383717,0.0022485248962383717,0.9073169304229312,True
CP_000633,10281,10281,123,72,5904,5951,3456,3503,6948,274,229,60.5955132941067,355.357972598792,60.5958294305,355.35690334475,60.59457245133183,355.35867704928216,60.596138,355.35834,0.002173942132785185,0.0014668798928057461,0.0016019688523953685,0.002173942132785185,0.9072908373653565,True
CP_000634,11275,11272,135,70,6480,6527,3360,3407,8518,309,223,60.50172965199925,355.32333920061075,60.501298764,355.32195444894995,60.501948511089545,355.3243326841324,60.50194,355.32373,0.0024653952752870627,0.0018888060993698414,0.0006022541142881669,0.0024653952752870627,0.9072268654470983,True
CP_000635,9788,9788,117,77,5616,5663,3696,3743,6154,257,244,60.642470751234725,355.44504996642763,60.6431667865,355.44420010057496,60.642006850260834,355.4462781678487,60.64224,355.44467,0.0023798772390619775,0.0010410761427428559,0.0016231687814634121,0.0023798772390619775,0.9072000074708723,True
CP_000636,13020,13015,156,72,7488,7535,3456,3503,11362,371,229,60.335518485717195,355.35661858565294,60.3360325761425,355.35629188077496,60.33496685073565,355.3556842375119,60.335556,355.35788,0.001226784813212229,0.0016577307092930477,0.002273085739885134,0.002273085739885134,0.9071164124715557,True
CP_000637,14261,14254,171,68,8208,8255,3264,3311,13331,415,217,60.2178095367878,355.2882445440151,60.217824540062495,355.28714658375,60.2185859428595,355.2884940307171,60.21702,355.2891,0.0015476910378215793,0.0021068711310438634,0.0016783415757424648,0.0021068711310438634,0.9070028140543529,True
CP_000638,8788,8788,105,73,5040,5087,3504,3551,4519,221,232,60.73791293404232,355.37582111649436,60.7375626705,355.37469984675,60.73757444705666,355.37690901054555,60.7386,355.37585,0.002209195184423469,0.0015533049683413526,0.0014721500864089507,0.002209195184423469,0.9069519322050345,True
CP_000639,6128,6128,73,69,3504,3551,3312,3359,226,128,220,60.988975384644,355.3057075434155,60.989368222,355.30492289275,60.98946360209802,355.3051929015589,60.988094,355.307,0.00028636012284669873,0.002442461966797968,0.0022727218182143853,0.002442461966797968,0.9069499265667873,True
CP_000640,10617,10617,127,76,6096,6143,3648,3695,7457,286,241,60.56463587838831,355.42745258880706,60.56442250949999,355.4264287597749,60.56523417962002,355.4287134304745,60.56425,355.42722,0.00242456771182126,0.0008053037076966017,0.0017917354087749365,0.00242456771182126,0.9069228182485743,True
CP_000641,8209,8209,98,75,4704,4751,3600,3647,3579,201,238,60.7927771047602,355.4095101019049,60.7927124265,355.40989152175,60.79311553084699,355.40811632302706,60.792503,355.41052,0.0018203910625284978,0.000664676118050386,0.0024827920864026838,0.0024827920864026838,0.9068668580826968,True
CP_000642,12188,12183,146,70,7008,7055,3360,3407,10004,341,223,60.41507322351524,355.3223628485139,60.41470470600001,355.32183266555,60.41453367182113,355.3216169639761,60.41598,355.32364,0.0002752814184138003,0.0022118350774816276,0.0024867441223966075,0.0024867441223966075,0.906742440741392,True
CP_000643,12023,12018,144,71,6912,6959,3408,3455,9737,336,226,60.430118660591376,355.3395339350457,60.430477367182505,355.33918566215004,60.4303818494549,355.3385653129091,60.429497,355.34085,0.0006276597940061566,0.0019324504135707667,0.002450910643037376,0.002450910643037376,0.906725856329354,True
CP_000644,10028,10028,120,68,5760,5807,3264,3311,6529,265,217,60.61930408415799,355.28823104720755,60.6193241045,355.287252319375,60.61861591897004,355.2880426288883,60.619972,355.2894,0.0010611860683628863,0.0022416156069627532,0.0019175849246236584,0.0022416156069627532,0.9067249724135993,True
CP_000645,6716,6716,80,76,3840,3887,3648,3695,1195,148,241,60.93428820605289,355.42750124020205,60.9344276795,355.42804177755,60.933466082945785,355.4262698043842,60.93497,355.4282,0.0020160746100515723,0.0005636034645272294,0.0024412517678684678,0.0024412517678684678,0.9067227298710533,True
CP_000646,13849,13843,166,71,7968,8015,3408,3455,12665,400,226,60.25767971207531,355.33927631151795,60.25728100300001,355.33886230695,60.25818977385092,355.3383599381507,60.25757,355.3406,0.0010383828147497972,0.0017678925316702955,0.0023311043232526435,0.0023311043232526435,0.9066439500884328,True
CP_000647,10694,10694,128,70,6144,6191,3360,3407,7617,289,223,60.555671781706984,355.32324592853894,60.556410447,355.32202567975,60.55493320622641,355.3239206019607,60.55567,355.3238,0.0024027006654360555,0.001914130104395567,0.0007496848602496669,0.0024027006654360555,0.9066347963060333,True
CP_000648,8037,8037,96,69,4608,4655,3312,3359,3289,195,220,60.808574115305106,355.3055324798028,60.8083037763175,355.304798180325,60.809313100847824,355.30497552861465,60.808105,355.30682,0.001024787013651476,0.0020352344523766547,0.0022077647920920066,0.0022077647920920066,0.9065556118723481,True
CP_000649,12275,12270,147,74,7056,7103,3552,3599,10153,345,235,60.40630039620314,355.39224027912377,60.4069331600225,355.39108785595,60.406389415305696,355.3932379618899,60.40558,355.3924,0.002217794821407125,0.0018824116187470142,0.0011695946916963147,0.002217794821407125,0.9064050505842802,True
CP_000650,12187,12182,146,69,7008,7055,3312,3359,10001,341,220,60.41504884561048,355.3056845379636,60.414672834,355.30451458715004,60.41457633344668,355.3061120247876,60.415897,355.30643,0.0016003497625919807,0.0022708626747574576,0.0013580672164965211,0.0022708626747574576,0.9062482208924573,True
CP_000651,10193,10193,122,67,5856,5903,3216,3263,6796,271,214,60.60336029581569,355.27100014620027,60.6035447255,355.26983687852504,60.60276876692753,355.2710383159352,60.603767,355.27213,0.001430231994008077,0.0022991735266211424,0.0014760321778021896,0.0022991735266211424,0.9061923596868431,True
CP_000652,6465,6465,77,74,3696,3743,3552,3599,783,139,235,60.9581306230697,355.39274672361233,60.95800669799999,355.39293274995,60.95741224030089,355.3916916982306,60.958973,355.39362,0.0013760775145994514,0.0011832403603767047,0.0024774230890676416,0.0024774230890676416,0.906072949336107,True
CP_000653,12607,12602,151,74,7248,7295,3552,3599,10693,356,235,60.37536045211055,355.3912032547919,60.375442648482505,355.39097935797497,60.374608739587416,355.39029642202564,60.37603,355.39233,0.0010778708439295192,0.0014764678143168388,0.002484260709382585,0.002484260709382585,0.905964249037356,True
CP_000654,13014,13009,156,66,7488,7535,3168,3215,11342,371,211,60.33537765848295,355.25333826617594,60.3358375965225,355.25262631595007,60.33524670338924,355.252566705234,60.33505,355.25482,0.0005938923575924463,0.0023329052814773004,0.002263750262355641,0.0023329052814773004,0.9059568352137164,True
CP_000655,6300,6300,75,75,3600,3647,3600,3647,516,134,238,60.97317370433649,355.4101629762868,60.9737733315225,355.410603760725,60.97325556346938,355.4089049435261,60.972492,355.41098,0.0017759683645873347,0.0013352815690852251,0.0022112186353419115,0.0022112186353419115,0.9058289099455452,True
CP_000656,10527,10527,126,69,6048,6095,3312,3359,7343,283,220,60.57156890425082,355.3052695898084,60.5721227145,355.304648689975,60.57088294844775,355.30458048960645,60.5717,355.30658,0.001241640509393916,0.0019764046696888805,0.0021600212010502115,0.0021600212010502115,0.9057739052352098,True
CP_000657,6135,6135,73,76,3504,3551,3648,3695,249,128,241,60.98911008181718,355.4275877916243,60.989538395,355.42828553575,60.98909861314686,355.4261331125604,60.988693,355.42834,0.002196891819205577,0.0008472278809313303,0.0022484585981523003,0.0022484585981523003,0.9057370387944812,True
CP_000658,13101,13096,157,70,7536,7583,3360,3407,11491,374,223,60.32751296585997,355.32308867148475,60.3281019905,355.32172065215,60.32710536411115,355.3240285166012,60.32733,355.32352,0.002513862065401054,0.001954456619786643,0.0005594318399384953,0.002513862065401054,0.9057298426184095,True
CP_000659,10276,10276,123,67,5904,5951,3216,3263,6931,274,214,60.595402049845916,355.27076757396566,60.5956724125,355.26984096837504,60.59482298264321,355.2703365093812,60.59571,355.27213,0.0009834083436682589,0.0022845975300116537,0.0019969253170909547,0.0022845975300116537,0.9056308909902185,True
CP_000660,13436,13430,161,73,7728,7775,3504,3551,11996,385,232,60.297520815151266,355.3737824007289,60.29669456500001,355.373459647375,60.29783321248503,355.37288755481154,60.298035,355.375,0.001274287250313067,0.002041705702634348,0.002122029449881284,0.002122029449881284,0.9054993518411253,True
CP_000661,11033,11033,132,77,6336,6383,3696,3743,8136,301,244,60.52485537153408,355.4445745130622,60.5250752601025,355.443633072575,60.525450632331776,355.4457545291117,60.52404,355.44434,0.002154409930277068,0.001251128542050051,0.0020004147047408003,0.002154409930277068,0.9054954611581876,True
CP_000662,9203,9203,110,73,5280,5327,3504,3551,5194,236,232,60.69811842772369,355.3745453136462,60.698200669,355.37458495175,60.69784757681755,355.37328804973544,60.698307,355.37576,0.0013441089705632768,0.0011827803072794634,0.0025171776057386387,0.0025171776057386387,0.9054844438834998,True
CP_000663,7381,7381,88,77,4224,4271,3696,3743,2235,172,244,60.87150758889999,355.4458431272435,60.87146526326249,355.44532575775,60.872474922871056,355.4468606064024,60.870583,355.44534,0.0018371643668791979,0.0008828514278390659,0.0024257030398643063,0.0024257030398643063,0.9053572265694141,True
CP_000664,12688,12683,152,72,7296,7343,3456,3503,10822,359,229,60.367356354000314,355.3576322427589,60.3675231370025,355.35636012454995,60.36674807343593,355.3585959298987,60.367798,355.35794,0.002366336639121069,0.0016042456514547261,0.0012374953062663954,0.002366336639121069,0.9053198220504592,True
CP_000665,10204,10204,122,78,5856,5903,3744,3791,6788,271,247,60.604466348582605,355.46229000565336,60.6038146425,355.46144331575,60.604870963306425,355.4636041914446,60.604713,355.46182,0.0024052437326681935,0.0009755126560821087,0.0017886316601328704,0.0024052437326681935,0.905317102730608,True
CP_000666,9457,9457,113,78,5424,5471,3744,3791,5616,245,247,60.674328843448116,355.46117365499003,60.6746689345625,355.461817399375,60.67375704890685,355.4596674327825,60.67456,355.46204,0.00233535688872363,0.0002441151521119602,0.002501269441083053,0.002501269441083053,0.9052248634624788,True
CP_000667,9530,9530,114,68,5472,5519,3264,3311,5718,248,217,60.66616849040897,355.2879173942438,60.6665623445625,355.287255313125,60.666305156693696,355.2870681586687,60.665638,355.28943,0.00031807607638324915,0.0023618057577483287,0.0024530277489246805,0.0024530277489246805,0.9051757833502383,True
CP_000668,14430,14423,173,71,8304,8351,3408,3455,13611,421,226,60.20196157732649,355.33923537639004,60.2021694135,355.33877395575007,60.20255870226852,355.33841703670134,60.201157,355.3405,0.0005281448216516906,0.002014316140635953,0.0025234636902287497,0.0025234636902287497,0.9051326457156857,True
CP_000669,10945,10945,131,72,6288,6335,3456,3503,7984,298,229,60.53271873577706,355.35776312889226,60.53284722550001,355.356752642925,60.53364317982923,355.3583214117205,60.531666,355.35822,0.0017591415030972356,0.0018802183126559579,0.0019802211927627566,0.0019802211927627566,0.9050024724840161,True
CP_000670,9784,9784,117,73,5616,5663,3504,3551,6140,257,232,60.642399257531174,355.37450985509554,60.6430912085,355.37443550975,60.64221508460134,355.37342266881785,60.64189,355.37567,0.0013391937274618323,0.0017224231692718733,0.0022718830217435867,0.0022718830217435867,0.9049327132472391,True
CP_000671,9951,9951,119,74,5712,5759,3552,3599,6414,262,235,60.62739318154951,355.39249704475577,60.627366807302494,355.391830128575,60.626265068889,355.3927777049109,60.628548,355.39288,0.001453178737830591,0.0015822783453913953,0.0022850407602109297,0.0022850407602109297,0.904930767454452,True
CP_000672,12517,12512,150,67,7200,7247,3216,3263,10535,353,214,60.383157775217136,355.2713878442266,60.383110554717504,355.269885336975,60.382878884215145,355.27227502187657,60.383484,355.272,0.002400888408582962,0.002150490576504287,0.0006632717322557109,0.002400888408582962,0.904805760925926,True
CP_000673,6298,6298,75,73,3600,3647,3504,3551,510,133,232,60.97402937466767,355.376351519871,60.973731516,355.37537205675,60.973350504487385,355.3773702470036,60.975006,355.3763,0.002034191255130193,0.0015838395437237686,0.0019647782072339196,0.002034191255130193,0.904787496734774,True
CP_000674,7124,7124,85,69,4080,4127,3312,3359,1848,163,220,60.8943490742906,355.3063445016915,60.894894551742496,355.30486030635,60.89408299949845,355.30725791552146,60.89407,355.30692,0.002531234241205255,0.0022143525160686663,0.00034289143708028533,0.002531234241205255,0.9047535945555067,True
CP_000675,12102,12097,145,67,6960,7007,3216,3263,9859,338,214,60.422960118594666,355.2708505417392,60.422476414,355.269878562975,60.4226215931512,355.27063937083625,60.423782,355.27203,0.0007745357239455295,0.002519929328436994,0.001814244509436953,0.002519929328436994,0.9046420138717941,True
CP_000676,11686,11682,140,66,6720,6767,3168,3215,9180,324,211,60.46183722166441,355.2536159596741,60.46179653749999,355.2525316255499,60.46240760185847,355.25346395855047,60.461308,355.25485,0.0011147396440950412,0.0023716321254064776,0.0017713400515244435,0.0023716321254064776,0.9046332006695944,True
CP_000677,11443,11440,137,72,6576,6623,3456,3503,8795,315,229,60.48585449107336,355.3579845563551,60.485610717,355.35664360757505,60.4859565098822,355.35915576461537,60.485996,355.35815,0.002535844181447548,0.0015591071263235008,0.0010022557662117291,0.002535844181447548,0.9045868593071209,True
CP_000678,9863,9863,118,69,5664,5711,3312,3359,6262,259,220,60.63524903300328,355.30546113498514,60.6351072385,355.304680914375,60.63446279752155,355.30506186558034,60.636177,355.30664,0.0007486173892882598,0.002232709154686194,0.0023304908057286645,0.0023304908057286645,0.9044711480571026,True
CP_000679,10119,10119,121,76,5808,5855,3648,3695,6691,268,241,60.6115086979633,355.42722655634356,60.61165660502251,355.42663221095,60.61027106967795,355.42770981159623,60.6126,355.42734,0.0017552581986063002,0.0011767128869047839,0.0023569180340389027,0.0023569180340389027,0.9044274105801389,True
CP_000680,10114,10114,121,71,5808,5855,3408,3455,6674,268,226,60.6114129356329,355.3399889964083,60.61154525792251,355.339514513175,60.61052237588049,355.3393269877688,60.61217,355.34113,0.0010399295408100623,0.0017282970222100111,0.002439904987938996,0.002439904987938996,0.9043995432637741,True
CP_000681,7707,7707,92,71,4416,4463,3408,3455,2755,183,226,60.84045575169643,355.34019040586423,60.839852630500005,355.33990202535,60.84100330256782,355.3392080106021,60.84051,355.34146,0.001343764368475109,0.0016925846682117089,0.0023062577017579143,0.0023062577017579143,0.9043891944974669,True
CP_000682,11442,11439,137,71,6576,6623,3408,3455,8791,315,226,60.48583671084021,355.33955579024513,60.485583597,355.3392872467751,60.48601421252259,355.3384377411478,60.485912,355.34094,0.0009524124836885733,0.0016874643949241017,0.0025067132551936295,0.0025067132551936295,0.9043337076375008,True
CP_000683,9369,9369,112,73,5376,5423,3504,3551,5465,242,232,60.68219531843071,355.3757762898258,60.682454173,355.37454659975003,60.68194184088586,355.37704984785245,60.68219,355.37573,0.002555138989843817,0.0012149042954892491,0.0013405838557395968,0.002555138989843817,0.904177923363544,True
CP_000684,11603,11600,139,66,6672,6719,3168,3215,9045,321,211,60.469796654463586,355.25384639211876,60.4696685735,355.252522359975,60.47035340893372,355.2541645214595,60.469368,355.25485,0.0017792397006567966,0.0023492451412334067,0.001201707382361772,0.0023492451412334067,0.9040070329314327,True
CP_000685,13845,13839,166,67,7968,8015,3216,3263,12697,400,214,60.25669987367115,355.2710362223642,60.25715050485749,355.26991312435,60.2557202648376,355.27125340407065,60.25723,355.27194,0.0019600857746673753,0.0020305263569468787,0.0016583692353812367,0.0020305263569468787,0.9040061534507204,True
CP_000686,12027,12022,144,75,6912,6959,3600,3647,9751,336,238,60.43019795781883,355.40970879998196,60.4305716618425,355.40850191335,60.43018212372337,355.410956517846,60.42984,355.40967,0.0024853215441896057,0.0013765484528138645,0.0013331718882630998,0.0024853215441896057,0.9039954571317979,True
CP_000687,10692,10692,128,68,6144,6191,3264,3311,7610,289,217,60.555627088317046,355.28805609668507,60.5563456659375,355.28724251875,60.55503556849607,355.2875886131021,60.5555,355.28934,0.0013550411826152137,0.0022588965673376663,0.001809180737152108,0.0022588965673376663,0.9039748118194668,True
CP_000688,6879,6879,82,73,3936,3983,3504,3551,1456,154,232,60.918310522352385,355.3763296704876,60.918624437362496,355.37521602475,60.91771658404038,355.377582801166,60.91859,355.3762,0.0025349217459059866,0.000974750176237358,0.0016441372099781249,0.0025349217459059866,0.9038908640246568,True
CP_000689,13438,13432,161,75,7728,7775,3600,3647,12003,386,238,60.296666031943346,355.40875056077203,60.2967374901025,355.40798134155,60.29773600855956,355.40893806537565,60.295525,355.40933,0.0013828809014731905,0.0018155251340558288,0.00224627288608671,0.00224627288608671,0.9038631024037195,True
CP_000690,8295,8295,99,78,4752,4799,3744,3791,3725,204,247,60.78486476855959,355.4632200063359,60.7848860445,355.462412432125,60.78500214545611,355.464875760711,60.784706,355.46237,0.002466063088100514,0.00018445381087310394,0.002521372994862114,0.002521372994862114,0.9038342138912769,True
CP_000691,12433,12428,149,66,7152,7199,3168,3215,10396,350,211,60.39109574123779,355.2532417256637,60.390945619,355.25257992515003,60.3908811860122,355.2523234744974,60.39146,355.25482,0.0002644211548701676,0.0023001999893080363,0.002564571625042274,0.002564571625042274,0.9038279450717157,True
CP_000692,10278,10278,123,69,5904,5951,3312,3359,6938,274,220,60.59544804398765,355.30599525278603,60.5957418935,355.30466362512504,60.59471982269147,355.30671202581107,60.595882,355.3066,0.0022892300251712043,0.0019515480626049967,0.001167051853072854,0.0022892300251712043,0.9037867504247467,True
CP_000693,12859,12854,154,77,7392,7439,3696,3743,11109,365,244,60.351536701781775,355.44381845742265,60.3518794765,355.44277544595,60.35061881243905,355.444832270068,60.35211,355.44385,0.0024124260251543973,0.0010970946902705803,0.0017884421200161911,0.0024124260251543973,0.9036201392425554,True
CP_000694,10111,10111,121,68,5808,5855,3264,3311,6664,268,217,60.611344596746704,355.28798575176864,60.61145181350001,355.287252488125,60.61067020305847,355.28733709139965,60.61191,355.28937,0.0007861759322274034,0.0021646205648872237,0.002380077843920972,0.002380077843920972,0.9036130976880428,True
CP_000695,6468,6468,77,77,3696,3743,3696,3743,793,139,244,60.958181977738,355.44519007786613,60.958059141802494,355.445758422525,60.95725446108924,355.4442246528702,60.959232,355.4456,0.0017320393772006074,0.0011856233680507635,0.002401746757078986,0.002401746757078986,0.9034855467573832,True
CP_000696,9540,9540,114,78,5472,5519,3744,3791,5752,248,247,60.666365485754305,355.4626374201393,60.6667954309625,355.461776851375,60.6657971200504,355.46412979380847,60.666504,355.462,0.002555966113300009,0.0003705665410501785,0.00223867848218098,0.002555966113300009,0.9034852843771102,True
CP_000697,10785,10785,129,78,6192,6239,3744,3791,7734,292,247,60.5487514798836,355.46211362087087,60.548707160000006,355.46114256175,60.54924176817618,355.4635588965656,60.548306,355.46164,0.0024747686443259208,0.00063888500867988,0.0021356561476236144,0.0024747686443259208,0.9034490194380583,True
CP_000698,14268,14261,171,75,8208,8255,3600,3647,13354,415,238,60.21796620071955,355.40782956682693,60.21801358150001,355.4076798606,60.2182718004438,355.406659669959,60.217613,355.40915,0.001052362089249017,0.0015228785381546323,0.002575138439579028,0.002575138439579028,0.9034310311679786,True
CP_000699,13275,13269,159,78,7632,7679,3744,3791,11743,380,247,60.312637498257516,355.4609023277346,60.312528417,355.45985312675,60.31348679994051,355.46194687403187,60.311897,355.4609,0.002302667049549922,0.0012283926190515798,0.0018994617905826767,0.002302667049549922,0.9033351436408237,True
CP_000700,10691,10691,128,67,6144,6191,3216,3263,7607,289,214,60.55560030028605,355.2713215593489,60.5563091703375,355.26985219075,60.5550794380402,355.27201776073423,60.555412,355.2721,0.0024903684224764837,0.002415234307647325,0.0003416369668615966,0.0024903684224764837,0.9032798985067263,True
CP_000701,14271,14264,171,78,8208,8255,3744,3791,13364,415,247,60.21802297930457,355.45932855974587,60.2180611015,355.45934783775004,60.2181352167848,355.4580360348469,60.217873,355.4606,0.001313894947163265,0.0012680549650049605,0.002579174705955267,0.002579174705955267,0.9032462584490154,True
CP_000702,10774,10774,129,67,6192,6239,3216,3263,7742,292,214,60.547640779234996,355.27108735168264,60.548436824,355.26985261795005,60.54713367654679,355.2713147105354,60.54735,355.2721,0.0019585474242395894,0.002490832687454483,0.0008099500323298862,0.002490832687454483,0.9031229646065195,True
CP_000703,9866,9866,118,72,5664,5711,3456,3503,6272,259,229,60.635315171526976,355.3574899173071,60.6351947655625,355.356982243125,60.63431428661608,355.3570890712962,60.636436,355.3584,0.0008869359803534916,0.001883458932348769,0.0024936058075649297,0.0024936058075649297,0.9030299184020985,True
CP_000704,14011,14004,168,67,8064,8111,3216,3263,12922,406,214,60.24166214380537,355.27064390748455,60.2414047865,355.26991829375,60.24247751893956,355.27007129003186,60.241104,355.27194,0.0010835879055965834,0.0020460559665433603,0.002320836673408039,0.002320836673408039,0.9028585347630497,True
CP_000705,14093,14086,169,66,8112,8159,3168,3215,13054,409,211,60.23367742657938,355.25381034272954,60.233495734482496,355.25269811815,60.234572983243936,355.25394165027285,60.232964,355.2548,0.001645246800492302,0.0021597336320997107,0.0018199101606742227,0.0021597336320997107,0.9026921971829258,True
CP_000706,8956,8956,107,75,5136,5183,3600,3647,4796,227,238,60.72203114130886,355.4106530340255,60.72185918750001,355.40961379815,60.72157798642658,355.4119754308795,60.722656,355.41037,0.0023783152004637383,0.0010986163472968926,0.0019340290297037474,0.0023783152004637383,0.9026340527758985,True
CP_000707,13433,13427,161,70,7728,7775,3360,3407,11986,385,223,60.29745629006081,355.3221849977115,60.2966138969975,355.32168183957504,60.29797207523571,355.3213868254344,60.297783,355.3235,0.0013898494414640529,0.0021500563136986625,0.002108008442490817,0.0021500563136986625,0.9025253686080976,True
CP_000708,9529,9529,114,67,5472,5519,3216,3263,5715,248,214,60.66614202737082,355.27113607255296,60.666525866722495,355.26980738272505,60.66634998345635,355.2714450732152,60.66555,355.27216,0.0016471080914312157,0.0025429799722714182,0.001069897493791792,0.0025429799722714182,0.902462930877927,True
CP_000709,10117,10117,121,74,5808,5855,3552,3599,6684,268,235,60.6114747084766,355.391984151222,60.61161900421751,355.39178278632505,60.61037454870253,355.39131688413795,60.61243,355.39285,0.0013288093831346603,0.0013429580827715802,0.002566363153242659,0.002566363153242659,0.9024438278451056,True
CP_000710,6552,6552,78,78,3744,3791,3744,3791,932,142,247,60.950235566746095,355.4635706227685,60.9502008155625,355.463323768125,60.94924627163867,355.4644974751805,60.95126,355.4629,0.0015128590002560448,0.0011439689938864278,0.002575948580477445,0.002575948580477445,0.9023909355612829,True
CP_000711,9619,9619,115,74,5520,5567,3552,3599,5873,251,235,60.65834078436544,355.39178890693773,60.6588573815,355.391929489925,60.65806102872525,355.3904928949505,60.658104,355.39294,0.0016425537624776547,0.0012639549820207979,0.0024518165789059977,0.0024518165789059977,0.9023732262211195,True
CP_000712,11769,11764,141,66,6768,6815,3168,3215,9315,327,211,60.453879120431,355.25338572350444,60.4539246815,355.25254147995,60.45446179478323,355.2527633956414,60.45325,355.25485,0.0005811516610179474,0.002407045397240004,0.002414498433090555,0.002414498433090555,0.9022850759445117,True
CP_000713,8204,8204,98,70,4704,4751,3360,3407,3563,201,223,60.79267316693231,355.3236240529843,60.7925905779625,355.32230065175,60.79336044138914,355.3244748275154,60.79207,355.3241,0.002306453978402209,0.0018703745949525362,0.001346163539921234,0.002306453978402209,0.9021319238540225,True
CP_000714,13685,13679,164,73,7872,7919,3504,3551,12402,394,232,60.27363826074924,355.3747242680015,60.2730739145,355.373398635375,60.273983751048505,355.3758352037857,60.273857,355.37494,0.0026008975691125618,0.0017280105778511566,0.0009051411489282439,0.0026008975691125618,0.9020631641874435,True
CP_000715,13272,13266,159,75,7632,7679,3600,3647,11778,380,238,60.31169896592306,355.40919236381234,60.3124812525,355.408040227775,60.3109777668512,355.4101740706932,60.311638,355.40936,0.002610316972239564,0.001568584882597161,0.0010459057446766948,0.002610316972239564,0.9020609428530877,True
CP_000716,7462,7462,89,75,4272,4319,3600,3647,2363,175,238,60.86351487362773,355.41010890232934,60.863559588,355.41016991035,60.86463838371327,355.40945123023187,60.862347,355.4107,0.0012962643647029717,0.0013259517397284264,0.0026125478857896593,0.0026125478857896593,0.9019086015498661,True
CP_000717,9945,9945,119,68,5712,5759,3264,3311,6394,262,217,60.627265914135016,355.2884655663704,60.62719960849999,355.287250339375,60.62656163488162,355.2887481663769,60.628036,355.2894,0.001628034417704613,0.0023051382792227764,0.0016117565929136188,0.0023051382792227764,0.9018741553867027,True
CP_000718,12436,12431,149,69,7152,7199,3312,3359,10406,350,220,60.39116817368065,355.304953486243,60.391052668,355.30449467857494,60.39073966432122,355.30396929577904,60.391712,355.3064,0.0006115540737819978,0.00201291651147708,0.002614774978454392,0.002614774978454392,0.9018247432229018,True
CP_000719,10035,10035,120,75,5760,5807,3600,3647,6507,265,238,60.6203379549188,355.4090846995052,60.61951130937749,355.40923565795003,60.62092378950978,355.40789270814344,60.62058,355.41013,0.0019490034138379558,0.0013898546423929705,0.002259521794694599,0.002259521794694599,0.9017762294297484,True
CP_000720,13760,13754,165,65,7920,7967,3120,3167,12555,397,208,60.26460614818128,355.23634325828647,60.264942189,355.235439508175,60.26376242497743,355.23594988582494,60.265114,355.23764,0.0012854293035937372,0.0022075555259711993,0.0021642713617703504,0.0022075555259711993,0.9016898535336689,True
CP_000721,10110,10110,121,67,5808,5855,3216,3263,6661,268,214,60.61131924501788,355.27123288251823,60.6114153335,355.269833280925,60.610714551211856,355.27174012248906,60.611828,355.27213,0.002031536503674916,0.002328790571624001,0.0011780295578752039,0.002328790571624001,0.9016606599400234,True
CP_000722,12184,12179,146,66,7008,7055,3168,3215,9991,341,211,60.414974125052794,355.2539378355593,60.414565866322505,355.25256283517507,60.41471853886517,355.2544288941592,60.415638,355.25482,0.0018722940574619755,0.0025004451511524634,0.0009998553667921082,0.0025004451511524634,0.9015870034180123,True
CP_000723,11604,11601,139,67,6672,6719,3216,3263,9048,321,214,60.46982269966526,355.27054238704176,60.46970592599999,355.26986737495,60.47031026869892,355.2696955771908,60.46945,355.27206,0.0006282870107016316,0.0022114716367464143,0.0025193661941347346,0.0025193661941347346,0.901518862053531,True
CP_000724,13677,13671,164,65,7872,7919,3120,3167,12420,394,208,60.27256511848045,355.23657540550613,60.2728128375,355.235435386925,60.27170823205267,355.236650448734,60.273174,355.23764,0.0016421109566377564,0.0022344223388208397,0.0017689769537561194,0.0022344223388208397,0.9015008426495557,True
CP_000725,8372,8372,100,72,4800,4847,3456,3503,3840,207,229,60.77679610688716,355.3585237406373,60.7769029111825,355.35729909715,60.77736236260398,355.3596295466368,60.776123,355.35864,0.002375308489281034,0.0015534250764854523,0.0015843012085561374,0.002375308489281034,0.9013957092049543,True
CP_000726,9612,9612,115,67,5520,5567,3216,3263,5850,251,214,60.6581838727299,355.27090225805836,60.6586538505,355.26980650215,60.6584041763811,355.27074451030626,60.657494,355.27216,0.0009706680518333485,0.0026201568488529803,0.0016795224688959205,0.0026201568488529803,0.9013686972695596,True
CP_000727,11858,11853,142,72,6816,6863,3456,3503,9470,330,229,60.44606087067117,355.35672529994986,60.44624744459749,355.35655405255,60.44622975359766,355.3555285855808,60.445705,355.3581,0.0010256195573060442,0.0016318585204305829,0.0026177272387678933,0.0026177272387678933,0.9013383430590949,True
CP_000728,13853,13847,166,75,7968,8015,3600,3647,12679,400,238,60.25776151166435,355.4091460521142,60.2573758915,355.40782352955,60.25799696136414,355.4103739041362,60.25791,355.40924,0.0026249072947389786,0.001515093362940778,0.0011363858563079921,0.0026249072947389786,0.901233827390916,True
CP_000729,14265,14258,171,72,8208,8255,3456,3503,13344,415,229,60.217905246266035,355.3563326403498,60.2179459045,355.356018082775,60.2184083841028,355.3552833050713,60.21736,355.3577,0.0008682083027024632,0.0017772964507806377,0.0026305399869547765,0.0026305399869547765,0.9011676909075919,True
CP_000730,10777,10777,129,70,6192,6239,3360,3407,7707,292,223,60.548596443016315,355.32308292670615,60.5485380939425,355.32201366535,60.54963618383692,355.32344361086217,60.547615,355.3238,0.0018029269491371704,0.0020031769038471817,0.002050855047307165,0.002050855047307165,0.9011523256550166,True
CP_000731,9365,9365,112,69,5376,5423,3312,3359,5451,242,220,60.68211356774762,355.3051734435951,60.68234241399999,355.30471137695,60.682151670590535,355.304107293679,60.681847,355.3067,0.0006334821596300678,0.0020511070834385876,0.002612239289043107,0.002612239289043107,0.9011366522355642,True
CP_000732,13680,13674,164,68,7872,7919,3264,3311,12430,394,217,60.27264270972239,355.2881331792709,60.2729281295625,355.287166279375,60.271570128999215,355.2881097232814,60.27343,355.28912,0.0016535573574640871,0.002020543062490101,0.002118124963162144,0.002118124963162144,0.901120620671519,True
CP_000733,14346,14339,172,70,8256,8303,3360,3407,13473,418,223,60.209896132985186,355.3228908238613,60.210014128,355.32157367615,60.21054493745946,355.3237345376215,60.20913,355.32336,0.0022251024652950283,0.0019972591229317133,0.001463229892407001,0.0022251024652950283,0.9011163256758905,True
CP_000734,8044,8044,96,76,4608,4655,3648,3695,3312,195,241,60.8087142945006,355.4268691974468,60.80847469902251,355.42748376095005,60.80895999356132,355.42526738607785,60.80871,355.42786,0.002268882624451098,0.0004397864245930088,0.0026012751280344052,0.0026012751280344052,0.9011097586860886,True
CP_000735,8790,8790,105,75,5040,5087,3600,3647,4525,221,238,60.737956451221216,355.4094342076173,60.7376048155,355.40967989395,60.73748356282186,355.40822233827686,60.73878,355.4104,0.001462590425328839,0.0013792996165245934,0.002535190580241266,0.002535190580241266,0.9010966099708004,True
CP_000736,8785,8785,105,70,5040,5087,3360,3407,4509,221,223,60.73785286777737,355.3236635288249,60.73748276800001,355.32223481095,60.73772592078133,355.3247201309934,60.73835,355.32404,0.002497186215138016,0.001998735782388396,0.0009262234833877938,0.002497186215138016,0.9010083537993472,True
CP_000737,13023,13018,156,75,7488,7535,3600,3647,11327,371,238,60.33646483184963,355.40834939561364,60.3360999675,355.40813456854994,60.33747528366413,355.4074897901661,60.33582,355.40942,0.0015189581019917665,0.0013194679682770917,0.0025461674967076275,0.0025461674967076275,0.9008654867039485,True
CP_000738,12685,12680,152,69,7296,7343,3312,3359,10812,359,220,60.36728753184928,355.305953231838,60.367435232,355.304475793175,60.3668889113994,355.30698741796385,60.36754,355.3064,0.002570355088026226,0.001923462784860088,0.0008781262387011015,0.002570355088026226,0.9007212600048294,True
CP_000739,12849,12844,154,67,7392,7439,3216,3263,11075,365,214,60.351322156893076,355.2704495747069,60.3516206641225,355.26989765295,60.35109611173252,355.26944789734256,60.35125,355.272,0.0006909669429726132,0.002137951446688408,0.0025598878263985957,0.0025598878263985957,0.9006413244692724,True
CP_000740,8617,8617,103,68,4944,4991,3264,3311,4232,215,217,60.75372542555482,355.2887833768494,60.75316508156251,355.28726636875,60.7537234753754,355.28959401570444,60.754288,355.2895,0.0023936883662526408,0.0024907274559948737,0.000573797733987728,0.0024907274559948737,0.9006382373471236,True
CP_000741,10867,10867,130,77,6240,6287,3696,3743,7865,295,244,60.540777756282665,355.4433873649291,60.54082076,355.44370813615,60.541355190732766,355.442056985981,60.540157,355.4444,0.0017354864126956232,0.0009563738112249109,0.0026287709006413734,0.0026287709006413734,0.900632474684959,True
CP_000742,14178,14171,170,68,8160,8207,3264,3311,13196,412,217,60.22576828176702,355.288482388766,60.225698578,355.287145875,60.22653149923464,355.28920827372,60.225075,355.2891,0.002224240603749956,0.0020446278518872012,0.0014612835709558755,0.002224240603749956,0.9005700921207126,True
CP_000743,8119,8119,97,68,4656,4703,3264,3311,3421,198,217,60.800590907541185,355.28845843240157,60.8003982585,355.28727155375,60.80141337403565,355.2885834797829,60.79996,355.28952,0.0016587975966381111,0.002290810453399252,0.0017282050571406323,0.002290810453399252,0.9003922054927843,True
CP_000744,12019,12014,144,67,6912,6959,3216,3263,9724,336,214,60.43002389471429,355.27108647530207,60.43034711800001,355.26988082617504,60.43056730906278,355.27134490832486,60.429157,355.27203,0.001480547414153438,0.0024597962745982606,0.0015692892426597874,0.0024597962745982606,0.9003821349248782,True
CP_000745,7793,7793,93,74,4464,4511,3552,3599,2900,186,235,60.83255911894579,355.3922253204623,60.8320559465625,355.39250176875004,60.832903514767054,355.39083312818366,60.832718,355.39334,0.0018715590295631964,0.001068921738680841,0.002514795983993285,0.002514795983993285,0.9003740907971174,True
CP_000746,9785,9785,117,74,5616,5663,3552,3599,6144,257,235,60.64241738326734,355.39300921366447,60.6431135285,355.39187529695005,60.64215558907547,355.3942385256838,60.641983,355.3929,0.0025499996057232375,0.0015351053846213373,0.0013358987093107604,0.0025499996057232375,0.9003624586827679,True
CP_000747,7956,7956,95,71,4560,4607,3408,3455,3161,192,226,60.81657523074572,355.34119749450656,60.816236917,355.3398614825249,60.81715118978796,355.34230033693234,60.816338,355.34143,0.0026045931642987995,0.0015724073373738746,0.001190916840316145,0.0026045931642987995,0.9003436186714047,True
CP_000748,9780,9780,117,69,5616,5663,3312,3359,6127,256,220,60.643208448623646,355.3057082159189,60.6429793825,355.30468237117503,60.64240844506037,355.3057711340036,60.644238,355.30667,0.0012293795413928187,0.0023533205076084114,0.002038510335704878,0.0023533205076084114,0.9003183638460684,True
CP_000749,13523,13517,162,77,7776,7823,3696,3743,12145,389,244,60.28874012567454,355.44345667819704,60.28889829399999,355.442467216575,60.28969390919552,355.4442382672349,60.28763,355.44366,0.0019415519512180326,0.0017455126617935371,0.002143924713527486,0.002143924713527486,0.9003135744991682,True
CP_000750,11032,11032,132,76,6336,6383,3648,3695,8132,301,241,60.52483897574137,355.42612934951126,60.52505946699999,355.42625239235,60.52550879079051,355.4250116327463,60.52395,355.42712,0.0013196121638363234,0.001411953252119849,0.002626056564614886,0.002626056564614886,0.9002040181851757,True
CP_000751,12856,12851,154,74,7392,7439,3552,3599,11099,365,235,60.35147897709296,355.3921420819416,60.3518253197025,355.3909046655749,60.35075919458419,355.3932486310312,60.351852,355.39227,0.0025750333644896464,0.0013685519329254625,0.0014652952714431142,0.0025750333644896464,0.9002010758331517,True
CP_000752,9446,9446,113,67,5424,5471,3216,3263,5580,245,214,60.674103241415736,355.27136791432264,60.6743994317625,355.26980234512496,60.67429579053159,355.2721456361242,60.673615,355.27216,0.0023455818493304677,0.002480863653968818,0.0006813638197090047,0.002480863653968818,0.9001415877877861,True
CP_000753,13846,13840,166,68,7968,8015,3264,3311,12655,400,217,60.25760911888381,355.28773138164144,60.2571870849375,355.28714921875,60.25832749705575,355.2869213910181,60.257313,355.28912,0.0011629468065613572,0.001978313215295523,0.002424685618649994,0.002424685618649994,0.9001171092605391,True
CP_000754,14176,14169,170,66,8160,8207,3168,3215,13189,412,211,60.22571705124235,355.2535776483667,60.2256245944025,355.25270557255004,60.22662726733236,355.2532361127843,60.2249,355.2548,0.0011343835085378144,0.00220820169994677,0.00232473243832358,0.00232473243832358,0.9000993739358532,True
CP_000755,6295,6295,75,70,3600,3647,3360,3407,500,133,223,60.97396788164056,355.3238842583835,60.97365201600001,355.32253005295,60.97350873951737,355.324812419466,60.974743,355.3243,0.002286859213819431,0.0020878922574923174,0.001332384012059311,0.002286859213819431,0.9000750662851189,True
CP_000756,7461,7461,89,74,4272,4319,3552,3599,2360,175,235,60.86349581070825,355.39324984718195,60.8635397865,355.392612570525,60.86468491979468,355.3937348714113,60.862263,355.3934,0.0016033993707233805,0.0015014127113321812,0.0024449459450742173,0.0024449459450742173,0.9000662003474501,True
CP_000757,12852,12847,154,70,7392,7439,3360,3407,11085,365,223,60.351394412561966,355.3221108164785,60.35172222855749,355.32175354977494,60.35095572958738,355.3210315363795,60.351505,355.32355,0.0010530071293018122,0.0018068851018179872,0.0025751485687370234,0.0025751485687370234,0.8998726328925769,True
CP_000758,6713,6713,80,73,3840,3887,3504,3551,1185,148,232,60.93423311267716,355.3750836447805,60.934368518,355.375256072125,60.93362317842993,355.37377415909145,60.934708,355.37622,0.0016587939334759049,0.001022505639727706,0.002676123703923495,0.002676123703923495,0.8995806627368675,True
CP_000759,8959,8959,107,78,5136,5183,3744,3791,4806,227,247,60.722082583478105,355.4627978396623,60.7219051325,355.46206536075005,60.721426968520255,355.46413943753385,60.722916,355.4622,0.002128481923018961,0.0010180187187050823,0.002453867754635759,0.002453867754635759,0.8993220481125554,True
CP_000760,7548,7548,90,78,4320,4367,3744,3791,2508,178,247,60.855606943308636,355.46216233624847,60.8557332135,355.46280406974995,60.85653820846692,355.46109748977665,60.85455,355.4626,0.0018869107297488502,0.0012038232825490676,0.002483817779490767,0.002483817779490767,0.8992703803590069,True
CP_000761,7711,7711,92,75,4416,4463,3600,3647,2769,183,238,60.840530423532186,355.41107326024866,60.8399457197175,355.41007646415,60.84078709140642,355.41249878534603,60.84086,355.41064,0.0025642828033747476,0.0010750786439856696,0.00185562702435771,0.0025642828033747476,0.8992591090613391,True
CP_000762,11696,11692,140,76,6720,6767,3648,3695,9213,324,241,60.46205856799932,355.4257254952774,60.4620760601025,355.42597103655,60.46193381137594,355.4242645313134,60.462166,355.42694,0.0017124236691725284,0.0009740272343897017,0.002686425011068827,0.002686425011068827,0.8992587384287514,True
CP_000763,7714,7714,92,78,4416,4463,3744,3791,2779,183,247,60.84058185553636,355.4633731987083,60.8399912381625,355.46271532575,60.840632654862574,355.4648493387344,60.84112,355.46255,0.002228323764747856,0.001141757641745044,0.002345941862402353,0.002345941862402353,0.8992254358587799,True
CP_000764,8202,8202,98,68,4704,4751,3264,3311,3556,201,217,60.792631394005646,355.28822385188363,60.7925259575,355.28726961875003,60.79346758975132,355.287881673229,60.7919,355.28952,0.001123068110997571,0.002335900487252124,0.0022672288298159786,0.002335900487252124,0.8992237760585274,True
CP_000765,10446,10446,125,71,6000,6047,3408,3455,7215,280,226,60.579571535440216,355.3407257925837,60.58005570750001,355.3394638175501,60.57872573231674,355.341649107076,60.579933,355.34106,0.0025581876983967835,0.0016053194508788636,0.0013415355227433762,0.0025581876983967835,0.8992096203698023,True
CP_000766,10702,10702,128,78,6144,6191,3744,3791,7598,289,247,60.556713039028786,355.4606581528598,60.5565794625,355.46118727375,60.55720131718402,355.45911726295446,60.55636,355.46167,0.002161399533096325,0.0005308912519326927,0.0026882489611082436,0.0026882489611082436,0.8991401411594312,True
CP_000767,7295,7295,87,74,4176,4223,3552,3599,2135,169,235,60.87853210178804,355.39368043540895,60.879285497,355.39266475795,60.877927171889525,355.3949439310895,60.878384,355.39343,0.0026532390215406915,0.0011844662155866396,0.0015787430531058204,0.0026532390215406915,0.899128908602827,True
CP_000768,10286,10286,123,77,5904,5951,3696,3743,6919,274,244,60.59649451849902,355.4435338509149,60.595929493,355.44398328975,60.59698500121777,355.44206870244784,60.59657,355.44455,0.0021862621378494597,0.0008542307646456366,0.0025154846332181655,0.0025154846332181655,0.8991067228883571,True
CP_000769,11688,11684,140,68,6720,6767,3264,3311,9187,324,217,60.46188302548807,355.28872814183256,60.461870418,355.2872139193749,60.46230710084702,355.2896943830759,60.46147,355.28928,0.0025186091560679197,0.002100422240815917,0.0009343842575842031,0.0025186091560679197,0.8990996898683006,True
CP_000770,14514,14507,174,72,8352,8399,3456,3503,13750,424,229,60.19402121051949,355.3572753428209,60.1943245335,355.35596455095,60.19455901382994,355.35822597946594,60.19318,355.35764,0.0022735522773725324,0.0020252970981155015,0.0015000383834897187,0.0022735522773725324,0.8990944995456215,True
CP_000771,12610,12605,151,77,7248,7295,3696,3743,10703,356,244,60.37541664391693,355.4429042792469,60.37549670505749,355.442886775925,60.374467673714776,355.4419173704093,60.376286,355.4439,0.0014137370894513302,0.0012909656437491493,0.002696301973132358,0.002696301973132358,0.8987836665066851,True
CP_000772,13512,13506,162,66,7776,7823,3168,3215,12153,388,211,60.28851049350671,355.2536493739171,60.2886017115,355.2526600432,60.28755827854161,355.2534968187856,60.28937,355.2548,0.001337514754790572,0.0022659752260909428,0.002227849855553138,0.0022659752260909428,0.8987835617184301,True
CP_000773,9614,9614,115,69,5520,5567,3312,3359,5857,251,220,60.658231977886864,355.3061853012594,60.6587233114425,355.30469509035004,60.65829974013801,355.30718967085016,60.657673,355.30667,0.002530285462472073,0.00223789728396298,0.0008135247959965224,0.002530285462472073,0.8986000874387045,True
CP_000774,8124,8124,97,73,4656,4703,3504,3551,3438,198,232,60.800694585440226,355.37610880478405,60.800542651,355.374876141125,60.80115276913904,355.37747371072726,60.80039,355.37598,0.002668260103903732,0.001111188672409347,0.00168101474138009,0.002668260103903732,0.8983909547300388,True
CP_000775,6462,6462,77,71,3696,3743,3408,3455,773,139,226,60.95807240916889,355.3402955524907,60.9579336765,355.34011414435,60.95757001951255,355.33915874359093,60.958714,355.3416,0.001022270519481113,0.001690280892648669,0.0027082784235907525,0.0027082784235907525,0.8983861467586088,True
CP_000776,13188,13182,158,74,7584,7631,3552,3599,11594,377,235,60.32052424687956,355.3911847614234,60.3203313381625,355.39079471075,60.32162699207579,355.39054765945764,60.319614,355.3922,0.0013189971205819766,0.0015882224796913466,0.0026115566985929484,0.0026115566985929484,0.8983708375317597,True
CP_000777,10860,10860,130,70,6240,6287,3360,3407,7842,295,223,60.54063661474081,355.3228404263569,60.540664598022495,355.32200165095,60.54169065025268,355.32272812421445,60.539555,355.3238,0.001257197909238086,0.0021061049859656344,0.0023861065283478137,0.0023861065283478137,0.8983060506012581,True
CP_000778,12020,12015,144,68,6912,6959,3264,3311,9727,336,217,60.43004977903721,355.2877696147422,60.430383646,355.287205929375,60.43052451069173,355.2868573093828,60.42924,355.28925,0.00037600367061302044,0.0023378422036523672,0.00271125335973239,0.00271125335973239,0.8982955925783729,True
CP_000779,8535,8535,102,69,4896,4943,3312,3359,4100,213,220,60.76081700984712,355.3058310289452,60.76107325899999,355.30476546895,60.76162358963317,355.30596492257297,60.759754,355.30676,0.0013196790516920671,0.002393507918375051,0.0020325182225288388,0.002393507918375051,0.8982598361128625,True
CP_000780,8949,8949,107,68,5136,5183,3264,3311,4772,227,217,60.72189004328953,355.28783169572495,60.72167235793749,355.28725404375,60.721940429401776,355.2867818149092,60.722057,355.28946,0.000543012327716602,0.002238538136021865,0.00267996498097124,0.00267996498097124,0.898231494678988,True
CP_000781,11520,11517,138,66,6624,6671,3168,3215,8910,318,211,60.477754124131245,355.25407872188845,60.4775423495,355.252518786375,60.47829921600896,355.2548650843685,60.47742,355.25485,0.0024653521425178023,0.002336671723989804,0.0008785022250502668,0.0024653521425178023,0.8981765220740541,True
CP_000782,10362,10362,124,70,5952,5999,3360,3407,7076,277,223,60.58751455119734,355.3225025769457,60.5879000855,355.32206790192504,60.586730054908415,355.3215872898495,60.587914,355.32385,0.0012648950756492326,0.0017846876519699625,0.002555763581802944,0.002555763581802944,0.8979861263596864,True
CP_000783,14098,14091,169,71,8112,8159,3408,3455,13071,409,226,60.233798188806816,355.3402409501195,60.2336637421825,355.338822923975,60.234340016132464,355.3413237545085,60.23339,355.34058,0.0025906562513612146,0.0017743650158022711,0.0012082531491428385,0.0025906562513612146,0.8979508666541558,True
CP_000784,14010,14003,168,66,8064,8111,3168,3215,12919,406,211,60.24163542926408,355.25404304063403,60.24136738600001,355.25269067437495,60.24251869915551,355.25464718776146,60.24102,355.2548,0.0022701248013393565,0.0021290831997075026,0.0015054064431956839,0.0022701248013393565,0.8978157594302263,True
CP_000785,6964,6964,83,75,3984,4031,3600,3647,1597,157,238,60.910393832810605,355.40984184699164,60.9107948227625,355.41036056275,60.90967729456581,355.4083373415063,60.91071,355.41083,0.002311340189437092,0.0004748245669576302,0.002695695247330705,0.002695695247330705,0.8977805593617985,True
CP_000786,12855,12850,154,73,7392,7439,3504,3551,11095,365,232,60.351460942219944,355.3737741928419,60.3518028002625,355.37361585037496,60.35081534744225,355.3726151754164,60.351765,355.3751,0.0014058497234435466,0.0014761946645548748,0.0026521076415245695,0.0026521076415245695,0.8976717541119055,True
CP_000787,13930,13923,167,69,8016,8063,3312,3359,12794,403,220,60.24967025848989,355.30581111205703,60.2493476130225,355.304380086175,60.25032691977141,355.3067788359336,60.249336,355.30627,0.0025909539001620933,0.0018943620113746021,0.0011117025374771563,0.0025909539001620933,0.8976503456353007,True
CP_000788,9041,9041,108,77,5184,5231,3696,3743,4937,230,244,60.71410976849052,355.4439862069942,60.7140195515,355.44453989175,60.71354229791689,355.4425334753265,60.714767,355.4449,0.0020623961421450294,0.0008237938102898264,0.00265176826866993,0.00265176826866993,0.8976284188778161,True
CP_000789,13687,13681,164,75,7872,7919,3600,3647,12408,394,238,60.273683429136014,355.4079604036045,60.273116851,355.407896714775,60.2739008436346,355.406713255804,60.274033,355.40927,0.0014195843008368999,0.0016516365320722644,0.0025613750568125155,0.0025613750568125155,0.8975753631683225,True
CP_000790,8036,8036,96,68,4608,4655,3264,3311,3286,195,217,60.80854924117762,355.28869328791956,60.8082708345,355.28727431375,60.80935915831999,355.2892852863368,60.808018,355.28952,0.002286582489650595,0.0022601664935580396,0.0013618525518929868,0.002286582489650595,0.8975601996905973,True
CP_000791,8625,8625,103,76,4944,4991,3648,3695,4258,216,241,60.752998052693336,355.4267654282905,60.7533692517625,355.42724265537504,60.75332845856361,355.4253497720746,60.752296,355.4277,0.0018933228129991834,0.0011677395980526314,0.002570362646335732,0.002570362646335732,0.897477653703459,True
CP_000792,9865,9865,118,71,5664,5711,3408,3455,6269,259,226,60.635291754605156,355.3407282995219,60.63516769956251,355.33954798312504,60.63435883988771,355.3414809095814,60.63635,355.34116,0.0020953421341418617,0.0019951332533891053,0.002016234773646878,0.0020953421341418617,0.8974743463085036,True
CP_000793,10857,10857,130,67,6240,6287,3216,3263,7877,295,214,60.539683404761284,355.27085314401637,60.540563288,355.26985304515,60.53918791505338,355.2706116603366,60.5393,355.2721,0.0015707156788068008,0.0025736222149191435,0.0014872215002920402,0.0025736222149191435,0.897435229888286,True
CP_000794,12104,12099,145,69,6960,7007,3312,3359,9866,339,220,60.42211212648554,355.3059249913645,60.4225460265,355.30452170435,60.42252188982185,355.3068262677905,60.42127,355.30643,0.0023046898338837723,0.0022939762659259853,0.0013154815349449025,0.0023046898338837723,0.8972645316420196,True
CP_000795,11026,11026,132,70,6336,6383,3360,3407,8112,300,223,60.52561259992064,355.322347402074,60.524918984500005,355.321984068975,60.52579958308419,355.3212971509189,60.52612,355.32376,0.0011168304626296742,0.002144301697007143,0.002484483943755473,0.002484483943755473,0.897123749410653,True
CP_000796,13684,13678,164,72,7872,7919,3456,3503,12398,394,229,60.273620511339054,355.3563961616287,60.273049318,355.356150563175,60.27403902265778,355.35524983577363,60.273773,355.3578,0.0013382171577124196,0.0017903844094616802,0.002552132267390757,0.002552132267390757,0.8970891737255547,True
CP_000797,9124,9124,109,77,5232,5279,3696,3743,5073,233,244,60.70614821118971,355.44545481747815,60.70614783949999,355.44450268695,60.70558216394218,355.44700702915645,60.706715,355.44485,0.0025674342686385914,0.000667225883384747,0.0024320452459852936,0.0025674342686385914,0.8970732541669096,True
CP_000798,11936,11931,143,67,6864,6911,3216,3263,9589,333,214,60.43798168989314,355.27132209198993,60.438218147,355.26988213874995,60.43851302497434,355.2720504458135,60.437214,355.27203,0.0021882661039039934,0.0023743831786775848,0.0012992353027471352,0.0023743831786775848,0.8970466529499213,True
CP_000799,14427,14420,173,68,8304,8351,3264,3311,13601,421,217,60.20188913313535,355.28775782948713,60.2020753525,355.28714544375,60.20269483010917,355.28706554471137,60.200897,355.28906,0.0006246089693834489,0.0022501351961014067,0.0026868650962319474,0.0026868650962319474,0.8968940705256406,True
CP_000800,13269,13263,159,72,7632,7679,3456,3503,11768,380,229,60.31163642911063,355.3575787247233,60.3124137988775,355.356234439175,60.3111170094505,355.3586526139011,60.31138,355.35785,0.0027439445737491735,0.0019180940903302122,0.0008449656909008149,0.0027439445737491735,0.8968631383908828,True
CP_000801,6463,6463,77,72,3696,3743,3456,3503,777,139,229,60.95808829038729,355.3589463396343,60.9579605085,355.35771933955,60.95750690782789,355.3601719254468,60.958797,355.35895,0.0024941794544665963,0.0014864323047618384,0.001778793842939271,0.0024941794544665963,0.8968301867920712,True
CP_000802,8787,8787,105,72,5040,5087,3456,3503,4515,221,229,60.737897067253165,355.3572752783395,60.7375384039825,355.357210833325,60.737635036546536,355.3560334587247,60.738518,355.35858,0.0011813334845860337,0.0016846321695447542,0.0026966527737828394,0.0026966527737828394,0.8967591099787943,True
CP_000803,9454,9454,113,75,5424,5471,3600,3647,5606,245,238,60.67427818083879,355.40908879222707,60.674622881,355.40944052912494,60.67390669935816,355.4075780448219,60.674305,355.41025,0.0019954357727563826,0.0008676191966899035,0.0026993000146659733,0.0026993000146659733,0.8967293125152721,True
CP_000804,8460,8460,101,77,4848,4895,3696,3743,3991,210,244,60.76893423276595,355.44411600206104,60.769132150442495,355.4448180347749,60.76917308081434,355.4424921296112,60.768497,355.44504,0.0023262652742118014,0.0006716681822234917,0.0026338383593190007,0.0026338383593190007,0.8966798728115839,True
CP_000805,13597,13591,163,68,7824,7871,3264,3311,12295,391,217,60.28060264855184,355.28837050572355,60.2808019115625,355.287165259375,60.279515708165285,355.28882272263934,60.28149,355.28912,0.0020979760846185575,0.0020757548924879854,0.0019973991784600657,0.0020979760846185575,0.8966361719976854,True
CP_000806,12439,12434,149,72,7152,7199,3456,3503,10416,350,229,60.39123801282076,355.35667756074,60.391140493,355.356415856175,60.39059814263024,355.3556151170606,60.391975,355.358,0.0009671230805127363,0.0017922063387615166,0.002755479390964153,0.002755479390964153,0.896621397484968,True
CP_000807,6047,6047,72,71,3456,3503,3408,3455,98,125,226,60.99697533959511,355.34152093684816,60.99730142900001,355.34017670192503,60.9972981432521,355.3427113039318,60.996326,355.34167,0.0025346041365395234,0.0017874290748162045,0.0014207481117350278,0.0025346041365395234,0.8965326817546215,True
CP_000808,6466,6466,77,75,3696,3743,3600,3647,787,139,238,60.95814541635385,355.41139838575583,60.9580264515,355.4105405701499,60.95734912861624,355.41270488008644,60.95906,355.41095,0.002267819170519356,0.0011122044379790646,0.002451530695648886,0.002451530695648886,0.8964614375025475,True
CP_000809,7542,7542,90,72,4320,4367,3456,3503,2488,177,229,60.85639525925989,355.3575415827898,60.8556216285825,355.35748294515,60.85684799319131,355.3563466372039,60.856716,355.3588,0.0016718749660710192,0.0017087755500964875,0.0024520755260229086,0.0024520755260229086,0.8964399803973334,True
CP_000810,11280,11277,135,75,6480,6527,3600,3647,8534,309,238,60.501838367812525,355.4086153510766,60.5014215758225,355.40878092195,60.501716971218606,355.4072445746393,60.502377,355.40982,0.0015644876154893607,0.0014116756662483302,0.0026590855341483296,0.0026590855341483296,0.8963208206245706,True
CP_000811,10369,10369,124,77,5952,5999,3696,3743,7055,277,244,60.58853122424866,355.4449957122606,60.588056005,355.44394656495,60.58902524709168,355.44652152886295,60.588512,355.44452,0.0027513395619603877,0.0007321518499793705,0.002067109264488265,0.0027513395619603877,0.8962257470201449,True
CP_000812,10940,10940,131,67,6288,6335,3216,3263,7967,297,214,60.53350162383588,355.27069743637225,60.532690028,355.26985462235,60.533890740724445,355.2701429602041,60.533924,355.2721,0.0012348480735529944,0.0025575393356424294,0.001952051470812456,0.0025575393356424294,0.8962252723043711,True
CP_000813,8540,8540,102,74,4896,4943,3552,3599,4117,213,235,60.76091779965548,355.3934024326629,60.76120705,355.3922693777249,60.761364921964486,355.3947494437013,60.76018,355.3932,0.002485085673451636,0.001377187426379834,0.001958897326241229,0.002485085673451636,0.8961717987559458,True
CP_000814,11439,11436,137,68,6576,6623,3264,3311,8781,315,217,60.48576712656919,355.28771357142523,60.485489987,355.28722190875004,60.4861584691236,355.2866426824788,60.485653,355.28928,0.0008845176215528602,0.00206066608350714,0.0026815267140314295,0.0026815267140314295,0.8961470358359642,True
CP_000815,10613,10613,127,72,6096,6143,3456,3503,7443,286,229,60.564561661461106,355.3570448382634,60.564338031502494,355.35683190955,60.565439329589786,355.3560262380528,60.563908,355.35828,0.0013645380311761472,0.0015072189937136143,0.0027219855452629785,0.0027219855452629785,0.8960533985573035,True
CP_000816,12195,12190,146,77,7008,7055,3696,3743,10028,342,244,60.414316197998204,355.4442564549927,60.41486156185751,355.443082125775,60.41419237881678,355.4456564774844,60.413895,355.44403,0.002659904634725985,0.0013545561166303636,0.0016527529222460297,0.002659904634725985,0.8959110211458955,True
CP_000817,7623,7623,91,70,4368,4415,3360,3407,2662,180,223,60.84750838239895,355.323502035865,60.84769437600001,355.32237270255,60.84634673189019,355.3239756902011,60.848484,355.32416,0.002094209649553849,0.0019518803822565108,0.002145044513041347,0.002145044513041347,0.8957977617763369,True
CP_000818,14262,14255,171,69,8208,8255,3312,3359,13334,415,220,60.21783491018101,355.304838149606,60.217857712,355.30436361215004,60.21854496776179,355.3039069401834,60.217102,355.30624,0.0008251483304273907,0.002026448384602799,0.0027465203740871646,0.0027465203740871646,0.8956920317099435,True
CP_000819,6218,6218,74,76,3552,3599,3648,3695,385,131,241,60.98114749637889,355.4290761119023,60.981664571,355.42825439815,60.9811375067597,355.4306597285725,60.98064,355.4283,0.0024623994710104707,0.001025904610281085,0.002397616724540511,0.0024623994710104707,0.8956459965394683,True
CP_000820,13594,13588,163,65,7824,7871,3120,3167,12285,391,208,60.28052387571386,355.2368044888758,60.2806866615,355.23542207412504,60.27965403912791,355.23735101164306,60.28123,355.23764,0.0021879462771616457,0.0022840992037789862,0.0016032181294884193,0.0022840992037789862,0.8955079648223996,True
CP_000821,14103,14096,169,76,8112,8159,3648,3695,13087,409,241,60.23390643628841,355.42495383084065,60.233776687,355.42496519115,60.23412075296874,355.4235657349656,60.23382,355.42633,0.0014411311539567076,0.0013661226131239407,0.0027809395145780096,0.0027809395145780096,0.8953858400470417,True
CP_000822,10443,10443,125,68,6000,6047,3264,3311,7205,280,217,60.57950288450346,355.2887760053447,60.5799622385625,355.28725138375,60.57887264785804,355.28970895650264,60.579674,355.28937,0.00268828416238454,0.0021358622970720454,0.0008707838735032858,0.00268828416238454,0.8952098188081947,True
CP_000823,7047,7047,84,75,4032,4079,3600,3647,1733,160,238,60.90242881677657,355.41132615328326,60.902921154042495,355.41032733235,60.90171637050598,355.41285400835926,60.90265,355.4108,0.0027992132869195693,0.0005429621118204846,0.0022584181630458176,0.0027992132869195693,0.895002414391182,True
CP_000824,8452,8452,101,69,4848,4895,3312,3359,3965,210,220,60.76877392402992,355.30607829758236,60.7689454825,355.30476997615006,60.76956928275383,355.30667170370646,60.767807,355.3068,0.002001423107553601,0.0023215541660828337,0.00176645998896505,0.0023215541660828337,0.894862607141446,True
CP_000825,11693,11689,140,73,6720,6767,3504,3551,9203,324,232,60.46199854888587,355.37391444150745,60.46201564399999,355.37393136675,60.46207738424943,355.37250678199126,60.461903,355.3753,0.0014259220151428293,0.0013784505934940235,0.0028038457345406632,0.0028038457345406632,0.8948491990285228,True
CP_000826,6211,6211,74,69,3552,3599,3312,3359,361,130,220,60.981910529733476,355.30547306549744,60.981494350000006,355.30492126555,60.98151781781369,355.30449109500495,60.98272,355.307,0.0004308102088979603,0.0024187607868181938,0.00278797481811322,0.00278797481811322,0.8946809921007175,True
CP_000827,11283,11280,135,78,6480,6527,3744,3791,8544,309,247,60.50189212720327,355.4604792236625,60.501468167,355.46088634837497,60.50157225879927,355.4590645062062,60.502636,355.4615,0.0018248134125643184,0.001313123209234596,0.0026455695109337874,0.0026455695109337874,0.8946365544541688,True
CP_000828,14426,14419,173,67,8304,8351,3216,3263,13598,421,214,60.20186383503856,355.2711697126527,60.2020387285,355.26993741975,60.20273566846138,355.2716600971144,60.200817,355.2719,0.0018583171450476386,0.0023216001409831627,0.0019349775099700406,0.0023216001409831627,0.8945438132876999,True
CP_000829,10033,10033,120,73,5760,5807,3504,3551,6546,265,232,60.61941214885977,355.3754787892055,60.61946893146249,355.374379421375,60.61836422532191,355.376446594679,60.620403,355.3756,0.0023438389718157186,0.0015453849422887892,0.0022038798685502553,0.0023438389718157186,0.8945382155691189,True
CP_000830,7879,7879,94,77,4512,4559,3696,3743,3046,189,244,60.8246472831039,355.4459814631846,60.824236225,355.44508801895,60.82478878471208,355.44766594091635,60.824917,355.4452,0.002636475658904388,0.0006882762471248593,0.0024788210702654427,0.002636475658904388,0.8944993920600115,True
CP_000831,10359,10359,124,67,5952,5999,3216,3263,7066,277,214,60.58744210864372,355.2705351240476,60.58779882850001,355.269845425175,60.58687719835888,355.26963470282726,60.58765,355.27213,0.0009454131503649682,0.002284652163233139,0.002607773139407173,0.002607773139407173,0.8944298550948444,True
CP_000832,14100,14093,169,73,8112,8159,3504,3551,13077,409,232,60.23384657704192,355.3734399524142,60.2337156545,355.373277430375,60.23425779244607,355.37216449717994,60.233566,355.37488,0.001237955511841369,0.0016074543669480552,0.0028001606481725676,0.0028001606481725676,0.8944283603108181,True
CP_000833,9200,9200,110,70,5280,5327,3360,3407,5184,236,223,60.69805541164527,355.32243948358433,60.698120686,355.32218248895,60.69799791099637,355.321161352428,60.698048,355.32397,0.0010284908837658764,0.0017936085517565395,0.0028136963977291184,0.0028136963977291184,0.8943813471127419,True
CP_000834,9955,9955,119,78,5712,5759,3744,3791,6382,263,247,60.62745301785423,355.46136496529545,60.6274329869625,355.46156558675,60.62872062226424,355.46064576421463,60.626205,355.46188,0.0015824279341706965,0.001268052955952473,0.002803251877773407,0.002803251877773407,0.8942876919291253,True
CP_000835,11855,11850,142,69,6816,6863,3312,3359,9460,330,220,60.44599158679412,355.30493376162093,60.446159690022505,355.304548056175,60.44637287065283,355.3037957091566,60.445442,355.30646,0.000781966762254542,0.0020398143694042793,0.002819819653809279,0.002819819653809279,0.8942322445090327,True
CP_000836,12277,12272,147,76,7056,7103,3648,3695,10159,345,241,60.40634191076694,355.4255844306085,60.4069712288425,355.42572458335,60.40630422880011,355.42424037839754,60.40575,355.4268,0.0016271918748271767,0.0016193474678749425,0.002607474440511719,0.002607474440511719,0.8942313972034305,True
CP_000837,9038,9038,108,74,5184,5231,3552,3599,4927,230,235,60.714057145417314,355.39185050070705,60.71396647700001,355.39210319075005,60.713693087914045,355.3903819051211,60.71451,355.39307,0.001742861385406031,0.0011069051825433594,0.0028065909224917838,0.0028065909224917838,0.8942131448383379,True
CP_000838,11198,11195,134,76,6432,6479,3648,3695,8403,306,241,60.50981269842814,355.42732056590427,60.509313019,355.426184558975,60.50960414122586,355.4287141504566,60.51052,355.42706,0.00254628851742658,0.0014935525603920142,0.0018886099282280566,0.00254628851742658,0.8940657559565847,True
CP_000839,10778,10778,129,71,6192,6239,3408,3455,7710,292,226,60.548619383828,355.33981606382076,60.54856681700001,355.339402279975,60.54959235987462,355.3390119759404,60.5477,355.34103,0.0010973037077642207,0.0018480936989886802,0.0027700592796513494,0.0027700592796513494,0.893931050424305,True
CP_000840,10448,10448,125,73,6000,6047,3504,3551,7176,280,232,60.5804993367316,355.37429356068674,60.58010715649999,355.37427594175006,60.58128602581395,355.3730554239039,60.580105,355.37555,0.0016968785083702222,0.0012733767853635985,0.0027594797282074358,0.0027594797282074358,0.8938848156231414,True
CP_000841,7292,7292,87,71,4176,4223,3408,3455,2125,169,226,60.87847435175576,355.3413431875537,60.8792123315,355.339972004925,60.87808267200949,355.3425353409392,60.878128,355.34152,0.0028012179647692115,0.0018917767857147558,0.0010141399554964758,0.0028012179647692115,0.8936455916156294,True
CP_000842,9695,9695,116,67,5568,5615,3216,3263,5985,253,214,60.65112222535391,355.2706682394887,60.6507819945,355.26980500935,60.650458369305866,355.27004394739726,60.652126,355.27216,0.0004022743550038937,0.0027079931550491243,0.0026910580471075723,0.0027079931550491243,0.8936335160973786,True
CP_000843,13690,13684,164,78,7872,7919,3744,3791,12418,394,247,60.27373962590798,355.45953691323126,60.27316422092501,355.45964915175,60.27376266461143,355.45817667583447,60.274292,355.4608,0.00158944020574716,0.0016005685284996834,0.002661406423028789,0.002661406423028789,0.8935897302461946,True
CP_000844,9946,9946,119,69,5712,5759,3312,3359,6397,262,220,60.62728878904958,355.30522402422736,60.627232609500005,355.304678850525,60.626517149982725,355.30435259715705,60.628117,355.30664,0.0007863355396911097,0.002151746232292465,0.002791654758518328,0.002791654758518328,0.893482608887247,True
CP_000845,13429,13423,161,66,7728,7775,3168,3215,12018,385,211,60.296470307514966,355.2538823209316,60.2964749595,355.2526545904,60.295504017244106,355.2542011126293,60.297432,355.2548,0.0018260503470297572,0.0023411917387863215,0.0020162296898343928,0.0023411917387863215,0.8934417060695401,True
CP_000846,14341,14334,172,65,8256,8303,3120,3167,13456,418,208,60.209770840684676,355.23652291731156,60.209833692417504,355.2355125118,60.21077674223416,355.2364158592754,60.208702,355.23764,0.001305901840876979,0.002410053245108745,0.0024090757108983204,0.002410053245108745,0.8933114494750901,True
CP_000847,13681,13675,164,69,7872,7919,3312,3359,12388,394,220,60.27355202757534,355.30483423997794,60.2729612724025,355.30441137255,60.27417720168095,355.3037864157432,60.273518,355.3063,0.0013671338707549165,0.0019735947004478863,0.002603456414414959,0.002603456414414959,0.893154482499591,True
CP_000848,7541,7541,90,71,4320,4367,3408,3455,2530,177,226,60.855492236525684,355.34060672854474,60.855594727702496,355.33993214355,60.85424593451127,355.34039634286535,60.856636,355.3415,0.0014264375475475126,0.0018752494553580252,0.002629152902798699,0.002629152902798699,0.8930000898937133,True
CP_000849,13762,13756,165,67,7920,7967,3216,3263,12562,397,214,60.26465614448,355.2712742627719,60.265020843817496,355.26991797715,60.263665912376425,355.27196267249394,60.26528,355.27194,0.002452879585220662,0.0020408978279585,0.001615895340641033,0.002452879585220662,0.8929680957619892,True
CP_000850,12858,12853,154,76,7392,7439,3648,3695,11105,365,241,60.3515221139545,355.425449838398,60.3518634835,355.425484440975,60.35067496529711,355.42419881445323,60.352028,355.42667,0.0017508315373359906,0.0011931999661997641,0.00281401846450468,0.00281401846450468,0.8928491445931861,True
CP_000851,13595,13589,163,66,7824,7871,3168,3215,12288,391,211,60.28055303262997,355.25341757561085,60.2807278935,355.252668942125,60.27961253983912,355.2527925249419,60.28132,355.2548,0.0011221793535221899,0.0022030076264271076,0.002627889348357743,0.002627889348357743,0.8927379290416904,True
CP_000852,11277,11274,135,72,6480,6527,3456,3503,8524,309,229,60.50177909210587,355.3567639865002,60.501354621,355.356682501975,60.50186168363794,355.35542464307247,60.50212,355.3582,0.0013562158889652697,0.0016864863314559869,0.0027723232746549916,0.0027723232746549916,0.8926581403783596,True
CP_000853,12272,12267,147,71,7056,7103,3408,3455,10143,344,226,60.40713298775149,355.3405085859951,60.40685899500001,355.339138177775,60.40653139281502,355.3415672677104,60.40801,355.34082,0.0024510816195758203,0.002037427893156519,0.0016552977352297632,0.0024510816195758203,0.8925638891557759,True
CP_000854,7129,7129,85,74,4080,4127,3552,3599,1819,163,235,60.89533684181166,355.3925253443005,60.895027865,355.39272004435,60.8964819280131,355.3913928537859,60.8945,355.39346,0.0019686884059303914,0.0009110719624022904,0.0028655190290449847,0.0028655190290449847,0.8923650196697168,True
CP_000855,14258,14251,171,65,8208,8255,3120,3167,13321,415,208,60.21773144484687,355.2367525264296,60.21770926529751,355.2354995326,60.21872252651849,355.2371176658293,60.216763,355.23764,0.0019092023071967219,0.002340836367573661,0.0020284889634716446,0.002340836367573661,0.8922579499273039,True
CP_000856,12443,12438,149,76,7152,7199,3648,3695,10430,350,241,60.391314777282936,355.42677686916824,60.39122559399999,355.42565352814995,60.39040001226287,355.4279192668549,60.39232,355.42676,0.002411463680762898,0.0015538277220970742,0.002242863579122806,0.002411463680762898,0.892254766715679,True
CP_000857,9949,9949,119,72,5712,5759,3456,3503,6407,262,229,60.62735626901375,355.35724443129135,60.627320118277495,355.35696748995,60.62636886698641,355.356367366424,60.62838,355.3584,0.0011247343087356662,0.0017806129277236123,0.0028581792957828147,0.0028581792957828147,0.8922286771496886,True
CP_000858,9862,9862,118,68,5664,5711,3264,3311,6259,259,217,60.63522490931388,355.2887000386583,60.6350742375,355.28724821875,60.63450735079319,355.28945370386555,60.636093,355.2894,0.0022771748139482654,0.002379191545267867,0.0015867601298600745,0.002379191545267867,0.8922210245706991,True
CP_000859,14097,14090,169,70,8112,8159,3360,3407,13067,409,223,60.23378012712877,355.3219182147116,60.23363485,355.32159660935,60.23439483192341,355.32076325939425,60.23331,355.3234,0.0011278495789283386,0.0018271493316855967,0.002846088479141852,0.002846088479141852,0.8919103016387795,True
CP_000860,7631,7631,91,78,4368,4415,3744,3791,2643,180,247,60.84854305150122,355.461900871185,60.84786150149999,355.46276127775,60.84859315349194,355.4603558865861,60.849174,355.4626,0.0025142039075443695,0.0013247186309580247,0.0023041077942571367,0.0025142039075443695,0.8917845719962012,True
CP_000861,10030,10030,120,70,5760,5807,3360,3407,6536,265,223,60.619347079197546,355.32347614540885,60.6193888815,355.32210111772497,60.61851228040904,355.32444426186095,60.62014,355.32388,0.0025017501703078317,0.001933804281873443,0.0017218213482146094,0.0025017501703078317,0.8917609253662035,True
CP_000862,13515,13509,162,69,7776,7823,3312,3359,12163,388,220,60.28858773631239,355.30523448101553,60.288708784677496,355.304417545175,60.28741971966983,355.30498096623097,60.289635,355.3063,0.0014068162212271475,0.0021022738534046933,0.002580512081323887,0.002580512081323887,0.8916235720340048,True
CP_000863,10862,10862,130,72,6240,6287,3456,3503,7849,295,229,60.54067842006709,355.358020980489,60.540720449,355.35677148797504,60.54158855387705,355.3590456038825,60.539726,355.35825,0.0024341752685916244,0.0017782461350986881,0.0020267598150978767,0.0024341752685916244,0.8915830439077523,True
CP_000864,14507,14500,174,65,8352,8399,3120,3167,13726,423,208,60.1947465872661,355.236060963459,60.19408786449999,355.23553026335,60.19488517366551,355.2350122461676,60.195267,355.23764,0.0009508121300373682,0.0024170860056120865,0.0026556867916816456,0.0026556867916816456,0.8915091035123407,True
CP_000865,7291,7291,87,70,4176,4223,3360,3407,2121,169,223,60.87845632912023,355.322723130817,60.8791838015825,355.32240925515003,60.87814487205748,355.3215719048792,60.87804,355.3242,0.0013343650302786183,0.002114787134394177,0.0026184159823047833,0.0026184159823047833,0.8914251983839705,True
CP_000866,6875,6875,82,69,3936,3983,3312,3359,1442,154,220,60.918230851091884,355.30531627284813,60.9185132655,355.30487929795,60.91793587957252,355.3041237198131,60.918243,355.30695,0.0009509326107468235,0.0020840482029746824,0.002838787566797719,0.002838787566797719,0.8910930506585383,True
CP_000867,6631,6631,79,74,3792,3839,3552,3599,1054,145,235,60.94220728951592,355.3939862736579,60.94226413399999,355.392877006525,60.94150571428409,355.3954966093705,60.942852,355.3936,0.0027271816099706304,0.0009204104789037081,0.0023379491353880534,0.0027271816099706304,0.8910909645720873,True
CP_000868,9616,9616,115,71,5520,5567,3408,3455,5863,251,226,60.658278220206,355.3397338263001,60.6587837085,355.339586575575,60.65821022335823,355.3384283798878,60.65784,355.3412,0.0012924018174718796,0.0018571601851031022,0.002782783157056141,0.002782783157056141,0.8910608960414093,True
CP_000869,12684,12679,152,68,7296,7343,3264,3311,10808,359,217,60.367267295797795,355.28757029408416,60.36740211199999,355.28718229874994,60.3669452465848,355.28634401319005,60.367455,355.28918,0.0009546982180396649,0.0020029575462451803,0.0028858505071118496,0.0028858505071118496,0.8908830402686432,True
CP_000870,6046,6046,72,70,3456,3503,3360,3407,94,125,223,60.99695778875039,355.3228549302135,60.997272947000006,355.32255072115,60.99736171075509,355.32167324917805,60.99624,355.32434,0.0008819501492393815,0.002067390697141853,0.0028943168159457516,0.0028943168159457516,0.8907753190215908,True
CP_000871,10614,10614,127,73,6096,6143,3504,3551,7447,286,232,60.56457822481453,355.37551429863146,60.5643624125,355.37423008975,60.56538071531271,355.37679400731616,60.56399,355.37552,0.0027587341127050654,0.0013410117751199422,0.0018857216959589627,0.0027587341127050654,0.890697478793887,True
CP_000872,7458,7458,89,71,4272,4319,3408,3455,2395,174,226,60.863449002656125,355.34084882219736,60.863466621,355.33994542515,60.86219151367735,355.34110934222326,60.86469,355.3415,0.0017264419010465046,0.0019710058748165886,0.002526460352341701,0.002526460352341701,0.8906203939931687,True
CP_000873,13432,13426,161,69,7728,7775,3312,3359,12028,385,220,60.296546192465165,355.3054756367131,60.2965820017175,355.304424281975,60.29536523046315,355.3056976965236,60.29769,355.3063,0.0017612827422266125,0.0021834573867830463,0.002404068286338588,0.002404068286338588,0.8905890412289146,True
CP_000874,12442,12437,149,75,7152,7199,3600,3647,10426,350,238,60.39129844882937,355.4083934819026,60.391207738000006,355.40834309135,60.39045662093926,355.40726093834223,60.39223,355.40958,0.001317282039329687,0.0016025384145244637,0.002917158501199706,0.002917158501199706,0.8905732817968305,True
CP_000875,7050,7050,84,78,4032,4079,3744,3791,1743,160,247,60.90247706505218,355.4637015790302,60.90296649799999,355.463066792125,60.9015601866585,355.4652999078564,60.902905,355.46274,0.002639037221962604,0.0003345479198847335,0.0028931623372905452,0.0028931623372905452,0.8905011272946447,True
CP_000876,7215,7215,86,77,4128,4175,3696,3743,1964,166,244,60.88742990366003,355.4446239570707,60.8872092845,355.44540450235,60.888380749966416,355.4430938337059,60.8867,355.44537,0.002590660325442955,0.0005105480063831035,0.002832498306473485,0.002832498306473485,0.8904224381903371,True
CP_000877,12112,12107,145,77,6960,7007,3696,3743,9892,339,244,60.42228044986501,355.44279579435346,60.4227346777825,355.44312187915,60.42215156316995,355.4412347421916,60.421955,355.44403,0.00197517304331343,0.0011974120292110543,0.002802912695284544,0.002802912695284544,0.8902698692113304,True
CP_000878,13268,13262,159,71,7632,7679,3408,3455,11764,380,226,60.31161921278968,355.3392262945895,60.3123865615175,355.338967127975,60.31117270649021,355.3380440311841,60.3113,355.34067,0.0015249759711854422,0.002018957380712357,0.0026267010866009473,0.0026267010866009473,0.890033305936254,True
CP_000879,7538,7538,90,68,4320,4367,3264,3311,2520,177,217,60.855425056885224,355.2882966165467,60.8555015865,355.28728348875,60.854400750903736,355.28802506206205,60.856373,355.28958,0.0013273168375064833,0.0024574381086607043,0.002512166726203286,0.002512166726203286,0.889886395017828,True
CP_000880,10201,10201,122,75,5856,5903,3600,3647,6823,271,238,60.60353217643629,355.41021679157103,60.6037684251825,355.40917770215,60.60237024890176,355.4113774577195,60.604458,355.4101,0.0026064960152688194,0.0011476686482600681,0.002449948356920953,0.0026064960152688194,0.8898673870535168,True
CP_000881,13265,13259,159,68,7632,7679,3264,3311,11754,380,217,60.31154787782476,355.28761537550037,60.3122927134375,355.2871694993749,60.31131194908952,355.286522574392,60.31104,355.28915,0.0011749087793398066,0.0023474075633417007,0.0026455992388425657,0.0026455992388425657,0.8898310647454171,True
CP_000882,12440,12435,149,73,7152,7199,3504,3551,10420,350,232,60.39125655610766,355.3750603145973,60.391164993500006,355.37372439275,60.39054153395385,355.37627344557325,60.392063,355.37518,0.0026241897990636424,0.0017130415910282006,0.0018719319293533877,0.0026241897990636424,0.8895830860186391,True
CP_000883,7788,7788,93,69,4464,4511,3312,3359,2929,186,220,60.83157030544294,355.3061736162381,60.831922405,355.30480963875,60.830501676612016,355.3068569619175,60.832287,355.30685,0.002491987420649495,0.002076833213189295,0.0017851601676483215,0.002491987420649495,0.8894253972232924,True
CP_000884,10943,10943,131,70,6288,6335,3360,3407,7977,298,223,60.532676875264485,355.3225881688233,60.5327913685,355.321990882575,60.53374511666844,355.3220126375667,60.531494,355.32376,0.0009539962518108257,0.0021945540450226324,0.002850195877448013,0.002850195877448013,0.8893882243533814,True
CP_000885,11030,11030,132,74,6336,6383,3552,3599,8126,301,235,60.52479822948592,355.3926867447024,60.5250216519225,355.391493268175,60.52559602847862,355.39389728819805,60.523777,355.39267,0.002471683778205108,0.0017126230771006973,0.0021945074039714336,0.002471683778205108,0.8893687745314707,True
CP_000886,13274,13268,159,77,7632,7679,3696,3743,11739,380,244,60.3126236836201,355.4425478336698,60.312515169,355.44258128195,60.31354252736813,355.4413366331217,60.311813,355.44373,0.0016138822517244445,0.0013423767053718993,0.002949090434530227,0.002949090434530227,0.88931950217304,True
CP_000887,13843,13837,166,65,7968,8015,3120,3167,12690,400,208,60.25664855894786,355.23611079411677,60.257071869,355.23544267857494,60.25581661790218,355.23524932291605,60.257057,355.23764,0.0012700557977562584,0.0021977513066239766,0.002693729212981237,0.002693729212981237,0.8893091808707162,True
CP_000888,7298,7298,87,77,4176,4223,3696,3743,2100,169,244,60.87946706086915,355.4461121437882,60.8793381005,355.44536441755,60.88042004621879,355.44759847865834,60.878643,355.44537,0.0024822642031159304,0.0006951244094865863,0.002847479464510825,0.002847479464510825,0.889095655729698,True
CP_000889,8120,8120,97,69,4656,4703,3312,3359,3424,198,220,60.80061452721384,355.30529494143985,60.80043118327751,355.304791102725,60.801367384936256,355.304269991126,60.800045,355.30682,0.001071462012616411,0.002068985910420109,0.002875804415702623,0.002875804415702623,0.8888492905694779,True
CP_000890,12101,12096,145,66,6960,7007,3168,3215,9856,338,211,60.42293520821324,355.2541802327283,60.4224390615,355.25255770255,60.4226643231495,355.25513070071304,60.423702,355.25485,0.002582839979112204,0.0026193079336390757,0.0010746074412727657,0.0026193079336390757,0.888799208904211,True
CP_000891,10036,10036,120,76,5760,5807,3648,3695,6556,265,241,60.61946924824709,355.4274940050365,60.61952888529751,355.42666492355,60.61821617023476,355.42844892749696,60.620663,355.42737,0.0022149245853455204,0.0013341883405653678,0.002674603651478701,0.002674603651478701,0.8887709971391464,True
CP_000892,10197,10197,122,71,5856,5903,3408,3455,6809,271,226,60.60345409023134,355.3397352824365,60.6036746650425,355.339501862775,60.60257688787809,355.3386090138312,60.60411,355.3411,0.00141502435991668,0.0016517066491181195,0.0029210641411750514,0.0029210641411750514,0.8886392588576887,True
CP_000893,9289,9289,111,76,5328,5375,3648,3695,5339,239,241,60.69021509108929,355.42639734497106,60.6903871953225,355.42696264695,60.68975209650007,355.424678118432,60.690506,355.42755,0.002371164495338371,0.0006004887060639637,0.0029704107039046548,0.0029704107039046548,0.8885940673848545,True
CP_000894,12268,12263,147,67,7056,7103,3216,3263,10129,344,214,60.407041379837864,355.27038148493847,60.4067287255,355.26988246755,60.40673016132805,355.2692282958591,60.407665,355.27203,0.0006541732666725088,0.0023462410892490597,0.0029571337512786034,0.0029571337512786034,0.8885664767690153,True
CP_000895,12687,12682,152,71,7296,7343,3408,3455,10818,359,226,60.36733682726307,355.33925877727285,60.3674959596425,355.33906452935,60.36680440862132,355.3379525251248,60.36771,355.34076,0.0013095022763503466,0.0017082249991705568,0.002949264211922685,0.002949264211922685,0.8885468037579216,True
CP_000896,7126,7126,85,71,4080,4127,3408,3455,1854,163,226,60.894393881248675,355.3400806535574,60.894954699500005,355.34000175052495,60.893989425935466,355.3387179933504,60.894238,355.34152,0.0016061710798273491,0.0016811206210679917,0.002815176542331282,0.002815176542331282,0.8885294401805263,True
CP_000897,10283,10283,123,74,5904,5951,3552,3599,6909,274,235,60.59644068195737,355.3915515831646,60.59587612076249,355.39173295037506,60.59713244854712,355.3900995334937,60.596313,355.39282,0.0020606819771019197,0.0011738346602304885,0.0028432350185004294,0.0028432350185004294,0.8884876665708341,True
CP_000898,7628,7628,91,75,4368,4415,3600,3647,2633,180,238,60.848492968015044,355.40959261836724,60.847815986002495,355.41010990952503,60.84874781794496,355.4079928967487,60.848915,355.41068,0.0023130183449858047,0.0012358940998653959,0.002687363595771387,0.002687363595771387,0.8884545045450754,True
CP_000899,9952,9952,119,75,5712,5759,3600,3647,6417,262,238,60.62741300014816,355.40925683882097,60.6273868246575,355.40926264835,60.6262205839901,355.4083821356909,60.62863,355.41013,0.0014613075778913333,0.0015147142787850247,0.0029754139551767178,0.0029754139551767178,0.8884143779121275,True
CP_000900,13439,13433,161,76,7728,7775,3648,3695,12006,386,241,60.29668736792064,355.4253818026712,60.2967554188225,355.42524345195,60.29769434973436,355.4243882841888,60.295612,355.4265,0.00127000124291917,0.0017088296621650106,0.0029752407157647796,0.0029752407157647796,0.8883835957923282,True
CP_000901,12611,12606,151,78,7248,7295,3744,3791,10707,356,247,60.37543146970628,355.4612822709261,60.3755098707375,355.460190975125,60.374411247365714,355.4625657497628,60.376373,355.4611,0.0026165870697244372,0.00124655458845763,0.002455034265576552,0.0026165870697244372,0.8883154625814618,True
CP_000902,14510,14503,174,68,8352,8399,3264,3311,13736,423,217,60.194827457326056,355.2875181884862,60.19420316050001,355.28714076375,60.19474927373402,355.2863513017086,60.19553,355.28906,0.0009599426958066881,0.0023352533203151045,0.0028213529506444443,0.0028213529506444443,0.8882762260323666,True
CP_000903,8371,8371,100,71,4800,4847,3408,3455,3836,207,226,60.77677950111661,355.3399629994581,60.7768759719025,355.33979024755,60.77742340791217,355.33872912191805,60.77604,355.34137,0.0011940158254778702,0.0017873893415682408,0.0029813621704131038,0.0029813621704131038,0.888198381151596,True
CP_000904,13109,13104,157,78,7536,7583,3744,3791,11472,374,247,60.328560409549986,355.4597251160562,60.3282726086625,355.459937942375,60.32939043151089,355.45829990579347,60.32802,355.46094,0.0019831015513166014,0.0010314286580738546,0.002973206037863729,0.002973206037863729,0.8879882214360261,True
CP_000905,6551,6551,78,77,3744,3791,3696,3743,928,142,244,60.9502244283398,355.44492122421804,60.95018830316249,355.445717764125,60.94930929215967,355.44348926790417,60.951176,355.44556,0.0023955908977342454,0.0010004463760259392,0.0027852234623424515,0.0027852234623424515,0.8879189475194363,True
CP_000906,8536,8536,102,70,4896,4943,3360,3407,4103,213,223,60.76084034454852,355.32265450850065,60.761104987,355.32226458414993,60.76157794239752,355.3216327792427,60.75984,355.32407,0.0007892174914810695,0.0022024248116897373,0.0029913857929465865,0.0029913857929465865,0.8878198263867002,True
CP_000907,10864,10864,130,74,6240,6287,3552,3599,7855,295,235,60.54072205863304,355.391472925944,60.5407672145,355.39154371035,60.541501042697945,355.3901748721695,60.539898,355.3927,0.0015531328946629328,0.001446766274961904,0.0029911976741135923,0.0029911976741135923,0.8877213185268497,True
CP_000908,11023,11023,132,67,6336,6383,3216,3263,8102,300,214,60.52554209023066,355.2704648287059,60.524817644,355.26985984955,60.52594497923104,355.26943991000525,60.525864,355.2721,0.0012030103675384092,0.002467549087904028,0.0026560620869053105,0.0026560620869053105,0.8877164546343368,True
CP_000909,10198,10198,122,72,5856,5903,3456,3503,6813,271,229,60.6034726770612,355.3582190852394,60.6037017272025,355.35691985557503,60.60251784817056,355.3593999977993,60.6042,355.35834,0.0027482130584957462,0.0015020579721053277,0.00198835387739473,0.0027482130584957462,0.8876645254188557,True
CP_000910,7955,7955,95,70,4560,4607,3360,3407,3157,192,223,60.816556960016364,355.3226114705105,60.81620834172249,355.32233217495,60.81721269091449,355.3213750393157,60.81625,355.32413,0.0013873809577682455,0.0017955021124437887,0.0029157230649535367,0.0029157230649535367,0.8873208849985111,True
CP_000911,11029,11029,132,73,6336,6383,3504,3551,8122,301,232,60.524782175672215,355.37423218710046,60.5249992553625,355.37411492337503,60.52565418693736,355.37315439183266,60.523693,355.37543,0.0011625644978422534,0.001851559524769616,0.003001964092334431,0.003001964092334431,0.8872743474089908,True
CP_000912,11690,11686,140,70,6720,6767,3360,3407,9193,324,223,60.461934427271444,355.322115848597,60.461935291,355.32189856195,60.46222095712293,355.32074903266914,60.461647,355.3237,0.0011844925923329,0.0018243068285577909,0.003006211588532728,0.003006211588532728,0.8872347175255482,True
CP_000913,8285,8285,99,68,4752,4799,3264,3311,3691,204,217,60.78467322036921,355.2879894763657,60.7846538615,355.28726829875,60.785521805467006,355.28717986667505,60.783844,355.28952,0.0008724373683818644,0.002393163418803704,0.002879671673940759,0.002879671673940759,0.8871881983116614,True
CP_000914,5968,5968,71,75,3408,3455,3600,3647,21,122,238,61.00412827304024,355.4111095657217,61.005266160000005,355.4107180025501,61.00238843451133,355.4115694348493,61.00473,355.41104,0.0030010399777919495,0.0006258769610148409,0.0024006144593222154,0.0030010399777919495,0.8871428578009881,True
CP_000915,8206,8206,98,72,4704,4751,3456,3503,3569,201,229,60.79271956236429,355.3572828350534,60.792646129637504,355.357335021125,60.79326859993584,355.35584038833224,60.792244,355.35867,0.0016190727153075613,0.0013972064948130757,0.0030123285229820946,0.0030123285229820946,0.8869882967989396,True
CP_000916,14259,14252,171,66,8208,8255,3168,3215,13324,415,211,60.21775824432183,355.25334535615383,60.21775053017751,355.25271423340007,60.21868155142079,355.2525305752956,60.216843,355.2548,0.0009489630418297406,0.0022667779903302087,0.002914146132237593,0.002914146132237593,0.8869495837920608,True
CP_000917,8784,8784,105,69,5040,5087,3312,3359,4505,221,220,60.73783197069587,355.30511847061166,60.73745104,355.30474813735003,60.73778651027119,355.30384457917245,60.73826,355.30676,0.0009638245084709622,0.0021703023520661807,0.002956018553316304,0.002956018553316304,0.8869229504103782,True
CP_000918,7380,7380,88,76,4224,4271,3648,3695,2231,172,241,60.87149518245661,355.42723425142003,60.871449828,355.42776271675007,60.87253706214326,355.4259004867287,60.8705,355.42804,0.002156380934496623,0.0009906376335817144,0.0029547740396231137,0.0029547740396231137,0.8867929169084429,True
CP_000919,6548,6548,78,74,3744,3791,3552,3599,918,142,235,60.950172994581784,355.39248619384716,60.95013585,355.39290462675,60.94946684346216,355.3909687497134,60.950916,355.3936,0.0020482162113686325,0.0010355065892318572,0.002991109286298358,0.002991109286298358,0.8866757328350349,True
CP_000920,6799,6799,81,76,3888,3935,3648,3695,1330,151,241,60.92632865867804,355.4272459755832,60.92655473000001,355.42800763772505,60.92552084564346,355.4255381503528,60.92691,355.4282,0.0026771785044001754,0.00040067695983642804,0.002995749721386755,0.002995749721386755,0.8866330636623736,True
CP_000921,11531,11528,138,77,6624,6671,3696,3743,8946,318,244,60.47799632440742,355.44296408476595,60.47783759399999,355.44339586275,60.47778071271837,355.4412825243604,60.47837,355.4442,0.0021141037413050607,0.0009763695787096063,0.002990119770001851,0.002990119770001851,0.8866160892497704,True
CP_000922,9451,9451,113,72,5424,5471,3456,3503,5596,245,229,60.67421812961879,355.3570062807558,60.674556291,355.35707071275,60.67405634980948,355.3554886568612,60.67404,355.35846,0.001659169077938178,0.0014810160457791716,0.0029708516791518143,0.0029708516791518143,0.8864763939747378,True
CP_000923,11274,11271,135,69,6480,6527,3312,3359,8514,309,220,60.50171036454188,355.3049048325144,60.50126694,355.30459123134995,60.50200639605728,355.30360471150567,60.501858,355.30652,0.0012328895586385866,0.0020158473768027876,0.002917631828844149,0.002917631828844149,0.8864499925858791,True
CP_000924,7455,7455,89,68,4272,4319,3264,3311,2385,174,217,60.8633844466844,355.28853041751637,60.863373493500006,355.28728432874993,60.86234655797899,355.28872562497105,60.864433,355.28958,0.0017697263521049868,0.002529671350083145,0.0022553541466371154,0.002529671350083145,0.8864447100136451,True
CP_000925,7294,7294,87,73,4176,4223,3504,3551,2086,169,232,60.879399040060626,355.37514979797083,60.879263369,355.37509959475,60.88063785274437,355.3742206487718,60.878296,355.37613,0.0016314875408919096,0.0014127930161395884,0.0030211137688665756,0.0030211137688665756,0.886418648815442,True
CP_000926,10699,10699,128,75,6144,6191,3600,3647,7588,289,238,60.55666115438436,355.4087264047171,60.5565330855,355.40899579337497,60.557347624967534,355.4072102762451,60.556103,355.40997,0.001962535595905483,0.001067895881571143,0.0030303709616184018,0.0030303709616184018,0.8863603324910821,True
CP_000927,12271,12266,147,70,7056,7103,3360,3407,10139,344,223,60.407114348639446,355.322110146542,60.40683021,355.32182305115,60.406588183818734,355.3208989900386,60.407925,355.3236,0.0009552306580112942,0.002094103255920772,0.0030210993591560185,0.0030210993591560185,0.8863558420969487,True
CP_000928,6132,6132,73,73,3504,3551,3504,3551,239,128,232,60.98905808719436,355.3751014078958,60.989479305,355.375411038125,60.98925730399519,355.37355041212487,60.988438,355.37634,0.0018738232463125892,0.0013975587430431601,0.002910173556637592,0.002910173556637592,0.8863533862171133,True
CP_000929,10194,10194,122,68,5856,5903,3264,3311,6799,271,217,60.60338694190117,355.2877503126058,60.60358120550001,355.28725170812504,60.60272448714689,355.2866315539111,60.603855,355.28937,0.0010576188281463772,0.002133624950268255,0.0029605274971862125,0.0029605274971862125,0.8860962653401618,True
CP_000930,5965,5965,71,72,3408,3455,3456,3503,11,122,229,61.00407287980119,355.3586086185216,61.005200309,355.35782054192504,61.00254750520828,355.358966006999,61.00447,355.35904,0.0028895429038387353,0.0014203992584018662,0.0019247162414208964,0.0028895429038387353,0.8859474836562471,True
CP_000931,10121,10121,121,78,5808,5855,3744,3791,6652,268,247,60.61242993080176,355.46083026125604,60.6116852025,355.46148514775007,60.61283069464159,355.45915260867434,60.612774,355.46185,0.002598632483869104,0.0011491681030738343,0.0027010159494913486,0.0027010159494913486,0.8856270939259295,True
CP_000932,12109,12104,145,74,6960,7007,3552,3599,9882,339,235,60.42222476829363,355.3910352349996,60.42268078445751,355.391140992775,60.4222939964976,355.3895391751143,60.4217,355.39243,0.0016478545882493416,0.001616454879717378,0.0029469447238274884,0.0029469447238274884,0.8855225135547288,True
CP_000933,14094,14087,169,67,8112,8159,3216,3263,13057,409,214,60.233705436483184,355.2704086805602,60.233533138,355.2699218814,60.23453187140073,355.2693620216086,60.23305,355.27194,0.0011449503883694564,0.002076922544453187,0.002974742944933275,0.002974742944933275,0.885358014716385,True
CP_000934,7546,7546,90,76,4320,4367,3648,3695,2502,178,241,60.855571340689586,355.42844819838496,60.85570513160249,355.427693845525,60.85663114388424,355.4296722340048,60.854378,355.42798,0.002184380855709002,0.0013575669627534021,0.0028189503989310407,0.0028189503989310407,0.8852518922959438,True
CP_000935,13935,13928,167,74,8016,8063,3552,3599,12810,403,235,60.249785732588386,355.3905585003831,60.249482967000006,355.39055556195,60.25010692729835,355.38906061302737,60.249767,355.39206,0.0016199378800471746,0.0015304097690850439,0.00301788417107002,0.00301788417107002,0.8851735501090967,True
CP_000936,13440,13434,161,77,7728,7775,3696,3743,12010,386,244,60.29670216972634,355.4437197914987,60.296771446,355.44250624777504,60.29763880463409,355.4449885759397,60.295696,355.44366,0.0026294988338455734,0.0015804094145973125,0.00235085684990821,0.0026294988338455734,0.8851217008475416,True
CP_000937,14343,14336,172,67,8256,8303,3216,3263,13463,418,214,60.20982246996369,355.2714059076088,60.2099123679025,355.26993549255,60.21068129320928,355.2723706091826,60.208874,355.2719,0.002553632538486813,0.002232445677822012,0.001864909362957131,0.002553632538486813,0.8849422485280904,True
CP_000938,6297,6297,75,72,3600,3647,3456,3503,506,133,229,60.97401191336604,355.3576942325993,60.973707390817495,355.3577573103251,60.97341379849938,355.3563471159885,60.974915,355.35898,0.0014404320588612476,0.0017169686457694203,0.003029065310445968,0.003029065310445968,0.8848058584309675,True
CP_000939,14424,14417,173,65,8304,8351,3120,3167,13591,421,208,60.20181088217664,355.23629231177694,60.2019600565,355.23552250175,60.20283095794984,355.2357140527215,60.20064,355.23764,0.0008917180664484729,0.0024947254103490787,0.0029161426334747853,0.0029161426334747853,0.884765890703161,True
CP_000940,13519,13513,162,73,7776,7823,3504,3551,12131,388,232,60.289562463439125,355.37352030097736,60.288821365,355.373436763375,60.28988799797363,355.3721546571353,60.289978,355.37497,0.0016677836521531064,0.0019201810992800431,0.0028162646682158773,0.0028162646682158773,0.8847438239016887,True
CP_000941,7289,7289,87,68,4176,4223,3264,3311,2115,169,217,60.87840740475864,355.2889980242474,60.8791192045,355.287286023125,60.87823817212946,355.29012675078906,60.877865,355.28958,0.0029742144676216226,0.002615669466247397,0.0006609814504663036,0.0029742144676216226,0.8846865018505382,True
CP_000942,12690,12685,152,74,7296,7343,3552,3599,10828,359,235,60.36740237085735,355.39094953379487,60.36757021427749,355.39095357995,60.36666357065784,355.3895610370596,60.367973,355.39233,0.0016616793778274105,0.001438060067217346,0.0030667083587681554,0.0030667083587681554,0.8845855479677367,True
CP_000943,9035,9035,108,71,5184,5231,3408,3455,4917,230,226,60.71399770246493,355.33972744027915,60.71389294286251,355.33967390975,60.7138438779112,355.3382303349157,60.714256,355.34128,0.0014444084158103912,0.001644800473007512,0.003075517470057631,0.003075517470057631,0.8844969521383353,True
CP_000944,6710,6710,80,70,3840,3887,3360,3407,1175,148,223,60.93417251369303,355.3226785398933,60.9342890249775,355.322477320725,60.93378027391408,355.3212785137985,60.93445,355.32428,0.0013022924754111907,0.0018094828393445286,0.0030747050878152642,0.0030747050878152642,0.8842351813701719,True
CP_000945,13932,13925,167,71,8016,8063,3408,3455,12800,403,226,60.24972152144801,355.3390195781896,60.249408423000006,355.33884806035,60.25024442259401,355.3376345023438,60.24951,355.34058,0.0014736411895768977,0.0017311959608160804,0.0030315465613766413,0.0030315465613766413,0.8841508715856717,True
CP_000946,13100,13095,157,69,7536,7583,3312,3359,11487,374,220,60.327492993869036,355.3047307289646,60.3280701185,355.30444675295,60.3271612434782,355.30340998472514,60.327248,355.30634,0.0013787465892502345,0.0020600189291582315,0.002926739370495754,0.002926739370495754,0.8838469467575003,True
CP_000947,14175,14168,170,65,8160,8207,3120,3167,13186,412,208,60.22568900059255,355.2369822933975,60.2255833223225,355.23548702694995,60.226668310802815,355.23781947238325,60.224815,355.23764,0.0025724505246402414,0.0022861946327300056,0.0018615768549581826,0.0025724505246402414,0.8838415932878916,True
CP_000948,11528,11525,138,74,6624,6671,3552,3599,8936,318,235,60.47793994845418,355.3911358135051,60.4777838368625,355.391329413375,60.47792474141019,355.38949990214047,60.47811,355.39258,0.0018349292762365377,0.0012909265185181858,0.003083868966427338,0.003083868966427338,0.8838300784048825,True
CP_000949,8041,8041,96,73,4608,4655,3504,3551,3302,195,232,60.80866172212231,355.37461430337004,60.80841522700001,355.374899769125,60.809113518468486,355.3729665784851,60.808456,355.37598,0.002055440834775549,0.00107758104551959,0.003080873412941874,0.003080873412941874,0.883815391172764,True
CP_000950,11947,11942,143,78,6864,6911,3744,3791,9625,333,247,60.43821471951366,355.46003040834563,60.4384894065625,355.46054348437497,60.43799862404879,355.4582440297244,60.438156,355.4613,0.0023512463005094597,0.0008300717279087584,0.0030637324619058335,0.0030637324619058335,0.8836402130971265,True
CP_000951,13938,13931,167,77,8016,8063,3696,3743,12820,403,244,60.249843233296254,355.4420995499183,60.249537379702495,355.442269445575,60.24996943200267,355.44048672371093,60.250023,355.44354,0.001834329968867971,0.0013624743395530198,0.00305622429252561,0.00305622429252561,0.8836343388315974,True
CP_000952,7373,7373,88,69,4224,4271,3312,3359,2253,171,220,60.8713675752091,355.3056240831218,60.871279275,355.30484244975,60.87024578339098,355.3051450339904,60.872578,355.3069,0.0010768760970736883,0.002420098455131243,0.0029093553286918283,0.0029093553286918283,0.8835539348801427,True
CP_000953,11852,11847,142,66,6816,6863,3168,3215,9450,330,211,60.44591717816699,355.25315430233485,60.4460527465,355.25254777935004,60.44651598770798,355.25206283273246,60.445183,355.25485,0.0006706456878785799,0.00246324956591223,0.003091680447541577,0.003091680447541577,0.8835342981390755,True
CP_000954,9705,9705,116,77,5568,5615,3696,3743,6018,254,244,60.65043488112764,355.4435847200618,60.651038792,355.444236204925,60.64996677911728,355.4418158068228,60.6503,355.4447,0.0026471755880575596,0.0008742360334955204,0.0029054064523466074,0.0029054064523466074,0.8833471934219213,True
CP_000955,7621,7621,91,68,4368,4415,3264,3311,2655,180,217,60.84746442852031,355.288052643051,60.8476297785,355.28728264875,60.8464549438285,355.287324499153,60.84831,355.28955,0.0011755798405860983,0.0023675248151657623,0.002896935772516156,0.002896935772516156,0.8832877974901978,True
CP_000956,14511,14504,174,69,8352,8399,3312,3359,13740,424,220,60.193951918091045,355.3058153964771,60.194236341,355.30434588660006,60.194694913761424,355.30688692392494,60.192924,355.3062,0.0025820843642155224,0.0022822041109533445,0.001894209467760915,0.0025820843642155224,0.8832427211606837,True
CP_000957,13097,13092,157,66,7536,7583,3168,3215,11477,374,211,60.32741867508347,355.2531048009096,60.3279630484425,355.25262897035003,60.32730094189583,355.2518636550351,60.326992,355.25482,0.0010119746095726516,0.0023981805161207817,0.0029742076453324368,0.0029742076453324368,0.8830178697955212,True
CP_000958,5969,5969,71,76,3408,3455,3648,3695,24,122,241,61.00414610041716,355.4280258760984,61.00528344,355.42835192095004,61.00234071330226,355.4273504632045,61.004814,355.42838,0.003108465543265916,0.000469871259118124,0.0026773223414095827,0.003108465543265916,0.8829484414117559,True
CP_000959,6634,6634,79,77,3792,3839,3696,3743,1064,145,244,60.94226007392942,355.44641297756243,60.942316596522495,355.44567760095,60.94134839089077,355.4480046911123,60.943115,355.44556,0.002520470346773978,0.0008077461356589521,0.0030190540051861117,0.0030190540051861117,0.8829209438399355,True
CP_000960,7790,7790,93,71,4464,4511,3408,3455,2890,186,226,60.83250089356426,355.33993669968555,60.8319826465,355.33988442375005,60.833057723401744,355.3384950112441,60.832462,355.34143,0.001756774731242457,0.001618930800225799,0.0029954254534470624,0.0029954254534470624,0.8829180445204703,True
CP_000961,13516,13510,162,70,7776,7823,3360,3407,12121,388,223,60.28949530588744,355.321941292769,60.2887406569175,355.321671185975,60.29002663281514,355.320666364207,60.28972,355.3235,0.0016319928905342241,0.0020618361538735424,0.0028367346559533524,0.0028367346559533524,0.8829087705460692,True
CP_000962,8369,8369,100,69,4800,4847,3312,3359,3830,207,220,60.77673142727847,355.3063153936935,60.776815658500006,355.30477448335006,60.77751497587448,355.3073784848399,60.775864,355.3068,0.0026962693762443844,0.0022319484708349558,0.0017519785341069943,0.0026962693762443844,0.882794178032116,True
CP_000963,5966,5966,71,73,3408,3455,3504,3551,14,122,232,61.0040917058332,355.37552422237326,61.0052243996625,355.37545234075,61.00249978399919,355.3747470353541,61.00455,355.37637,0.0028144246684148094,0.0011409231388327388,0.002617617836388172,0.0028144246684148094,0.8826576210993684,True
CP_000964,10534,10534,126,76,6048,6095,3648,3695,7321,283,241,60.57259874863868,355.4259903585865,60.5722947255,355.42646437795,60.573193933746126,355.4242606040594,60.572308,355.42725,0.0023801669754397545,0.0007818215919380475,0.003114283197184933,0.003114283197184933,0.8826180629781541,True
CP_000965,6961,6961,83,72,3984,4031,3456,3503,1587,157,229,60.910336210271545,355.3574603136867,60.9107287575,355.35761521674993,60.90983370632245,355.3558790055602,60.910446,355.3589,0.001953342239791569,0.0013025262881331979,0.003069437522413433,0.003069437522413433,0.8825657053406046,True
CP_000966,13103,13098,157,72,7536,7583,3456,3503,11497,374,229,60.327560939902924,355.3563688222207,60.3281580703025,355.356270513575,60.327021545060575,355.3549563144153,60.327503,355.35788,0.0017374720305405942,0.0017372774674101592,0.002962738661456583,0.002962738661456583,0.8824971647392009,True
CP_000967,12445,12440,149,78,7152,7199,3744,3791,10436,350,247,60.39135213231297,355.4601118313485,60.391254725425,355.460277611375,60.39031509924829,355.4589067596238,60.392487,355.46115,0.0016619662679066517,0.0015101222730957368,0.0031228932482304755,0.0031228932482304755,0.8822765620317082,True
CP_000968,9363,9363,112,67,5376,5423,3216,3263,5445,242,214,60.682061911127484,355.27160992730177,60.6822729931975,355.26979730357505,60.682241597606826,355.2728461990332,60.68167,355.2722,0.0030490570998143434,0.0024636211493508143,0.0008723032719045035,0.0030490570998143434,0.8820745172389499,True
CP_000969,14516,14509,174,74,8352,8399,3552,3599,13756,424,235,60.194067017825496,355.39044918940834,60.194371834,355.390380899575,60.19447747387103,355.3890294127905,60.19335,355.39194,0.0013556092029443011,0.0018608667917272192,0.003118142947528271,0.003118142947528271,0.8818404763783994,True
CP_000970,14519,14512,174,77,8352,8399,3696,3743,13766,424,244,60.19412637765303,355.44192311769484,60.194426414,355.4420109921749,60.194341573939546,355.44036846833137,60.19361,355.4434,0.0016447134742760773,0.0016018832143719595,0.003108461176541407,0.003108461176541407,0.8817060119783644,True
CP_000971,5962,5962,71,69,3408,3455,3312,3359,1,122,220,61.00400918332974,355.3060998907454,61.005113363,355.30493025715003,61.00270657590523,355.3063625791487,61.004208,355.307,0.0028007446201696014,0.0022655167167605146,0.0016334544431294768,0.0028007446201696014,0.8812442449971352,True
CP_000972,8622,8622,103,73,4944,4991,3504,3551,4248,216,232,60.75294234881549,355.3745890925051,60.75330961,355.374746248125,60.75348038810661,355.3731360196246,60.752037,355.3759,0.0016192593940398351,0.0017076859351323813,0.0031048633589459565,0.0031048633589459565,0.8807915994116984,True
CP_000973,8457,8457,101,74,4848,4895,3552,3599,3981,210,235,60.76888219783331,355.39191218465857,60.769079245,355.39229457315,60.76932546617569,355.3902535042632,60.76824,355.3932,0.0020558665005312726,0.0012248426681115943,0.0031286125296457004,0.0031286125296457004,0.8807758221508217,True
CP_000974,12274,12269,147,73,7056,7103,3504,3551,10149,344,232,60.407180305228536,355.37385129067167,60.40691065786251,355.37377056475003,60.40644620630942,355.3725696842181,60.408184,355.3752,0.001287567201027562,0.0019245645322784528,0.0031639403414558567,0.0031639403414558567,0.8807498447972784,True
CP_000975,13430,13424,161,67,7728,7775,3216,3263,12021,385,214,60.29649813529674,355.27051114413257,60.2965123408425,355.26991068835,60.295462381209816,355.26965008779763,60.29752,355.27197,0.0010818169337590308,0.0022948750577976057,0.00310271144636915,0.00310271144636915,0.8802235639463133,True
CP_000976,13514,13508,162,68,7776,7823,3264,3311,12160,388,217,60.28856004224978,355.28860784530116,60.288675687562495,355.28716427875,60.28746128733136,355.2895357219973,60.289543,355.28912,0.002664303097710544,0.002142703891094636,0.0021222765815704686,0.002664303097710544,0.8800801666489226,True
CP_000977,11944,11939,143,75,6864,6911,3600,3647,9615,333,238,60.43816157644839,355.4082424126247,60.4384426729375,355.4085356793749,60.43814151319478,355.4065235897492,60.4379,355.40967,0.0020345028514119077,0.0012553819607128674,0.003153598869983565,0.003153598869983565,0.8800364680988512,True
CP_000978,12693,12688,152,77,7296,7343,3696,3743,10838,359,244,60.367457373717706,355.44263220546577,60.367624290802496,355.44284889357493,60.36652273269437,355.44116954899425,60.368225,355.44388,0.0020083895255241257,0.0011917997797990425,0.0031991709791916066,0.0031991709791916066,0.8800183592036701,True
CP_000979,9781,9781,117,70,5616,5663,3360,3407,6130,256,223,60.6432321411888,355.3224720229489,60.6430111585,355.322119467975,60.642363823415984,355.32138302665294,60.64432,355.3239,0.0009805042232862676,0.00222163434163982,0.003199365583129941,0.003199365583129941,0.8799891283601754,True
CP_000980,13517,13511,162,71,7776,7823,3408,3455,12170,388,226,60.28863286642295,355.3401942832747,60.288769504842506,355.33892577335,60.28732272845957,355.3410198694427,60.289806,355.34064,0.0025452701914571736,0.002001021298322001,0.002512943650067588,0.0025452701914571736,0.8799436833587008,True
CP_000981,7540,7540,90,70,4320,4367,3360,3407,2527,177,223,60.8554676860193,355.3237516759987,60.855566184,355.32238183694994,60.85429237942901,355.32468495862435,60.856544,355.3242,0.002631909484036521,0.0020543018978838876,0.002306243654477224,0.002631909484036521,0.8796954434945731,True
CP_000982,10118,10118,121,75,5808,5855,3600,3647,6642,268,238,60.61237737184714,355.4088202914054,60.61163902190251,355.40920709255005,60.612978597789294,355.4071585668223,60.612514,355.4101,0.0024476358417090233,0.0012470829325336515,0.0029730947196818145,0.0029730947196818145,0.8794886473299213,True
CP_000983,11525,11522,138,71,6624,6671,3408,3455,8926,318,226,60.47787682592593,355.3392997623016,60.47770984,355.33927014175003,60.47806877010203,355.33771727992047,60.47785,355.3409,0.0015938038398318059,0.00164785553363188,0.0032019403477169216,0.0032019403477169216,0.8794307491387809,True
CP_000984,9778,9778,117,67,5616,5663,3216,3263,6120,256,214,60.64316150198899,355.2704364592523,60.642909901500005,355.26981023155,60.64251256223063,355.26934338448825,60.644062,355.27216,0.0006130454094720997,0.0026132240716583333,0.003210973991593083,0.003210973991593083,0.8793972816960425,True
CP_000985,13929,13922,167,68,8016,8063,3264,3311,12790,403,217,60.24964956790854,355.28749295352213,60.2493144665,355.28714693375,60.25038191788968,355.2862083916602,60.249252,355.28912,0.0014213774036945968,0.0019775781625766464,0.003126348428325458,0.003126348428325458,0.879354344713473,True
CP_000986,14513,14506,174,71,8352,8399,3408,3455,13746,424,226,60.19400225206374,355.33898776270604,60.19429722150001,355.33875779415,60.194613373802525,355.33769035724947,60.193096,355.3405,0.0011132716717065776,0.0021285674750874785,0.00320644882635336,0.00320644882635336,0.8793157900062403,True
CP_000987,13271,13265,159,74,7632,7679,3552,3599,11729,380,235,60.31256685803834,355.39093128415306,60.3124609584025,355.39077090754995,60.31368184593714,355.38981103084666,60.311558,355.3922,0.0015530388461877484,0.0017006614787623273,0.0032056106683470706,0.0032056106683470706,0.8791884792294473,True
CP_000988,6469,6469,77,78,3696,3743,3744,3791,797,139,247,60.95819307807639,355.4638425938097,60.9580716311625,355.46336880412497,60.957191349404575,355.46523783472617,60.959316,355.46292,0.0020659553145092975,0.001322681377756564,0.003143609487912136,0.003143609487912136,0.8790518041488734,True
CP_000989,8873,8873,106,75,5088,5135,3600,3647,4660,224,238,60.729994454548184,355.40917936780687,60.7297321475,355.40964702855,60.72953832551954,355.4074906842455,60.730713,355.4104,0.002165037579295518,0.0012366937750557967,0.0031378327555708187,0.0031378327555708187,0.8790325391813381,True
CP_000990,9286,9286,111,73,5328,5375,3504,3551,5329,239,232,60.69016000683274,355.3742975242588,60.690327421,355.37456577575,60.68990220276972,355.3725638575734,60.69025,355.37576,0.002046579323910886,0.001199638975057892,0.003217975125131301,0.003217975125131301,0.8789728931346078,True
CP_000991,11112,11112,133,73,6384,6431,3504,3551,8257,303,232,60.517719174076355,355.37398283119325,60.51712665,355.37409477875,60.51770888126229,355.372426468736,60.518322,355.37543,0.0017669894016619347,0.0017900584484884703,0.00306277133661815,0.00306277133661815,0.8789676184576662,True
CP_000992,8876,8876,106,78,5088,5135,3744,3791,4670,224,247,60.730045820747705,355.46133246612663,60.729778092500005,355.46211103275004,60.72938707970405,355.4596671273487,60.730972,355.46222,0.002474987801426797,0.0011990897377900057,0.003004357172202259,0.003004357172202259,0.8789651014547335,True
CP_000993,8292,8292,99,75,4752,4799,3600,3647,3714,204,238,60.78482039341987,355.40925651497605,60.7848403785,355.40986117135003,60.78517027075375,355.40738591264056,60.78445,355.41052,0.0024971452856966184,0.0007676489999886544,0.003218067824597809,0.003218067824597809,0.8787383758139888,True
CP_000994,13106,13101,157,75,7536,7583,3600,3647,11462,374,238,60.32850355058783,355.4080913722985,60.328225471500005,355.40810085815,60.32953020589824,355.4067494306205,60.327755,355.40942,0.0018784802946786995,0.0014041428376494625,0.0032099609044158443,0.0032099609044158443,0.878718188235502,True
CP_000995,12516,12511,150,66,7200,7247,3168,3215,10531,353,211,60.383137447768014,355.2530094716124,60.3830731635,355.25258496955,60.38293540172787,355.25162166794354,60.383404,355.25482,0.000973102405144786,0.002261109264076844,0.0032342041643916675,0.0032342041643916675,0.8787172500249381,True
CP_000996,11437,11434,137,66,6576,6623,3168,3215,8775,315,211,60.48571285903132,355.2543110465165,60.4854161065,355.25251519735,60.486245023084194,355.25556564727754,60.485477,355.25485,0.0031610674563866663,0.002337902431634613,0.0010478758732721397,0.0031610674563866663,0.878651084778999,True
CP_000997,11687,11683,140,67,6720,6767,3216,3263,9183,324,214,60.461863289657,355.2703093871021,60.46183389,355.2698726689749,60.462364529996414,355.268991283347,60.46139,355.27206,0.0010287951355213633,0.0022357552804284034,0.0032233148539520667,0.0032233148539520667,0.8786102484518262,True
CP_000998,13511,13505,162,65,7776,7823,3120,3167,12150,388,208,60.28848390251303,355.2370335867372,60.28856047949999,355.23540880480004,60.28759984620315,355.2380515745521,60.28929,355.23764,0.0028119474201104707,0.0023482227179860444,0.0017407966710500605,0.0028119474201104707,0.878588572134287,True
CP_000999,9613,9613,115,68,5520,5567,3264,3311,5853,251,217,60.65821035927897,355.2876809465042,60.6586903305,355.28725026375,60.65835941799121,355.28636386482503,60.65758,355.28943,0.0009461533399508756,0.0024444867986659962,0.003162072679961264,0.003162072679961264,0.8785651812682573,True
CP_001000,12106,12101,145,71,6960,7007,3408,3455,9872,339,226,60.42216107754649,355.339287179555,60.4226066783025,355.33916710055,60.42243642982525,355.3378436080369,60.42144,355.34085,0.0013343976080096907,0.002048363461551427,0.003167966016699024,0.003167966016699024,0.8785163362130105,True
CP_001001,10610,10610,127,69,6096,6143,3312,3359,7433,286,220,60.564496127618895,355.30510939456275,60.564250479,355.30464177895,60.56558586528247,355.30410681489445,60.563652,355.30658,0.0014385558953759498,0.002028112916778433,0.0031391562062794555,0.0031391562062794555,0.8781877346910838,True
CP_001002,13678,13672,164,66,7872,7919,3168,3215,12423,394,211,60.27259302662171,355.25318578939624,60.2728540695,355.252677877325,60.27166680113663,355.2520882310982,60.27326,355.2548,0.0013256277152660402,0.0021516770808819767,0.003136709054393765,0.003136709054393765,0.8781159636883056,True
CP_001003,10445,10445,125,70,6000,6047,3360,3407,7166,280,223,60.580435154763926,355.32233064616895,60.5800270185,355.322058789175,60.581433017324976,355.3211111278476,60.579845,355.32382,0.0016955514404819437,0.0017725583536153556,0.003141557367388353,0.003141557367388353,0.8781096933890751,True
CP_001004,7543,7543,90,73,4320,4367,3504,3551,2537,177,232,60.8555290840265,355.3760631479968,60.85564579499999,355.37503457175,60.85413756303655,355.3770562394277,60.856804,355.3761,0.002522281478059872,0.0015727108246814266,0.002833078090215177,0.002833078090215177,0.8779856439603543,True
CP_001005,7372,7372,88,68,4224,4271,3264,3311,2250,171,217,60.87134288391781,355.28876421848605,60.8712463575,355.28728516875,60.87029236505422,355.28942618788005,60.87249,355.28958,0.0023439420858818684,0.002611260980233059,0.002203031451795567,0.002611260980233059,0.8778813062732056,True
CP_001006,12519,12514,150,69,7200,7247,3312,3359,10541,353,220,60.38321123086052,355.30471304683374,60.38318022184251,355.30448760335,60.38279410794606,355.3032550527762,60.38366,355.3064,0.0012916132772940448,0.0019680962420355417,0.0032584134851292995,0.0032584134851292995,0.8777932938801477,True
CP_001007,5971,5971,71,78,3408,3455,3744,3791,31,122,247,61.00417418740194,355.46362301697286,61.00531120376252,355.46362245775003,61.00222936381439,355.46417286269974,61.004982,355.46307,0.003130604266672861,0.0006399064641635923,0.0029639615487059233,0.003130604266672861,0.8766865431723094,True
CP_001008,7876,7876,94,74,4512,4559,3552,3599,3035,189,235,60.824598437166145,355.39196497826725,60.82418352249999,355.39247669555004,60.82495816351015,355.3901076923768,60.824654,355.3933,0.0024924375076602343,0.0009572381374179787,0.0032173001637362526,0.0032173001637362526,0.876446550343116,True
CP_001009,14351,14344,172,75,8256,8303,3600,3647,13489,418,238,60.21000712578319,355.40756269708913,60.21013802950001,355.4076526158,60.210326768259726,355.4059168231236,60.209557,355.40912,0.0017460236352103177,0.001577132570747872,0.003293159720102118,0.003293159720102118,0.8761315544229697,True
CP_001010,12941,12936,155,76,7440,7487,3648,3695,11195,368,241,60.34444300273932,355.42526324763185,60.34399090749999,355.425451246575,60.34537829236834,355.42370275413305,60.34396,355.42664,0.002232053447491756,0.001184903799133311,0.0032579926087939626,0.0032579926087939626,0.8758382191973376,True
CP_001011,6796,6796,81,73,3888,3935,3504,3551,1320,151,232,60.92627348655341,355.3748367884614,60.9264955601625,355.37523472075003,60.92567771321845,355.373054941509,60.926647,355.37622,0.002328156172496163,0.000997572916155836,0.0033108797358211007,0.0033108797358211007,0.8756563929963225,True
CP_001012,10032,10032,120,72,5760,5807,3456,3503,6542,265,229,60.61939579664311,355.35698868087457,60.619444576117495,355.35695246115006,60.61842344735676,355.35564566155176,60.62032,355.35837,0.0016584417795342402,0.0016639656455113973,0.0033174086062789454,0.0033174086062789454,0.8755346920299558,True
CP_001013,14354,14347,172,78,8256,8303,3744,3791,13499,418,247,60.210063980337935,355.45905364212496,60.2101855495,355.45930888575003,60.2101904125099,355.4572807515625,60.209816,355.46057,0.002028140017720074,0.0013153875759285745,0.003311772560015442,0.003311772560015442,0.8754115910790059,True
CP_001014,14348,14341,172,72,8256,8303,3456,3503,13479,418,229,60.209943552228445,355.35607395529496,60.2100703525,355.356002955575,60.21046312400956,355.3545528946848,60.209297,355.35767,0.0015023135638035816,0.0018340022281633996,0.0033242964687155503,0.0033242964687155503,0.875188640882524,True
CP_001015,12522,12517,150,72,7200,7247,3456,3503,10551,353,229,60.383278607891334,355.3564187737217,60.383268062000006,355.35639669215,60.382652814164246,355.3548884376088,60.383915,355.35797,0.0016289142581600135,0.0017022070293340496,0.0033311186645947474,0.0033311186645947474,0.8750830172914555,True
CP_001016,10775,10775,129,68,6192,6239,3264,3311,7700,292,217,60.54855171121384,355.28789779421095,60.548473304000005,355.2872387987499,60.54973843974896,355.28711742567987,60.547443,355.28934,0.0012709444855726615,0.002337484858468573,0.0031928774354920805,0.0031928774354920805,0.8750726973121826,True
CP_001017,6545,6545,78,71,3744,3791,3408,3455,908,142,226,60.950115976277026,355.3400534879347,60.9500628285,355.34009846275,60.949624394764655,355.3384482315228,60.95066,355.3416,0.001707479792992456,0.0016289909845713284,0.003330851386755694,0.003330851386755694,0.8750228306115604,True
CP_001018,8619,8619,103,70,4944,4991,3360,3407,4238,215,223,60.753775094816795,355.3224046138186,60.753229771,355.32225592975,60.75363231764961,355.3209222671745,60.754463,355.32404,0.0013930899720764629,0.0021653455709957693,0.0032223403090715736,0.0032223403090715736,0.8749610479848077,True
CP_001019,12932,12927,155,67,7440,7487,3216,3263,11210,368,214,60.34336257239877,355.2702149233957,60.3437480590825,355.26990048015,60.343150418611856,355.26874111620907,60.34319,355.272,0.0013043384835529537,0.0021756838069057014,0.0032622886094788124,0.0032622886094788124,0.8749425061322965,True
CP_001020,12935,12930,155,70,7440,7487,3360,3407,11220,368,223,60.34343362879162,355.32186800608446,60.3438496124775,355.321744336175,60.34301026437589,355.32031231879705,60.34344,355.32355,0.0016598731898749745,0.001848746364831967,0.0032635952866741473,0.0032635952866741473,0.8745523733993096,True
CP_001021,7625,7625,91,72,4368,4415,3456,3503,2623,180,229,60.84843601394136,355.35728669056624,60.8477498587425,355.35746551635,60.84890248239799,355.35562990691125,60.848656,355.35876,0.0021674877860636097,0.0015837593892615907,0.003144440435272236,0.003144440435272236,0.8744983994266291,True
CP_001022,11109,11109,133,70,6384,6431,3360,3407,8247,303,223,60.51765687948241,355.32210641444976,60.517046368,355.32197659275,60.51785404949996,355.32058166427123,60.51807,355.32376,0.0016118855003468206,0.002057264032472786,0.0031866626486161146,0.0031866626486161146,0.8744690646243521,True
CP_001023,5963,5963,71,70,3408,3455,3360,3407,4,122,223,61.00403306627242,355.3230247736481,61.00514499500001,355.32255937555,61.00265885469614,355.3221436075038,61.004295,355.32437,0.0025206659197010896,0.002001276003816677,0.0027642171910545214,0.0027642171910545214,0.8743702961796649,True
CP_001024,10029,10029,120,69,5760,5807,3312,3359,6532,265,220,60.61932825342922,355.30498684221953,60.6193571055,355.30467657292496,60.61857150244391,355.30364332873376,60.620056,355.30664,0.0012979852543052004,0.002084746277900323,0.0033448423330145077,0.0033448423330145077,0.8740947975220683,True
CP_001025,11941,11936,143,72,6864,6911,3456,3503,9605,333,229,60.43810034952569,355.35646702588815,60.438375502437495,355.35653518374994,60.43828440234077,355.35480314977394,60.43764,355.35806,0.0017344281252428665,0.0016949110175381676,0.0033224594786221383,0.0033224594786221383,0.8740717737496836,True
CP_001026,9702,9702,116,74,5568,5615,3552,3599,6008,254,235,60.650379059165125,355.3915357161571,60.6509855735,355.391899084325,60.65011574584109,355.3897637282089,60.650036,355.39294,0.0023057202559913794,0.0014122712810442067,0.0031816108444921135,0.0031816108444921135,0.8739848346747524,True
CP_001027,9448,9448,113,69,5424,5471,3312,3359,5586,245,220,60.67415367590946,355.30493625626895,60.674468864137495,355.30470783975005,60.6742060002608,355.3033992689006,60.673786,355.3067,0.0013347116114450078,0.0021074629782327874,0.0033289714708677216,0.0033289714708677216,0.8737485308573345,True
CP_001028,8870,8870,106,72,5088,5135,3456,3503,4650,224,229,60.729937532200246,355.3570185836277,60.7296657193575,355.3571904843501,60.72968957133504,355.35531424114225,60.730457,355.35855,0.001876394812351866,0.001574065179785204,0.003326588138821199,0.003326588138821199,0.8737045466277567,True
CP_001029,7456,7456,89,69,4272,4319,3312,3359,2388,174,220,60.86340788920086,355.30538765610726,60.86340641100001,355.30483746255,60.862300044688496,355.3044407401467,60.864517,355.3069,0.001175344664570198,0.0023292334686845105,0.0032998622766461714,0.0032998622766461714,0.8736962164181619,True
CP_001030,11115,11115,133,76,6384,6431,3648,3695,8267,304,241,60.51688087761107,355.425861644145,60.517186891,355.4262201533749,60.51756371302461,355.4242712732007,60.515892,355.4271,0.001984975760975973,0.0015618619199059631,0.0032801715348055767,0.0032801715348055767,0.8736602406188365,True
CP_001031,10861,10861,130,71,6240,6287,3408,3455,7845,295,226,60.54065958098341,355.33956081530056,60.54069332899999,355.33938626957496,60.54164689466313,355.338292758358,60.53964,355.341,0.0014508805104082303,0.0019307491960204974,0.0033736104067066553,0.0033736104067066553,0.8733893685019746,True
CP_001032,6386,6386,76,78,3648,3695,3744,3791,662,137,247,60.96525732159329,355.464114405726,60.9659443755,355.46341336275,60.965136427170485,355.46597819427177,60.96469,355.46295,0.002689078139132681,0.0013355572198514376,0.0030591125718174785,0.0030591125718174785,0.8732142437172615,True
CP_001033,10950,10950,131,77,6288,6335,3696,3743,8000,298,244,60.5328182102917,355.4431160314512,60.532947586742495,355.44366874377494,60.53341018133962,355.4413128955007,60.532097,355.44437,0.0024008362819170287,0.0011002419283481283,0.0033240083781391422,0.0033240083781391422,0.873136312918207,True
CP_001034,10859,10859,130,69,6240,6287,3312,3359,7839,295,220,60.54061135176496,355.3061102465622,60.54063279154249,355.30461817735,60.54173440584223,355.30716349007105,60.539467,355.30655,0.002773476322837366,0.0022556055528888163,0.002349315403231411,0.002773476322837366,0.873101579977563,True
CP_001035,12938,12933,155,73,7440,7487,3504,3551,11230,368,232,60.34350150774508,355.3735231601648,60.343930189462505,355.373594406375,60.34287011013993,355.37188352138503,60.343704,355.3751,0.0020126836857867207,0.0015141029613618224,0.003314696133493298,0.003314696133493298,0.8730477635733108,True
CP_001036,13926,13919,167,65,8016,8063,3120,3167,12780,403,208,60.24957053036908,355.23595840860366,60.249199258,355.23545256397495,60.25051941318535,355.2347822809766,60.248993,355.23764,0.001480570501957029,0.0021975254542959057,0.0032402031762313074,0.0032402031762313074,0.8730187211410557,True
CP_001037,9032,9032,108,68,5184,5231,3264,3311,4907,230,217,60.713930368059295,355.28759617378364,60.7137995490625,355.287250528125,60.71399466790836,355.2860787647104,60.713997,355.28946,0.0011878976655615666,0.002217498536362851,0.0033804645337214773,0.0033804645337214773,0.8729209341329078,True
CP_001038,6294,6294,75,69,3600,3647,3312,3359,496,133,220,60.973950461197944,355.3052277100535,60.973620384,355.30491752335007,60.97357203352937,355.30378928845107,60.97466,355.30698,0.001129270452695059,0.0023059248892668836,0.003367281094925287,0.003367281094925287,0.8728780308523435,True
CP_001039,10442,10442,125,67,6000,6047,3216,3263,7201,280,214,60.57948233503569,355.27030225152134,60.57992574728251,355.2698486141501,60.57893141407456,355.2689328962734,60.57959,355.27213,0.00135175358631917,0.0023012768840385326,0.0032595420756570135,0.0032595420756570135,0.8728485672291033,True
CP_001040,13767,13761,165,72,7920,7967,3456,3503,12533,397,229,60.265662975835994,355.3561450483732,60.265178635,355.35612639014994,60.26609373977362,355.354520669032,60.265717,355.3578,0.0018481766839956225,0.001746593364053595,0.0032891158837657576,0.0032891158837657576,0.8728374773052409,True
CP_001041,13770,13764,165,75,7920,7967,3600,3647,12543,397,238,60.26572598410269,355.407701164266,60.26524621149999,355.40786059995,60.26595578865962,355.4059716526135,60.265976,355.40927,0.002017826004781628,0.0015882151698744468,0.0032996492289341967,0.0032996492289341967,0.8724332545934441,True
CP_001042,14345,14338,172,69,8256,8303,3312,3359,13469,418,220,60.20987441173946,355.30458763003406,60.20998216,355.30436054495004,60.21059947975939,355.3031889662459,60.20904,355.3062,0.001324265964726985,0.002077896851408572,0.0034020692869989643,0.0034020692869989643,0.8724212326233316,True
CP_001043,10696,10696,128,72,6144,6191,3456,3503,7578,289,229,60.556602454127436,355.3567970858244,60.5564662616625,355.35681160075,60.55749393275104,355.35530328953564,60.555847,355.35828,0.0018251330323046239,0.001590225681483006,0.003398679886689246,0.003398679886689246,0.8723410189104235,True
CP_001044,11366,11363,136,78,6528,6575,3744,3791,8679,312,247,60.49393303468602,355.4602047267831,60.493596263,355.460842440375,60.49362734056979,355.4583154411462,60.494576,355.46146,0.0025271903208222957,0.0011557371063115652,0.003280852664930545,0.003280852664930545,0.871942090537563,True
CP_001045,13764,13758,165,69,7920,7967,3312,3359,12523,397,220,60.26559187200356,355.3045811414293,60.2650905865,355.3043993247749,60.26623169088762,355.3030696854506,60.265453,355.30627,0.0017521586561050407,0.0019098557377905828,0.0032978959540214885,0.0032978959540214885,0.8717774212257675,True
CP_001046,11522,11519,138,68,6624,6671,3264,3311,8916,318,217,60.47780716568519,355.2874760081657,60.47761623,355.28721724375,60.478212798793855,355.2859346577004,60.477592,355.28928,0.0014145392537322204,0.002059016410666844,0.003398558610754595,0.003398558610754595,0.8716165889261467,True
CP_001047,11779,11774,141,76,6768,6815,3648,3695,9348,327,241,60.45409947334024,355.4254680750139,60.4542042864225,355.42594037895003,60.45398875640095,355.42352292812285,60.454105,355.42694,0.002427039697250196,0.001005416014799789,0.003419978800637363,0.003419978800637363,0.8715948335834411,True
CP_001048,11363,11360,136,75,6528,6575,3600,3647,8669,312,238,60.493879187085554,355.4083592114063,60.4935496351025,355.40874913155005,60.49377182507996,355.40650794602834,60.494316,355.40982,0.0022521724909106335,0.0013173540945833212,0.0033570262773084955,0.0033570262773084955,0.8714552607486132,True
CP_001049,12103,12098,145,68,6960,7007,3264,3311,9862,339,217,60.422092114982604,355.28753113193443,60.422512942,355.287199749375,60.42257886315291,355.2861480409596,60.421185,355.28925,0.0010537723613382563,0.0024392989924774387,0.003396916765999467,0.003396916765999467,0.8714136889273171,True
CP_001050,6383,6383,76,75,3648,3695,3600,3647,651,136,238,60.96610765355965,355.40990010287686,60.9658992308025,355.410572337525,60.965310235003386,355.40817826407425,60.967113,355.41095,0.002465462175550472,0.001271552192106791,0.003306454630177763,0.003306454630177763,0.8706259546498403,True
CP_001051,12525,12520,150,75,7200,7247,3600,3647,10561,353,238,60.38334167083451,355.40812651568467,60.3833353305,355.408311826175,60.38251152038245,355.4065218224415,60.38418,355.40955,0.0019704762053217627,0.0014944225131231232,0.0034529304435362,0.0034529304435362,0.8703655049310339,True
CP_001052,10531,10531,126,73,6048,6095,3504,3551,7311,283,232,60.572542442600366,355.37403364967673,60.5722346285,355.37425340575004,60.573340697347966,355.37232874445203,60.572052,355.37552,0.0022198444559212056,0.0012785038512613898,0.0034405207081346116,0.0034405207081346116,0.8702576284568523,True
CP_001053,9537,9537,114,75,5472,5519,3600,3647,5741,248,238,60.66631971712665,355.4088249660756,60.666749345,355.409412465925,60.66596148484675,355.4068451471456,60.66625,355.41022,0.002685488658751098,0.0009480287491660974,0.0033843152996793466,0.0033843152996793466,0.8699731499090515,True
CP_001054,12776,12771,153,77,7344,7391,3696,3743,10928,362,244,60.360382159513726,355.44244364000315,60.35975191616249,355.442812262375,60.36122610534744,355.4406710013843,60.36017,355.44385,0.002599660051490897,0.001116040667586877,0.0033480973845471727,0.0033480973845471727,0.8698513063978484,True
CP_001055,14590,14583,175,65,8400,8447,3120,3167,13861,426,208,60.18678975502875,355.2358300068077,60.186215978,355.23553919995004,60.18693938938119,355.2343104396137,60.187214,355.23764,0.0014258948034862697,0.002326113701334936,0.003341236824826228,0.003341236824826228,0.8695689730690792,True
CP_001056,13773,13767,165,78,7920,7967,3744,3791,12553,397,247,60.265779705950365,355.45925931803373,60.2652935581375,355.459600923375,60.26581783754561,355.45742263619496,60.266228,355.46075,0.002240491896077657,0.0014843039258088787,0.0033568763776857555,0.0033568763776857555,0.8695181427842744,True
CP_001057,9121,9121,109,74,5232,5279,3552,3599,5062,233,235,60.70609798775153,355.39159960527485,60.706094765,355.39207842755,60.70574778223897,355.38965398202447,60.70645,355.39307,0.0024491494733486626,0.0010503817680071544,0.0034842129077643042,0.0034842129077643042,0.8691505367889447,True
CP_001058,7212,7212,86,74,4128,4175,3552,3599,1954,166,235,60.88737910892072,355.39227473251316,60.887156681,355.39269240115004,60.88853655396528,355.3906686616238,60.886444,355.39346,0.002449402186323455,0.0010496731294068241,0.0034910568695678467,0.0034910568695678467,0.8689851368141753,True
CP_001059,11360,11357,136,72,6528,6575,3456,3503,8659,312,229,60.493817288517675,355.3565059341868,60.493482669,355.356663054775,60.49391630959012,355.35470045091046,60.494053,355.35815,0.0020099398226367405,0.0015965436185504075,0.0034565452876455546,0.0034565452876455546,0.8685053247940218,True
CP_001060,9953,9953,119,76,5712,5759,3648,3695,6421,262,241,60.62742961298011,355.42776092872947,60.6274044236175,355.42669606115,60.626161270791584,355.42918804339774,60.628723,355.4274,0.002784852684027721,0.0014942223402946478,0.0031249020073960397,0.0031249020073960397,0.8683890120110694,True
CP_001061,14183,14176,170,73,8160,8207,3504,3551,13212,412,232,60.22588639379526,355.37317839811436,60.2258445665,355.373257426375,60.22631260072559,355.3714303558588,60.225502,355.37485,0.0018860654038071808,0.0016264675653183077,0.0035118832553948393,0.0035118832553948393,0.8682962565010605,True
CP_001062,8708,8708,104,76,4992,5039,3648,3695,4393,219,241,60.745038064521886,355.4265088365601,60.7454949115,355.42720826514994,60.745383289634034,355.4246143871086,60.744236,355.4277,0.0025962786318832363,0.0013529556240637977,0.003295620986595169,0.003295620986595169,0.8682440471357828,True
CP_001063,7704,7704,92,68,4416,4463,3264,3311,2790,183,217,60.839508116831816,355.2878176735396,60.8397594764375,355.287278303125,60.83850913675326,355.2866239362439,60.840256,355.28955,0.0014112212232748474,0.0023260334642777342,0.0034083772056245237,0.0034083772056245237,0.8680748862649796,True
CP_001064,9283,9283,111,70,5328,5375,3360,3407,5319,239,223,60.69009691478461,355.32219998688,60.69024743799999,355.32217575455,60.69005230903937,355.3204495967149,60.68999,355.32397,0.001737151744358829,0.0018170416909266368,0.003525545827431164,0.003525545827431164,0.8674339363731526,True
CP_001065,14186,14179,170,76,8160,8207,3648,3695,13222,412,241,60.22594760057721,355.42469427238393,60.225905599,355.42493309355007,60.22617578915742,355.4228191571955,60.22576,355.42633,0.002131133414975448,0.0014048913910966062,0.00353577456428713,0.00353577456428713,0.8674053258169211,True
CP_001066,10280,10280,123,71,5904,5951,3408,3455,6944,274,226,60.595494673608954,355.33949180378227,60.59580235850001,355.33948940075004,60.59463139987568,355.3378910398937,60.59605,355.3411,0.0019813887874410917,0.0016245957168638146,0.0035040467519384102,0.0035040467519384102,0.8673240248977283,True
CP_001067,13761,13755,165,66,7920,7967,3168,3215,12513,397,211,60.26551821053505,355.2530293334032,60.264983421,355.252678038575,60.26636964200164,355.25161870186906,60.2652,355.2548,0.001744649799245143,0.002124451029634001,0.0033807571741325667,0.0033807571741325667,0.8671173102856965,True
CP_001068,11776,11771,141,73,6768,6815,3504,3551,9338,327,232,60.45404063838283,355.373665313927,60.454143836,355.37391315075,60.45413210136528,355.3717776152497,60.453846,355.3753,0.0021355677406157034,0.0014235354596577473,0.0035391453781929215,0.0035391453781929215,0.8670325755417587,True
CP_001069,8368,8368,100,68,4800,4847,3264,3311,3826,207,217,60.77671408850035,355.2877552575144,60.7767827055,355.28726744875,60.77757602118269,355.2864780601212,60.775784,355.28952,0.0011191443962539533,0.002464449051989173,0.003531004881052246,0.003531004881052246,0.8669299598706548,True
CP_001070,8203,8203,98,69,4704,4751,3312,3359,3559,201,220,60.79265630886331,355.30504753809265,60.79255888476251,355.30478494775,60.793421669024674,355.3035644536374,60.79199,355.3068,0.0014946580083548696,0.00208772909430401,0.0035325945670257207,0.0035325945670257207,0.866905297041121,True
CP_001071,11938,11933,143,69,6864,6911,3312,3359,9595,333,220,60.438032263644665,355.3046938495683,60.4382877550625,355.304541319375,60.438427291486754,355.3030827097986,60.43738,355.30646,0.0014652686818559086,0.002119593920296082,0.0035330595061441746,0.0035330595061441746,0.8668627298194959,True
CP_001072,11106,11106,133,67,6384,6431,3216,3263,8237,303,214,60.51758247761293,355.2702320059146,60.5169450229625,355.26986443137497,60.51799921773763,355.26873685980644,60.517803,355.2721,0.0015436140275568813,0.002389701018631388,0.0033635836821629887,0.0033635836821629887,0.8667439698685719,True
CP_001073,14342,14335,172,66,8256,8303,3168,3215,13459,418,211,60.2097989268363,355.25311327459093,60.2098749342575,355.25272352620004,60.21073583550921,355.25182503780707,60.208786,355.2548,0.0012443602201592874,0.0023369374233026363,0.003549688624307484,0.003549688624307484,0.8664915638490388,True
CP_001074,6958,6958,83,69,3984,4031,3312,3359,1577,157,220,60.910272872552405,355.3050707389809,60.910641732,355.304876264125,60.90999011807909,355.3034206696143,60.910187,355.30692,0.0015947902939255766,0.0020891604596148944,0.0035001421629257874,0.0035001421629257874,0.8664470615075994,True
CP_001075,14180,14173,170,70,8160,8207,3360,3407,13202,412,223,60.22581985191238,355.32167492162085,60.225763714,355.32158843494994,60.22644941229375,355.32004155452205,60.225246,355.3234,0.0016920464557033015,0.0018789489349577534,0.003562479183348749,0.003562479183348749,0.8663005780330182,True
CP_001076,7377,7377,88,73,4224,4271,3504,3551,2221,172,232,60.87143945864634,355.374892229494,60.8713905225,355.375077868125,60.87269241032379,355.3735001875445,60.870235,355.3761,0.002045479875202808,0.001541482705822705,0.003576116004097034,0.003576116004097034,0.8657600676347552,True
CP_001077,14593,14586,175,68,8400,8447,3264,3311,13871,426,217,60.18686815792691,355.2872790762353,60.186331274,355.28713767000005,60.18680371735886,355.2856370587057,60.18747,355.28906,0.0015732250265436368,0.0022361773052115203,0.0034895402533854872,0.0034895402533854872,0.8651439645184233,True
CP_001078,12767,12762,153,68,7344,7391,3264,3311,10943,362,217,60.35930906334016,355.2873334967281,60.35952968000001,355.28718241875,60.35899962183688,355.2856335011219,60.359398,355.28918,0.0016371033794286233,0.0020064844784303715,0.0035733329651046184,0.0035733329651046184,0.865121827649147,True
CP_001079,7374,7374,88,70,4224,4271,3360,3407,2256,172,223,60.870494128577214,355.32248407275756,60.871310955,355.32240010575,60.870199201727736,355.3208638801008,60.869972,355.3242,0.0018963081457552945,0.0022337377391635775,0.003332091681237826,0.003332091681237826,0.8650721344075685,True
CP_001080,13522,13516,162,76,7776,7823,3648,3695,12141,389,241,60.288725288920965,355.42511152623683,60.288882253142496,355.42520847435003,60.28974936313212,355.4236429500636,60.287544,355.42648,0.0017896217548729577,0.0018479881140250588,0.003595731060402793,0.003595731060402793,0.8646366001287049,True
CP_001081,10366,10366,124,74,5952,5999,3552,3599,7044,277,235,60.588479655999784,355.39128980690975,60.5880025730025,355.391708549575,60.58918718845389,355.38936912310726,60.58825,355.3928,0.0026222566551957534,0.0011109217041386406,0.0035488267839535997,0.0035488267839535997,0.8646146009094801,True
CP_001082,12351,12346,148,67,7104,7151,3216,3263,10264,347,214,60.39908155521408,355.2701467898423,60.398855422862496,355.26988391975,60.39878444541648,355.26852275837047,60.399605,355.27203,0.0013630106745514347,0.0022766379414611874,0.0036054997016194902,0.0036054997016194902,0.864366899759355,True
CP_001083,9870,9870,118,76,5664,5711,3648,3695,6240,260,241,60.63538096391065,355.4263653838454,60.6352790565625,355.42672707375,60.6367695968882,355.4249703961455,60.634094,355.4274,0.0023038286977546335,0.0013619293367711932,0.0036130477607642653,0.0036130477607642653,0.8638518305493205,True
CP_001084,12528,12523,150,78,7200,7247,3744,3791,10571,353,247,60.38339416445959,355.45983663462266,60.3833823351375,355.460234091125,60.38237022660064,355.4581552072741,60.38443,355.46112,0.0023121681937012654,0.001372357866961114,0.003610536151950944,0.003610536151950944,0.8636800204429467,True
CP_001085,13513,13507,162,67,7776,7823,3216,3263,12156,388,214,60.28853962196516,355.27027559827303,60.288639111802496,355.26991207555,60.28751671088008,355.2689420630192,60.289463,355.27197,0.0014834783923365358,0.00221920161099956,0.003601764134457619,0.003601764134457619,0.8636723965968583,True
CP_001086,10277,10277,123,68,5904,5951,3264,3311,6934,274,217,60.595428718722324,355.2875151255262,60.5957088925,355.287251684375,60.59477877123531,355.2859260164225,60.5958,355.28937,0.0016194199848664236,0.002117887574693565,0.003589547389303594,0.003589547389303594,0.8635449707729104,True
CP_001087,12770,12765,153,71,7344,7391,3408,3455,10953,362,226,60.35937740424941,355.33901384723384,60.359623542762506,355.33905268775004,60.358859011782585,355.3372295766077,60.35965,355.34076,0.0019769273776868283,0.0017067894004814772,0.0036171686508240553,0.0036171686508240553,0.8635243240022947,True
CP_001088,8867,8867,106,69,5088,5135,3312,3359,4640,224,220,60.729872350575725,355.3048701653078,60.7295783280825,355.30474052015,60.72984081715054,355.30313779803896,60.730198,355.30673,0.0016240747138201496,0.002085803763910524,0.003612073946380506,0.003612073946380506,0.863324670368854,True
CP_001089,6129,6129,73,70,3504,3551,3360,3407,229,128,223,60.98899803400578,355.3226174162507,60.989399854,355.32254371675,60.98941599484351,355.3209677116895,60.98818,355.32434,0.0015760877125036113,0.0021729909785674134,0.003593030228579981,0.003593030228579981,0.8633107606471128,True
CP_001090,12354,12349,148,70,7104,7151,3360,3407,10274,347,223,60.39915333396547,355.3218672353045,60.398956924,355.3218122913749,60.398642695816335,355.32018101610106,60.39986,355.3236,0.001661264088108812,0.0020105315423530803,0.003637266764625695,0.003637266764625695,0.863170885503584,True
CP_001091,9699,9699,116,71,5568,5615,3408,3455,5998,254,226,60.650320233733225,355.33948893940254,60.65091190049999,355.339568645175,60.65026471256491,355.3377116495951,60.649784,355.3412,0.0019665413311258676,0.0019721792016460953,0.0035079549688245507,0.0035079549688245507,0.8630671191197368,True
CP_001092,8038,8038,96,70,4608,4655,3360,3407,3292,195,223,60.80859857978677,355.32237182522766,60.80833548919751,355.322322507525,60.80926704337568,355.32066577089245,60.808193,355.32413,0.0019006760524647075,0.0018102898509145936,0.0036241685330403155,0.0036241685330403155,0.8630087128817509,True
CP_001093,8454,8454,101,71,4848,4895,3408,3455,3971,210,226,60.76882204848989,355.33971047873115,60.7690058110225,355.33977744595,60.76947785153702,355.33801487891526,60.767982,355.34134,0.0018246821091129797,0.0018670830669080703,0.00364508552230913,0.00364508552230913,0.8627257972420086,True
CP_001094,6380,6380,76,72,3648,3695,3456,3503,641,136,229,60.96605441854507,355.3574498947983,60.96583328865749,355.357738539925,60.96546824212421,355.35563287298567,60.96686,355.35898,0.00213707562589265,0.0016107809747600435,0.003624015070614077,0.003624015070614077,0.8625514157264893,True
CP_001095,14177,14170,170,67,8160,8207,3216,3263,13192,412,214,60.22574635686283,355.27017348655244,60.225662002,355.2699255678,60.22658622386191,355.26865275318534,60.22499,355.27194,0.00157297269311924,0.002125325896664853,0.003655857144986689,0.003655857144986689,0.8623748390030315,True
CP_001096,10947,10947,131,74,6288,6335,3552,3599,7990,298,235,60.53276369438476,355.3912098682825,60.5328939996825,355.391516708975,60.53355580539562,355.3894432181381,60.53184,355.39267,0.002176545669770566,0.0015612686317486044,0.003653716663257652,0.003653716663257652,0.8619344046495692,True
CP_001097,7209,7209,86,71,4128,4175,3408,3455,1989,166,226,60.886436072388,355.3398384440531,60.8870835155,355.33998687772504,60.88604382397847,355.3380062376373,60.88618,355.34152,0.0022369384473456683,0.001781016869541422,0.0035186493387912923,0.0035186493387912923,0.861809325069129,True
CP_001098,7463,7463,89,76,4272,4319,3648,3695,2366,175,241,60.86353567117872,355.42696828046854,60.863576964,355.42772821915,60.86459184763185,355.4251675890525,60.86244,355.428,0.0027544174125683617,0.0011728749477399115,0.003565388447428092,0.003565388447428092,0.8617741343104444,True
CP_001099,12773,12768,153,74,7344,7391,3552,3599,10963,362,235,60.359441751127655,355.39068613854676,60.3596977940375,355.39092929675,60.35871840172827,355.3888256520935,60.35991,355.3923,0.002320459035692752,0.0013903149347486584,0.003675983753625339,0.003675983753625339,0.8617157315288488,True
CP_001100,7206,7206,86,68,4128,4175,3264,3311,1980,166,217,60.886365297992064,355.2892322852171,60.8869904365,355.28728824312503,60.8861839792047,355.29082731369806,60.88592,355.28958,0.003629792540903765,0.0025299755239512325,0.0012733655390494065,0.003629792540903765,0.861713423189898,True
CP_001101,11357,11354,136,69,6528,6575,3312,3359,8649,312,220,60.493752299681205,355.30466511821004,60.49339498799999,355.30458384415,60.49406079410028,355.30289295579263,60.4938,355.30652,0.0018172510008889306,0.001976877735875537,0.0036348864593430375,0.0036348864593430375,0.8617012293068682,True
CP_001102,13192,13186,158,78,7584,7631,3744,3791,11607,377,247,60.32060069993616,355.45945921618295,60.32039878500001,355.45989303874995,60.32144558165415,355.4575471097989,60.319958,355.46094,0.002568884169934671,0.0011337663046036312,0.0037024909013083965,0.0037024909013083965,0.8611545965355614,True
CP_001103,7787,7787,93,68,4464,4511,3264,3311,2880,186,217,60.832433509051214,355.2876602928932,60.83188949843751,355.287273203125,60.83321193203643,355.2861568943046,60.8322,355.28955,0.0017305998977172196,0.002298524132376331,0.003541793903934053,0.003541793903934053,0.8610911020254792,True
CP_001104,11773,11768,141,70,6768,6815,3360,3407,9328,327,223,60.45397642479867,355.3218646811734,60.454063435,355.32189230755,60.45427544632961,355.3200323023765,60.45359,355.32367,0.0018720491578412095,0.001839006700996218,0.0037010838230169527,0.0037010838230169527,0.8610847061891084,True
CP_001105,8289,8289,99,72,4752,4799,3456,3503,3704,204,229,60.78476021920273,355.35702724108154,60.78477404347751,355.35731673072496,60.78532311193343,355.35512241439466,60.784184,355.35864,0.002261968241757753,0.0014514166637690181,0.003700035545664709,0.003700035545664709,0.8610818000392977,True
CP_001106,13599,13593,163,70,7824,7871,3360,3407,12256,391,223,60.281535429721494,355.32168854975885,60.2808669261625,355.32166393575,60.28208119039456,355.31994590297967,60.28166,355.32346,0.0021038237153250482,0.001958797137094147,0.003535306942624059,0.003535306942624059,0.8608345657791586,True
CP_001107,13602,13596,163,73,7824,7871,3504,3551,12266,391,232,60.28160393756033,355.37326964041864,60.2809476425,355.37341767937505,60.28194278346223,355.37142175945905,60.28192,355.37497,0.002230247036939331,0.0018320126909146654,0.003547787485400072,0.003547787485400072,0.8605270662668232,True
CP_001108,9864,9864,118,70,5664,5711,3360,3407,6265,259,223,60.63527274835934,355.32223256529625,60.6351390145,355.32211409437497,60.63441824424991,355.3206700272951,60.63626,355.3239,0.001613951512478294,0.0021206009740849384,0.0037304550678012188,0.0037304550678012188,0.8600567172229291,True
CP_001109,10782,10782,129,75,6192,6239,3600,3647,7723,292,238,60.548703113080336,355.40846026419405,60.5486607711425,355.40896327435,60.54940245603796,355.406474891279,60.548046,355.40994,0.002596564420969779,0.0011562600521714528,0.0037235547116483045,0.0037235547116483045,0.860000826294527,True
CP_001110,6793,6793,81,70,3888,3935,3360,3407,1310,151,223,60.92621407195197,355.32242985726447,60.9264160335,355.3224685715501,60.92583458079341,355.3205717326651,60.92639,355.32425,0.001983956906184679,0.0017808636286592097,0.003719480497839362,0.003719480497839362,0.8599527308684674,True
CP_001111,12357,12352,148,73,7104,7151,3504,3551,10284,347,232,60.39921809683768,355.3735900893501,60.3990373775,355.37374788875,60.398500946216174,355.3718392738316,60.400116,355.37518,0.0019825663744462677,0.0017953277976628414,0.0037134218039044137,0.0037134218039044137,0.8599407777510257,True
CP_001112,9867,9867,118,73,5664,5711,3504,3551,6275,259,232,60.635335138963114,355.3742619711599,60.6352191125,355.37441729375,60.63426973334443,355.37269723301097,60.636517,355.37567,0.001964670386360531,0.0018044799389341107,0.003727448179366018,0.003727448179366018,0.8596994164496665,True
CP_001113,9118,9118,109,71,5232,5279,3408,3455,5052,233,226,60.70603718630368,355.33947466500393,60.70602119798251,355.3396615881501,60.70589834432696,355.337514848268,60.706192,355.34125,0.0021502523438219003,0.0015951430182941588,0.0037442448879633394,0.0037442448879633394,0.8595764357744657,True
CP_001114,8705,8705,104,73,4992,5039,3504,3551,4383,218,232,60.74587745922015,355.374340794541,60.7454352465,355.37472430275,60.74553499126787,355.3724130711075,60.746662,355.3759,0.0023133829609717927,0.0016889369949404038,0.003650318077668635,0.003650318077668635,0.8587130486093817,True
CP_001115,9534,9534,114,72,5472,5519,3456,3503,5731,248,229,60.66625957393692,355.3567607974134,60.666682707,355.35705472395,60.666110907388905,355.35476819563394,60.665985,355.35846,0.0023569400788743737,0.001568427269308435,0.0036934200528991093,0.0036934200528991093,0.8585974068252373,True
CP_001116,6215,6215,74,73,3552,3599,3504,3551,374,131,232,60.9810981647528,355.37484579472385,60.981605481,355.375392690125,60.98131181599278,355.37283243818734,60.980377,355.3763,0.002577038827955253,0.0015343669938944586,0.0036031435158381422,0.0036031435158381422,0.858528839330925,True
CP_001117,14596,14589,175,71,8400,8447,3408,3455,13881,426,226,60.18693948495923,355.3387303928378,60.1864253424025,355.33874288157506,60.18666804533654,355.3369636777977,60.187725,355.34048,0.001795681150848698,0.00217323126636847,0.0036761832150231056,0.0036761832150231056,0.8584840144092079,True
CP_001118,14018,14011,168,74,8064,8111,3552,3599,12945,406,235,60.24182745926414,355.3903041285644,60.241609911000005,355.39053031875,60.24216180395061,355.3883227407715,60.24171,355.39206,0.002275518921038041,0.0015323232784851966,0.003763721397002058,0.003763721397002058,0.8583089375809081,True
CP_001119,11935,11930,143,66,6864,6911,3168,3215,9585,333,211,60.43795904493357,355.2529226261651,60.4381807945,355.25255331375,60.438570180632745,355.2513622698234,60.437126,355.25485,0.0012530790858879494,0.002529341625306123,0.0037769659430125376,0.0037769659430125376,0.8582955925347606,True
CP_001120,7873,7873,94,71,4512,4559,3408,3455,3025,189,226,60.824537589537535,355.33969490375785,60.824110213,355.339872035325,60.82511214423566,355.33778201188613,60.82439,355.34143,0.002317771381321581,0.001583614432796411,0.003719349543057346,0.003719349543057346,0.8582489387470915,True
CP_001121,14015,14008,168,71,8064,8111,3408,3455,12935,406,226,60.24176190058828,355.33877349905396,60.24153536700001,355.33883525875,60.24229907133711,355.33690906653686,60.24145,355.34058,0.002072066783791137,0.0017429434642679213,0.003763833127570692,0.003763833127570692,0.8582165437099945,True
CP_001122,11611,11608,139,74,6672,6719,3552,3599,9071,321,235,60.469981416822044,355.3908716081537,60.46991009710249,355.39130021257506,60.46997952689879,355.38876700446417,60.470055,355.39255,0.0025341593931110028,0.001255739877697722,0.003781348789601735,0.003781348789601735,0.8580925393748476,True
CP_001123,9280,9280,111,67,5328,5375,3216,3263,5310,239,214,60.690023009812414,355.2718416426713,60.6901462121575,355.2697918867749,60.69018740468207,355.27354676194227,60.689735,355.2722,0.0037551011100424333,0.002429376839371347,0.0014336003183580404,0.0037551011100424333,0.8578352577773217,True
CP_001124,13605,13599,163,76,7824,7871,3648,3695,12276,391,241,60.281662021422726,355.42485280220336,60.281008531000005,355.425177636375,60.28180437652989,355.4228976159384,60.282173,355.42648,0.002414925112466529,0.0017494942568071182,0.0036044533791305348,0.0036044533791305348,0.857833423405816,True
CP_001125,9861,9861,118,67,5664,5711,3216,3263,6255,259,214,60.63520203318981,355.2702051606827,60.6350377575,355.26981689875,60.634566755155376,355.26864282157914,60.636,355.27216,0.0012650298066610056,0.002529673323987609,0.003794666072298354,0.003794666072298354,0.8576995590594335,True
CP_001126,14021,14014,168,77,8064,8111,3696,3743,12955,406,244,60.24188505506172,355.44182690409053,60.24166438106249,355.442232334375,60.2420245365641,355.4397364150061,60.241966,355.4435,0.0025217703069935404,0.0013147518851576079,0.0037759978067304976,0.0037759978067304976,0.8576435274298482,True
CP_001127,13596,13590,163,67,7824,7871,3216,3263,12246,391,214,60.28146377089244,355.2701198927084,60.2807653127625,355.269916975375,60.28221959732692,355.2684700465003,60.281406,355.27197,0.0020514742900662733,0.002153327662961603,0.003595769840020032,0.003595769840020032,0.8575457295866508,True
CP_001128,7044,7044,84,72,4032,4079,3456,3503,1722,160,229,60.90237632063605,355.35720471601144,60.90285507750001,355.35759442794995,60.90188817273821,355.3551635189125,60.902386,355.35886,0.0026161467020745224,0.0013462451285049448,0.0037260498194922726,0.0037260498194922726,0.8573188566304499,True
CP_001129,7539,7539,90,69,4320,4367,3312,3359,2523,177,220,60.855448522192596,355.30515122909264,60.85553450399999,355.30483247535,60.85435430598599,355.303736446303,60.856457,355.3069,0.0016106355963170576,0.002249987825737187,0.003785790948160866,0.003785790948160866,0.8570974335203002,True
CP_001130,13183,13177,158,69,7584,7631,3312,3359,11622,377,220,60.31953048898952,355.3044894310154,60.320196222162494,355.30443834575004,60.31921570989396,355.3026944980774,60.31918,355.30634,0.0020006021628690223,0.0021523602245150414,0.0036411308467154814,0.0036411308467154814,0.8570596989898123,True
CP_001131,10693,10693,128,69,6144,6191,3312,3359,7568,289,220,60.556535560029744,355.3048699348066,60.55637867099999,355.30463391175,60.55764024053456,355.3033963028262,60.555588,355.30658,0.001767267251681084,0.0021002832957793963,0.003787605769406546,0.003787605769406546,0.8569654739215804,True
CP_001132,10858,10858,130,68,6240,6287,3264,3311,7835,295,217,60.54059054483378,355.2876609604998,60.540599768,355.28723507875,60.5417927466283,355.2864106445463,60.53938,355.28934,0.0014501343950604905,0.0024307858558908564,0.0037934254041885355,0.0037934254041885355,0.8566528617583948,True
CP_001133,13428,13422,161,65,7728,7775,3120,3167,12015,385,208,60.29644246774645,355.23726406130686,60.2964337275,355.2353996656,60.2955456532784,355.2387521374611,60.297348,355.23764,0.0034681037185301817,0.002420070277711799,0.0021176726403469904,0.0034681037185301817,0.8565756205610106,True
CP_001134,12192,12187,146,74,7008,7055,3552,3599,10017,342,235,60.41426389282196,355.3907813833509,60.4148076197825,355.39111357915004,60.41434880477712,355.3888050337931,60.413635,355.39243,0.0023536977023702645,0.0017594531635847144,0.003690148927663998,0.003690148927663998,0.8563318909839628,True
CP_001135,13180,13174,158,66,7584,7631,3168,3215,11612,377,211,60.31945609469924,355.25287163564343,60.3200891535,355.2526325247501,60.31935518040242,355.25116060483634,60.318924,355.25482,0.0016447689018335104,0.0024800253345740367,0.003686481197634296,0.003686481197634296,0.8562780421040482,True
CP_001136,14012,14005,168,68,8064,8111,3264,3311,12925,406,217,60.241691126644845,355.2872448345435,60.2414413625,355.28714609375004,60.24243633872361,355.2854953923022,60.241196,355.2891,0.0019273798160749206,0.001962364114168719,0.0038055413403277716,0.0038055413403277716,0.8562396673637602,True
CP_001137,7622,7622,91,69,4368,4415,3312,3359,2613,180,220,60.84837331960593,355.3049828844236,60.847662696,355.30482748815,60.84905714685101,355.30326691707387,60.8484,355.30685,0.002092815151791298,0.0021567438157945123,0.0036470033030819447,0.0036470033030819447,0.8557054303281288,True
CP_001138,10528,10528,126,70,6048,6095,3360,3407,7301,283,223,60.572476913097205,355.3220891739681,60.5721544905,355.322048615575,60.57348746094982,355.32039688484474,60.57179,355.32382,0.0021225043287081565,0.0018107200097261641,0.0038232252520733487,0.0038232252520733487,0.8552540644677373,True
CP_001139,13189,13183,158,75,7584,7631,3600,3647,11597,377,238,60.32054502745752,355.4078234823323,60.3203516205,355.408068065375,60.321585128132334,355.40600907107483,60.3197,355.4094,0.002400208034143304,0.0014775176330750677,0.0038746702933511474,0.0038746702933511474,0.8546616718259916,True
CP_001140,10115,10115,121,72,5808,5855,3456,3503,6677,268,229,60.61143514040172,355.3567427664588,60.61157229704251,355.35693642277505,60.61047802772711,355.3549239566795,60.612255,355.35837,0.002290730259186901,0.001586000974938106,0.0038754168820054335,0.0038754168820054335,0.8546554375233015,True
CP_001141,10941,10941,131,68,6288,6335,3264,3311,7970,297,217,60.5335271958769,355.28742451012204,60.532726508,355.28723250875,60.53384705350764,355.2857038634129,60.534008,355.28934,0.0018953571698481443,0.002464109985433211,0.003636858976596429,0.003636858976596429,0.8545851861440723,True
CP_001142,11354,11351,136,66,6528,6575,3168,3215,8640,312,211,60.493674806962,355.2545428826861,60.4932880585,355.25251014295003,60.49419083015944,355.2562662101865,60.493546,355.25485,0.0038630347854811216,0.002356261568478689,0.001554209058544924,0.0038630347854811216,0.8545432475251769,True
CP_001143,11195,11192,134,73,6432,6479,3504,3551,8392,306,232,60.50975802484482,355.373732358161,60.509252778,355.37407128275,60.509763575587215,355.3716985456392,60.510258,355.37543,0.0024270961192113237,0.0016877638806751002,0.0037613011999142226,0.0037613011999142226,0.8545317200035643,True
CP_001144,12360,12355,148,76,7104,7151,3648,3695,10294,347,241,60.39927878517475,355.42532510913014,60.399097978,355.42568946575,60.39835919661604,355.42349753156213,60.40038,355.4268,0.002313087421003776,0.0016878932737645013,0.0038613069566438775,0.0038613069566438775,0.8534550673992995,True
CP_001145,14602,14595,175,77,8400,8447,3696,3743,13901,427,244,60.18616860308964,355.4416494073189,60.18655460358249,355.441971930975,60.1863967012919,355.43961691598173,60.185555,355.44336,0.0023603026822641288,0.0017103214049612723,0.003836052022243774,0.003836052022243774,0.8532158983535882,True
CP_001146,12599,12594,151,66,7248,7295,3168,3215,10666,356,211,60.375177874565814,355.2527773808945,60.3752006835,355.25259050395005,60.374989617443546,355.2509198613896,60.375343,355.25482,0.0016839226362701954,0.0022358280153464342,0.003917914695318271,0.003917914695318271,0.8530552494718353,True
CP_001147,14599,14592,175,74,8400,8447,3552,3599,13891,427,235,60.18610915567907,355.39019381469967,60.1864999887425,355.39035389134995,60.18653237331422,355.3882902968897,60.185295,355.39194,0.0020638485547329697,0.0019896703369450533,0.0038511222593230346,0.0038511222593230346,0.8530529573709489,True
CP_001148,11770,11765,141,67,6768,6815,3216,3263,9318,327,214,60.45390521121451,355.27007658808753,60.453962034,355.269878565775,60.45441879129393,355.2682869895033,60.453335,355.27206,0.0016558207192406851,0.0022738619692463883,0.003929682688454565,0.003929682688454565,0.8526368991825474,True
CP_001149,12602,12597,151,69,7248,7295,3312,3359,10676,356,220,60.37525426643955,355.30447282343283,60.375307710882495,355.30448117615003,60.3748485515709,355.3025408097733,60.375607,355.3064,0.001993953096093761,0.0019384794465203638,0.003929474308440592,0.003929474308440592,0.8526077355063085,True
CP_001150,11608,11605,139,71,6672,6719,3408,3455,9061,321,226,60.46991693467832,355.3390539013592,60.469836064,355.33925302015007,60.470123327681456,355.33699681869314,60.46979,355.3409,0.0022744154055358307,0.0016594459265864506,0.003929091142360886,0.003929091142360886,0.8525994547894493,True
CP_001151,9696,9696,116,68,5568,5615,3264,3311,5988,254,217,60.65024973770496,355.2874341293636,60.6508184745,355.28724462375,60.65041367928871,355.2856595709813,60.649517,355.2894,0.0016359252558145437,0.002516255852881301,0.003844635827110809,0.003844635827110809,0.8519818404635318,True
CP_001152,10112,10112,121,69,5808,5855,3312,3359,6667,268,220,60.61137006037461,355.30474910476187,60.6114848145,355.30467262897497,60.610625854905074,355.3029340603105,60.612,355.30664,0.0019391834845440944,0.0020341881873417126,0.003952917256794229,0.003952917256794229,0.8515099226815717,True
CP_001153,13024,13019,156,76,7488,7535,3648,3695,11330,371,241,60.33648604563236,355.42499360773735,60.3361178715,355.42541693495,60.33743328297519,355.4229586636527,60.335907,355.4266,0.002788082696094261,0.0012068581183382263,0.003953100073327812,0.003953100073327812,0.8512357379863987,True
CP_001154,14009,14002,168,65,8064,8111,3120,3167,12915,406,208,60.24161328470142,355.23572866443396,60.24132615399999,355.23546389437496,60.24257360611012,355.2340817180676,60.24094,355.23764,0.001861866835101174,0.002210460527800232,0.003915666316033197,0.003915666316033197,0.8512042500629025,True
CP_001155,8702,8702,104,70,4992,5039,3360,3407,4373,218,223,60.745816213359156,355.32216458166255,60.745355392,355.32224634535,60.7456866929017,355.3202117551064,60.746407,355.32404,0.0020613873354341605,0.002075219405799391,0.0038910579572942585,0.0038910579572942585,0.8510159668022241,True
CP_001156,5970,5970,71,77,3408,3455,3696,3743,28,122,244,61.00415924255077,355.4467060665961,61.005298756642496,355.44598661935,61.00227708502348,355.44839183434465,61.0049,355.44574,0.0038620666156531083,0.00046738926214564056,0.003731374034470607,0.0038620666156531083,0.8509637934009693,True
CP_001157,12605,12600,151,72,7248,7295,3456,3503,10686,356,229,60.37531918662859,355.35617025763776,60.375395582,355.35637782335,60.37470748569825,355.35416175815703,60.375854,355.35797,0.002320435618564981,0.0016581376067463082,0.003978367198564309,0.003978367198564309,0.8508086547195013,True
CP_001158,6628,6628,79,71,3792,3839,3408,3455,1043,145,226,60.942154164249615,355.3398116300453,60.94219110188249,355.34008340115,60.94167877001675,355.33773771945465,60.942593,355.3416,0.0024009803324200095,0.0015821646131825788,0.003982321878128274,0.003982321878128274,0.8506526412267608,True
CP_001159,10363,10363,124,71,5952,5999,3408,3455,7034,277,226,60.58842020629917,355.3393281468184,60.5879287745,355.33947707915,60.58933440787408,355.337412390602,60.587997,355.3411,0.002497747782006048,0.0016193478783409021,0.003917765765515005,0.003917765765515005,0.8505921601077882,True
CP_001160,7708,7708,92,72,4416,4463,3456,3503,2758,183,229,60.84047980162018,355.3570407858687,60.8398795585,355.35744453255,60.84095697160466,355.35491317661865,60.840603,355.35876,0.00275110556854699,0.0015052881326857602,0.003867715055392847,0.003867715055392847,0.8501022023497695,True
CP_001161,11192,11189,134,70,6432,6479,3360,3407,8382,306,223,60.50969565428115,355.32186423410053,60.509172496000005,355.32196553835,60.50990851591571,355.31986617762345,60.510006,355.32376,0.0022246439662432817,0.0019794647151842246,0.003896027262168016,0.003896027262168016,0.8500479599279558,True
CP_001162,6377,6377,76,69,3648,3695,3312,3359,631,136,220,60.96599035999574,355.30499179213547,60.96574632,355.30491157615,60.96562624924504,355.3030874818971,60.9666,355.30698,0.0018280418019698864,0.002233694126827493,0.004008533578418401,0.004008533578418401,0.8490149614295727,True
CP_001163,12186,12181,146,68,7008,7055,3264,3311,9997,341,217,60.415027532153914,355.2872937122517,60.4146397495,355.28719675875004,60.41463321561408,355.2854387725363,60.41581,355.28925,0.001757998355925995,0.0023593211765763717,0.003984461187404243,0.003984461187404243,0.8489219761586143,True
CP_001164,8953,8953,107,72,5136,5183,3456,3503,4785,227,229,60.72197916420142,355.3567719148335,60.7217927211975,355.35716969555,60.72174410612355,355.3545950235598,60.7224,355.35855,0.002575130925322376,0.001509194533498908,0.004010114763401042,0.004010114763401042,0.848693062679708,True
CP_001165,10944,10944,131,71,6288,6335,3408,3455,7980,298,226,60.5326998663055,355.3393161368231,60.5328201055,355.33937145172507,60.53370142945164,355.3375735407755,60.531578,355.341,0.0020023025970839882,0.002050848847565713,0.004033948258373101,0.004033948258373101,0.8484869004825513,True
CP_001166,12608,12603,151,75,7248,7295,3600,3647,10696,356,238,60.37538106997573,355.4078597319917,60.3754628985,355.408281108575,60.374566419825626,355.4057827065408,60.376114,355.40952,0.002654371251024947,0.001395428282010777,0.004040733406950291,0.004040733406950291,0.8483591706632961,True
CP_001167,10525,10525,126,67,6048,6095,3216,3263,7336,283,214,60.57152400771924,355.2700689384034,60.5720531902425,355.26985048135003,60.57098562979023,355.2682310897195,60.571533,355.27213,0.0019396171200193736,0.0023334378834296977,0.003932464267157179,0.003932464267157179,0.8482752057779572,True
CP_001168,13850,13844,166,72,7968,8015,3456,3503,12668,400,229,60.257704273767196,355.3558834506666,60.257308267,355.35610128134994,60.25814845688947,355.35379150229045,60.257656,355.35776,0.002457844249341256,0.0016924162174905858,0.003996510717868641,0.003996510717868641,0.8482089762178859,True
CP_001169,13015,13010,156,67,7488,7535,3216,3263,11345,371,214,60.33540410462272,355.26997994222626,60.3358749895,355.26990231777506,60.3352047254912,355.2680343350756,60.335133,355.272,0.0019845939652846025,0.0022281696508283286,0.0039694940851649,0.0039694940851649,0.8481031026694659,True
CP_001170,13018,13013,156,70,7488,7535,3360,3407,11355,371,223,60.33547777731847,355.32162485701537,60.3359765345,355.32173410655,60.33506479916441,355.31959310121465,60.335392,355.32355,0.0023270507446701656,0.001905146333735265,0.003967776173097913,0.003967776173097913,0.8479031321924844,True
CP_001171,10779,10779,129,72,6192,6239,3456,3503,7713,292,229,60.54864179028718,355.35653920193425,60.54859393700001,355.35679141517494,60.54954853591231,355.3545803410185,60.547783,355.35825,0.0024083413397232994,0.001665281917867316,0.004068590744526643,0.004068590744526643,0.8473649406669512,True
CP_001172,14434,14427,173,75,8304,8351,3600,3647,13624,421,238,60.20204869466767,355.4073050401273,60.20226440896249,355.40762249175,60.20238173607566,355.4051739762882,60.2015,355.40912,0.0024513248699400227,0.0016801520465918988,0.004042033563416499,0.004042033563416499,0.8473056994579384,True
CP_001173,14431,14424,173,72,8304,8351,3456,3503,13614,421,229,60.201986314554794,355.35582445322444,60.2021967255,355.35598485975,60.20251786391632,355.3538224842983,60.201244,355.35767,0.002186091827097994,0.001932173925313719,0.004049019626351086,0.004049019626351086,0.8472961874360765,True
CP_001174,14437,14430,173,78,8304,8351,3744,3791,13634,421,247,60.20210690377039,355.4587776863791,60.20231195,355.459266819375,60.202245608235,355.4565254682781,60.201763,355.46054,0.0027421537277006478,0.0013871308664345093,0.004044183826042026,0.004044183826042026,0.8472793469222599,True
CP_001175,12189,12184,146,71,7008,7055,3408,3455,10007,341,226,60.41509657242002,355.33903133461325,60.41473349100001,355.339151788175,60.4144910101956,355.33712190316464,60.416065,355.34082,0.002044316535125066,0.002134822023116833,0.004019496949792851,0.004019496949792851,0.8472733442771551,True
CP_001176,9531,9531,114,69,5472,5519,3312,3359,5721,248,220,60.666193783012126,355.3046888930835,60.6665953110975,355.30470429255,60.66626032993106,355.30269124412223,60.665726,355.30667,0.002040729368258743,0.0021505135588226437,0.004015645940575533,0.004015645940575533,0.8472183148970942,True
CP_001177,13847,13841,166,69,7968,8015,3312,3359,12658,400,220,60.25763563709654,355.30433790573187,60.2572202185,355.30438634797497,60.25828618009432,355.302352955158,60.2574,355.30627,0.0022958572404558923,0.001896654830945156,0.0040202296801466674,0.0040202296801466674,0.8470878571038203,True
CP_001178,7457,7457,89,70,4272,4319,3360,3407,2346,174,223,60.86431504304192,355.3223236891179,60.863438091000006,355.32239097135,60.86490208817458,355.32039186358185,60.864605,355.3242,0.002477845757066331,0.002142826911449317,0.00380797945022659,0.00380797945022659,0.8470421053878896,True
CP_001179,13434,13428,161,71,7728,7775,3408,3455,11989,385,226,60.2974787202416,355.33881508793564,60.29664273772251,355.33894049495007,60.29793041641051,355.3368370442475,60.297863,355.34067,0.002466297074909376,0.0021147998508970786,0.00383127343302491,0.00383127343302491,0.8469544526017967,True
CP_001180,9115,9115,109,68,5232,5279,3264,3311,5042,233,217,60.705969768888316,355.28736188371744,60.70592778306249,355.28725070812504,60.70604890641495,355.2853757145116,60.705933,355.28946,0.0018789017848224985,0.0022085256811682874,0.004085169495331674,0.004085169495331674,0.8467779192918233,True
CP_001181,13186,13180,158,72,7584,7631,3456,3503,11587,377,229,60.32048387622382,355.35620023913253,60.3202842050375,355.356250046375,60.32172467461052,355.3544710323507,60.319443,355.35788,0.002289070442216209,0.0018340172511753185,0.004101924114075548,0.004101924114075548,0.8459133009807173,True
CP_001182,14428,14421,173,69,8304,8351,3312,3359,13604,421,220,60.20191582653032,355.30434624807157,60.202108533,355.304354373,60.202653991756975,355.3024709923084,60.200985,355.3062,0.0019607774185886164,0.0021721719210348526,0.004097699561739886,0.004097699561739886,0.8458956442112094,True
CP_001183,12024,12019,144,72,6912,6959,3456,3503,9740,336,229,60.43014268616006,355.3562179776859,60.4305045042225,355.35651347495,60.43033905108386,355.35407771396706,60.429585,355.35806,0.0024413738565006783,0.0018018426553142216,0.0040558362926498585,0.0040558362926498585,0.8455638862860673,True
CP_001184,11605,11602,139,68,6672,6719,3264,3311,9051,321,217,60.46984847003362,355.28723843990633,60.469742454000006,355.28721256375,60.47026712846412,355.2852266329221,60.469536,355.28928,0.0020540702389535443,0.0020738783536292283,0.004114993459384957,0.004114993459384957,0.8455258061080914,True
CP_001185,5967,5967,71,74,3408,3455,3552,3599,17,122,235,61.004113665381624,355.3924400527499,61.00524644678249,355.39308481915003,61.002452062790105,355.3905280637092,61.004642,355.3937,0.003787555977286995,0.0008673060053925806,0.003860743874007496,0.003860743874007496,0.8452956283663179,True
CP_001186,13021,13016,156,73,7488,7535,3504,3551,11320,371,232,60.336425998426506,355.3733429326457,60.336057127,355.37357201075,60.33757328527171,355.3713957520307,60.335648,355.37506,0.002652326887524298,0.001544318608276836,0.004140365877499572,0.004140365877499572,0.8440327843649965,True
CP_001187,13844,13838,166,66,7968,8015,3168,3215,12648,400,211,60.25755810096104,355.25279431998865,60.257113101,355.252677292175,60.258423903299146,355.2509144080254,60.257137,355.2548,0.002196807500089806,0.0021141060752123157,0.004084768183007924,0.004084768183007924,0.8439943757335253,True
CP_001188,8451,8451,101,68,4848,4895,3264,3311,3961,210,217,60.768755283298155,355.28751102947035,60.7689125295,355.28726708875,60.76963023689836,355.2857762535673,60.767723,355.2895,0.0016545976706435514,0.0025209100467635777,0.004174597087603648,0.004174597087603648,0.8434412263423197,True
CP_001189,11189,11186,134,67,6432,6479,3216,3263,8372,306,214,60.50962116676195,355.2699980214484,60.5090711219225,355.269865528175,60.51005345624422,355.2680338096077,60.50974,355.2721,0.0020785027374119573,0.0023270759664243256,0.004073079698426166,0.004073079698426166,0.8431032737413924,True
CP_001190,14425,14418,173,66,8304,8351,3168,3215,13594,421,211,60.201840259404946,355.25286993608535,60.2020012885,355.25272956575003,60.20279011959764,355.2511195003185,60.20073,355.25476,0.001792920855581178,0.0023965504569418497,0.004183937232997514,0.004183937232997514,0.8430331777685243,True
CP_001191,8286,8286,99,69,4752,4799,3312,3359,3694,204,220,60.78469816369778,355.3048105365298,60.7846868058025,355.30477948055,60.78547595311311,355.3028589161488,60.78393,355.3068,0.002076372099829588,0.002150640397303246,0.004226500816268782,0.004226500816268782,0.84149982337912,True
CP_001192,7460,7460,89,73,4272,4319,3504,3551,2356,175,232,60.86347859983297,355.3746448397515,60.8635176585,355.37505616012504,60.864746967903216,355.3727797263171,60.86217,355.3761,0.00258715142400739,0.0017028717650149827,0.004201173552185116,0.004201173552185116,0.8413453713325924,True
CP_001193,9366,9366,112,70,5376,5423,3360,3407,5454,242,223,60.682138417923944,355.3219503176496,60.68237419,355.32216902015,60.68210670708238,355.3197378410019,60.681934,355.32394,0.0024458493742379513,0.001828751676036205,0.0042097803277994575,0.0042097803277994575,0.8413229786765866,True
CP_001194,14266,14259,171,73,8208,8255,3504,3551,13347,415,232,60.21792777718008,355.3729271974657,60.217970549,355.37323796575004,60.2183674090051,355.3706962145376,60.217445,355.37485,0.002572546809996814,0.0016929639253285434,0.004252362953445654,0.004252362953445654,0.8403720419722917,True
CP_001195,9950,9950,119,73,5712,5759,3504,3551,6410,262,232,60.62737753248907,355.3740037105733,60.6273444702625,355.374398465375,60.62632438208753,355.3719717972041,60.628464,355.37564,0.002632356035284234,0.0016722270531099208,0.004247230044179516,0.004247230044179516,0.8400119602905852,True
CP_001196,7041,7041,84,69,4032,4079,3312,3359,1712,160,220,60.90231290694718,355.30483370971456,60.902768052000006,355.304868226525,60.90204435658569,355.3027176194155,60.902126,355.30692,0.002269106871037521,0.0021452904098663503,0.004198463767368152,0.004198463767368152,0.8398584398044977,True
CP_001197,12434,12429,149,67,7152,7199,3216,3263,10399,350,214,60.391122027122805,355.2699117530794,60.3909830098225,355.26988434695,60.39083872950491,355.2678172208819,60.391544,355.27203,0.0020721551562076193,0.002221435448350026,0.004275103827247824,0.004275103827247824,0.8394525217618338,True
CP_001198,14263,14256,171,70,8208,8255,3360,3407,13337,415,223,60.21785988226173,355.32143183853015,60.21788968,355.32158089055,60.21850399266409,355.3193198496498,60.217186,355.3234,0.002343007896232104,0.0019456053502620127,0.004282778615925003,0.004282778615925003,0.8393228690206985,True
CP_001199,10360,10360,124,68,5952,5999,3264,3311,7069,277,217,60.587468800311036,355.2872801263634,60.5878353085,355.28725222437504,60.586833055323744,355.28522047893387,60.587738,355.28937,0.0022655023652678775,0.0021176865621420934,0.0042447890080989596,0.0042447890080989596,0.8390904132049014,True
CP_001200,12021,12016,144,69,6912,6959,3312,3359,9730,336,220,60.430073243961054,355.30445306717394,60.4304167305,355.30453197155003,60.43048171232067,355.30236971044064,60.42932,355.30646,0.0021632373291434344,0.0022153390194178386,0.004249325275775638,0.004249325275775638,0.839034663748593,True
CP_001201,9947,9947,119,70,5712,5759,3360,3407,6400,262,223,60.627313798762316,355.32198261916756,60.6272643855,355.32210777292494,60.62647266508383,355.31995702793705,60.628204,355.32388,0.00229183882947648,0.0020087701348456164,0.004290969488184277,0.004290969488184277,0.8389681507413669,True
CP_001202,12437,12432,149,70,7152,7199,3360,3407,10409,350,223,60.39119516308966,355.32162403945864,60.39108454,355.321800677775,60.39069720781392,355.3194630421635,60.391804,355.3236,0.0023695076439300537,0.0019455345606302606,0.004290500592890343,0.004290500592890343,0.8387994576207375,True
CP_001203,12850,12845,154,68,7392,7439,3264,3311,11078,365,217,60.35135081473669,355.2870965443721,60.351657199562496,355.28718207375005,60.351053997088975,355.2849229890537,60.35134,355.28918,0.0023382294346944586,0.0020272686431282556,0.004271251298805959,0.004271251298805959,0.8386499915570671,True
CP_001204,12853,12848,154,71,7392,7439,3408,3455,11088,365,226,60.351419230507325,355.3387585896687,60.35175105900001,355.33904038115,60.35091361494384,355.33650662809055,60.351593,355.34073,0.002668560869389875,0.00169575925196857,0.0042764452318684865,0.0042764452318684865,0.8385348676863074,True
CP_001205,8121,8121,97,70,4656,4703,3360,3407,3427,198,223,60.80063773524065,355.3221214114939,60.8004628731175,355.322311052325,60.80132139583685,355.31995650246915,60.80013,355.3241,0.002506185604325572,0.0018165843122436441,0.0043084830313237284,0.0043084830313237284,0.8382533002597916,True
CP_001206,8950,8950,107,69,5136,5183,3312,3359,4775,227,220,60.721913909007164,355.30463178919655,60.7217053371225,355.30473217295,60.72189512402987,355.3024310169054,60.72214,355.30673,0.0023089690798820243,0.002046961897439313,0.004308198031846934,0.004308198031846934,0.83784591198731,True
CP_001207,7870,7870,94,68,4512,4559,3264,3311,3015,189,217,60.82447393096037,355.2874268321318,60.8240170265625,355.28727338374995,60.82526612496118,355.2854563313955,60.82414,355.28955,0.002204977566419674,0.0022806423506516824,0.0042468504668531915,0.0042468504668531915,0.8377584893652783,True
CP_001208,7123,7123,85,68,4080,4127,3264,3311,1845,163,217,60.894323191225475,355.28946654618676,60.8948616685,355.287290463125,60.89412978627994,355.29152787660706,60.89398,355.28958,0.004300154020754975,0.0024553183338818386,0.0019524774120738995,0.004300154020754975,0.8373987026566789,True
CP_001209,11440,11437,137,69,6576,6623,3312,3359,8784,315,220,60.48579423482055,355.30441523137966,60.485523036,355.30457645695003,60.48611519214329,355.3021812000796,60.485744,355.3065,0.002467367903949949,0.0019243634064790352,0.0043227624760100265,0.0043227624760100265,0.837034296719387,True
CP_001210,14260,14253,171,67,8208,8255,3216,3263,13327,415,214,60.21778630488998,355.26993862959466,60.21778794894252,355.26993026535007,60.21864057632309,355.267943484762,60.21693,355.27194,0.002162006141360003,0.002187016832261284,0.004349019704287427,0.004349019704287427,0.8369117202225482,True
CP_001211,11027,11027,132,71,6336,6383,3408,3455,8115,300,226,60.52563815688409,355.339072720029,60.524947721500006,355.339360418925,60.52575596424016,355.33685432319305,60.52621,355.341,0.002633205678414121,0.0020723839028218482,0.004173948885810457,0.004173948885810457,0.8368314080892889,True
CP_001212,6212,6212,74,70,3552,3599,3360,3407,364,130,223,60.98193447345193,355.3223803122878,60.98152598200001,355.32253794235,60.98147027893194,355.3202621742009,60.982807,355.32434,0.002276449757906018,0.00221173790016826,0.00429215604952266,0.00429215604952266,0.836593753036005,True
CP_001213,13350,13344,160,70,7680,7727,3360,3407,11941,383,223,60.30275389493977,355.3222686001589,60.3044871370775,355.32169249317496,60.300620556042574,355.3216269791768,60.303154,355.3235,0.0038671360182456205,0.0022349766056057397,0.0031425268077589596,0.0038671360182456205,0.8361028068768008,True
CP_001214,13682,13676,164,70,7872,7919,3360,3407,12391,394,223,60.273575551833886,355.3214459912164,60.2729931902425,355.32165672135,60.274135747974,355.31922544175234,60.273598,355.32346,0.002686365323591742,0.0018979396417241226,0.00426444570371541,0.00426444570371541,0.8360850453406664,True
CP_001215,9782,9782,117,71,5616,5663,3408,3455,6133,257,226,60.64235961610978,355.33923616702896,60.6430398284425,355.339557575925,60.64231920177159,355.3369949193025,60.64172,355.34116,0.002662050293226965,0.002073018456043401,0.0042040340271095825,0.0042040340271095825,0.8357107899563809,True
CP_001216,8537,8537,102,71,4896,4943,3408,3455,4106,213,226,60.760863911315674,355.3394681510052,60.7611335965,355.33976470577505,60.76153229516186,355.3373006359124,60.759926,355.34134,0.0024961171669083734,0.0019842941034588796,0.004346259832127669,0.004346259832127669,0.8353383633172177,True
CP_001217,9944,9944,119,67,5712,5759,3216,3263,6390,262,214,60.62724173605731,355.269973672188,60.6271631285,355.26982299617504,60.62662094808014,355.26794225867013,60.62794,355.27216,0.0019573280690879467,0.0024590819207130094,0.004415483262924739,0.004415483262924739,0.8344077935543696,True
CP_001218,13679,13673,164,67,7872,7919,3216,3263,12381,394,214,60.27350252242934,355.26988553004895,60.27289150772249,355.269921912175,60.27427392699717,355.2677620217219,60.273342,355.27197,0.002564412178310892,0.002099669977136515,0.004312503215837186,0.004312503215837186,0.8338863926609779,True
CP_001219,6876,6876,82,70,3936,3983,3360,3407,1445,154,223,60.91825497713766,355.32219217875326,60.9185448975,355.32246231715,60.91788888767276,355.31986495153154,60.91833,355.32425,0.002678928339709385,0.0017996892603121817,0.004406565537561718,0.004406565537561718,0.8338531415606873,True
CP_001220,10776,10776,129,69,6192,6239,3312,3359,7703,292,220,60.54857607984052,355.3046203025245,60.54850631050249,355.30462604455,60.549694615786656,355.302685790758,60.547527,355.30655,0.0022752261922047447,0.002157885828744298,0.0044296889697480095,0.0044296889697480095,0.8338438754944368,True
CP_001221,11856,11851,142,70,6816,6863,3360,3407,9463,330,223,60.44601713542098,355.32162247955085,60.4461915329825,355.32188243297503,60.44632993553628,355.31931557208384,60.44553,355.32367,0.0025705894463387644,0.001905539154866145,0.00442674897807971,0.00442674897807971,0.8333796680329458,True
CP_001222,13352,13346,160,72,7680,7727,3456,3503,11948,383,229,60.30279738009899,355.3572493689409,60.304543188282494,355.35621859414994,60.300523298938295,355.3576803915789,60.303326,355.35785,0.004277424699863755,0.002034947196645723,0.0028074291377078275,0.004277424699863755,0.8325346783239868,True
CP_001223,9197,9197,110,67,5280,5327,3216,3263,5175,236,214,60.69798283693157,355.27207335804104,60.69801943111749,355.269786469975,60.69813321175731,355.27424732485133,60.697796,355.2722,0.0044623057113906805,0.002410200258233076,0.002088470646708815,0.0044623057113906805,0.8322089709034595,True
CP_001224,11024,11024,132,68,6336,6383,3264,3311,8105,300,217,60.52556895662834,355.28717910388485,60.524854124,355.28723358875004,60.52590136038698,355.2849970822794,60.52595,355.2893,0.0024695475786915824,0.0023455333873906425,0.004309848680155474,0.004309848680155474,0.8320652709200853,True
CP_001225,7705,7705,92,69,4416,4463,3312,3359,2748,183,220,60.84041575749677,355.30474527240904,60.839792389,355.30481894595,60.84111140814851,355.30256262323013,60.840343,355.30685,0.002613580633971501,0.0021085897613567148,0.004359789486124021,0.004359789486124021,0.8319781329052969,True
CP_001226,12018,12013,144,66,6912,6959,3168,3215,9720,336,211,60.43000121936683,355.2526900033288,60.4303097655,355.25255600815,60.43062437355751,355.2506617069144,60.42907,355.25485,0.001920248786245807,0.002609816892585148,0.004469742767740961,0.004469742767740961,0.831630609821089,True
CP_001227,5964,5964,71,71,3408,3455,3408,3455,7,122,226,61.004055899215096,355.3399398709498,61.005173477000014,355.340189654725,61.002611133487065,355.33792463585894,61.004383,355.3417,0.0034199290551121765,0.001709375381744635,0.004175333461935021,0.004175333461935021,0.8315003579909144,True
CP_001228,13437,13431,161,74,7728,7775,3552,3599,11999,386,235,60.296648528596904,355.390402912502,60.296717173000005,355.390720084975,60.29779155365984,355.3883377736248,60.295437,355.39215,0.0026133696966567435,0.0019199934576098951,0.004481557565417231,0.004481557565417231,0.8312940214362362,True
CP_001229,14508,14501,174,66,8352,8399,3168,3215,13729,423,211,60.19477598728533,355.25263596172243,60.19412909649999,355.25273318015,60.19484440368607,355.25041396282984,60.195354,355.25476,0.002427021497363839,0.002369077376431563,0.004376602555759419,0.004376602555759419,0.830633700183572,True
CP_001230,14095,14088,169,68,8112,8159,3264,3311,13060,409,217,60.233731898982064,355.28700709517415,60.233569714,355.287145875,60.23449075955753,355.28478239294424,60.233135,355.2891,0.0025366064627896697,0.0019950304034760734,0.004518734672379699,0.004518734672379699,0.8303861723621857,True
CP_001231,10611,10611,127,70,6096,6143,3360,3407,7436,286,223,60.564520040496234,355.32184745249214,60.56428225499999,355.32203769415,60.565541904574665,355.3196826418419,60.563736,355.32382,0.0026707655129244224,0.0018660815019269183,0.004516181209603386,0.004516181209603386,0.8303848820742736,True
CP_001232,13263,13257,159,66,7632,7679,3168,3215,11747,380,211,60.311498504659774,355.25262991785104,60.3122187855,355.25264093915,60.31140941890901,355.25045755463753,60.310867,355.2548,0.002328570850960149,0.0025397570628812416,0.004367480128441933,0.004367480128441933,0.8299588978659342,True
CP_001233,13266,13260,159,69,7632,7679,3312,3359,11757,380,220,60.311572964599776,355.30424975306613,60.3123258232025,355.30443479855,60.311270176309726,355.30197901142964,60.311123,355.30634,0.002673065794698759,0.002249335666387112,0.004358926726224908,0.004358926726224908,0.8294968135808038,True
CP_001234,10195,10195,122,69,5856,5903,3312,3359,6802,271,220,60.603412428320006,355.30450090382806,60.6036142065,355.304667812175,60.60268020736625,355.3022247918872,60.603943,355.3066,0.0026154736680715188,0.001969906404165722,0.004563475871216649,0.004563475871216649,0.8285958523166183,True
CP_001235,8534,8534,102,68,4896,4943,3264,3311,4096,212,217,60.76169352020663,355.28727697395243,60.761040303562496,355.28726672875,60.76168445261404,355.2850744470134,60.762356,355.2895,0.0022849567202086,0.0025830889799062138,0.0044660473852770445,0.0044660473852770445,0.8274982441166386,True
CP_001236,13431,13425,161,68,7728,7775,3264,3311,12024,385,217,60.29652441530525,355.2871400514834,60.2965488935625,355.28716703875,60.29542074517552,355.28509906296586,60.297604,355.28915,0.0023556830488957437,0.002249587825416691,0.004605195820322081,0.004605195820322081,0.8273042185630426,True
CP_001237,12682,12677,152,66,7296,7343,3168,3215,10801,359,211,60.367218307863624,355.25254567465146,60.367328223,355.2525971917749,60.36704383315922,355.25021805483567,60.367283,355.25482,0.0023960739047713545,0.002225047882795815,0.00460992389468507,0.00460992389468507,0.8269878802882836,True
CP_001238,14092,14085,169,65,8112,8159,3120,3167,13050,409,208,60.23365270281733,355.23549898712264,60.2334544854425,355.23547542534993,60.23462779903488,355.2333811551586,60.232876,355.23764,0.00240054835825596,0.0022409554775337072,0.004605477193719239,0.004605477193719239,0.8268442722096482,True
CP_001239,12269,12264,147,68,7056,7103,3264,3311,10132,344,217,60.4070686040993,355.2870466769179,60.406765253500005,355.28719543875,60.40668756807525,355.28472950411293,60.407753,355.2892,0.0024671580126947347,0.002248245420803653,0.004610378210550245,0.004610378210550245,0.825798001817514,True
CP_001240,11853,11848,142,67,6816,6863,3216,3263,9453,330,214,60.44594583487293,355.26984255206463,60.446090099,355.26988075155,60.44647305259144,355.2675826956596,60.445274,355.27206,0.002329745550161938,0.002330864187321738,0.004639056189045688,0.004639056189045688,0.8257659735553118,True
CP_001241,13358,13352,160,78,7680,7727,3744,3791,11833,383,247,60.305561639024354,355.4607112130525,60.304657846000005,355.4598129933749,60.30819024856331,355.4614441809389,60.303837,355.46088,0.003890840621013231,0.0013435219151879134,0.0043902870029558245,0.0043902870029558245,0.8248132932235901,True
CP_001242,6460,6460,77,69,3696,3743,3312,3359,766,139,220,60.9580319616668,355.3047556792176,60.957873549922496,355.30490504395,60.95768046496071,355.30238567534326,60.95854,355.30698,0.0025267568104249518,0.002176425868624943,0.004670762480047009,0.004670762480047009,0.8244411545107011,True
CP_001243,9779,9779,117,68,5616,5663,3264,3311,6123,256,217,60.643188034119895,355.2871997230823,60.6429463815,355.28724569875,60.64246794058623,355.28495527713767,60.64415,355.2894,0.0023398583012938035,0.0024660498071526946,0.004750588309521692,0.004750588309521692,0.8211614409063764,True
CP_001244,11271,11268,135,66,6480,6527,3168,3215,8550,309,211,60.50075007274261,355.25469687853257,60.5011600105,355.25250508855,60.499488034876265,355.25673325212585,60.501602,355.25485,0.004546742758361983,0.002388490171091022,0.0028297666656103408,0.004546742758361983,0.8211032205821834,True
CP_001245,13098,13093,157,67,7536,7583,3216,3263,11480,374,214,60.32744387380841,355.26974391411505,60.3280004455,355.269901014575,60.32725903237055,355.2673275539421,60.327072,355.272,0.0026781323823935805,0.0022980030520395136,0.004679353454071127,0.004679353454071127,0.8208144707178082,True
CP_001246,9198,9198,110,68,5280,5327,3264,3311,5177,236,217,60.69801167697384,355.28712762573446,60.69805590943749,355.287250984375,60.69810314492155,355.2846726643128,60.697876,355.28946,0.0025787527090262124,0.002215562687900232,0.004791951828985131,0.004791951828985131,0.8202722618137912,True
CP_001247,13927,13920,167,66,8016,8063,3168,3215,12783,403,211,60.24959977085188,355.2525615449074,60.24924048999999,355.252683260775,60.25047816459666,355.25021011418164,60.24908,355.2548,0.0027655546422625157,0.0021140496744221434,0.0047895636193703035,0.0047895636193703035,0.8192658555571843,True
CP_001248,11272,11269,135,67,6480,6527,3216,3263,8507,309,214,60.50166371798074,355.26976403237376,60.501197363,355.26986661114995,60.50210769475082,355.2673307594088,60.501686,355.2721,0.002694299157393628,0.0022810871145179023,0.004782585951828484,0.004782585951828484,0.8182430228053938,True
CP_001249,14520,14513,174,78,8352,8399,3744,3791,13769,424,247,60.19414522610649,355.4585111292843,60.194439806000005,355.459222431375,60.1943008039601,355.4557701849937,60.193695,355.46054,0.0034550436530239423,0.0015141515107041147,0.004808888757606006,0.004808888757606006,0.8176628415132492,True
CP_001250,13356,13350,160,76,7680,7727,3648,3695,11826,383,241,60.305528408512195,355.4257247214825,60.3046285845025,355.42527842955,60.308287665204006,355.4253820630224,60.30367,355.4265,0.0036605479749233596,0.0015641842620408228,0.00475529495699857,0.00475529495699857,0.8158084731129834,True
CP_001251,10608,10608,127,67,6096,6143,3216,3263,7426,286,214,60.564448650688284,355.26991340879135,60.56418094929749,355.26985176355,60.56568844026735,355.2677632186835,60.563477,355.27213,0.0025757617676073694,0.0023800997366738496,0.004890773900539584,0.004890773900539584,0.8157823836829952,True
CP_001252,7953,7953,95,68,4560,4607,3264,3311,3150,192,217,60.816515331726954,355.28719399116216,60.8161436765625,355.28727542375,60.81732031788594,355.2847557684865,60.816082,355.28955,0.002780853726974497,0.002276193238926833,0.0049523304387837,0.0049523304387837,0.8129786519566409,True
CP_001253,7040,7040,84,68,4032,4079,3264,3311,1710,160,217,60.90228311252465,355.2897114617658,60.90273517000001,355.287294129375,60.90207559335519,355.29222843951607,60.90204,355.2896,0.00497819826024849,0.002420107199518791,0.0026168849640910235,0.00497819826024849,0.812582641448665,True
CP_001254,10027,10027,120,67,5760,5807,3216,3263,6525,265,214,60.6192824188239,355.26974211681835,60.6192876245,355.26982889297494,60.6186751410049,355.2672416957612,60.619884,355.27216,0.0026587074781997968,0.0024022006015525705,0.005060688842996706,0.005060688842996706,0.8102214279281778,True
CP_001255,13355,13349,160,75,7680,7727,3600,3647,11823,383,238,60.30550838216854,355.4091006115161,60.304610678822506,355.40801217195,60.30832941519287,355.40992686962966,60.303585,355.40936,0.004182710532262251,0.001695902859743081,0.004777777719145734,0.004777777719145734,0.80707288962129,True
CP_001256,12612,12607,151,79,7248,7295,3792,3839,10664,356,249,60.37632777927998,355.4744007012584,60.3755215240825,355.47749570597495,60.377031302282816,355.4731417005344,60.37643,355.47256,0.004608339569759536,0.005014090642420185,0.0008329960188584176,0.005014090642420185,0.8066310390817709,True
CP_001257,12280,12275,147,79,7056,7103,3792,3839,10169,345,249,60.406384430143305,355.4754176598424,60.407011882645,355.47768565695,60.40616225129079,355.4759110725771,60.40598,355.47266,0.0019674915843502895,0.005134341006507657,0.00325996836073493,0.005134341006507657,0.8062982255237434,True
CP_001258,13262,13256,159,65,7632,7679,3120,3167,11745,379,208,60.312359979779025,355.2377239528295,60.31217755349999,355.23537821435,60.31143726742888,355.24015326327907,60.313465,355.23764,0.004832092273734711,0.0026029254136254467,0.0032290490317668018,0.004832092273734711,0.8062980125892292,True
CP_001259,12529,12524,150,79,7200,7247,3792,3839,10529,353,249,60.38428575176661,355.4746784164791,60.383393996642496,355.4775430507749,60.38497610655772,355.47389698381875,60.384487,355.4726,0.003974528403797221,0.00506715593355622,0.0013905678431396892,0.00506715593355622,0.806257398574383,True
CP_001260,12363,12358,148,79,7104,7151,3792,3839,10304,348,249,60.398426212374176,355.4751400331549,60.39913867423749,355.47763857775,60.39821744701589,355.47515578929267,60.397923,355.47263,0.0026481877043735944,0.0051582612826870265,0.0025471890685194406,0.0051582612826870265,0.8061012582716613,True
CP_001261,9114,9114,109,67,5232,5279,3216,3263,5040,233,214,60.70593840746847,355.2723053389274,60.705891324422495,355.269781849725,60.70607901883255,355.2749478877603,60.705845,355.2722,0.005169446602241041,0.0024048781111264115,0.002771516317089487,0.005169446602241041,0.8060589045912753,True
CP_001262,12197,12192,146,79,7008,7055,3792,3839,10034,342,249,60.41434305614995,355.4756949198632,60.41488631576501,355.47773163615005,60.414107055565694,355.4766663558614,60.414036,355.4727,0.0013198744453841635,0.005116061070296833,0.0039802262084946355,0.005116061070296833,0.8058472150690942,True
CP_001263,11699,11695,140,79,6720,6767,3792,3839,9223,324,249,60.462100491366805,355.4756262232931,60.4621165212425,355.47801703377496,60.461790238502445,355.4760222806355,60.462395,355.47284,0.002021262109135979,0.005185146483052431,0.0032398153765374133,0.005185146483052431,0.8046078693527718,True
CP_001264,11616,11613,139,79,6672,6719,3792,3839,9088,321,249,60.47005956451617,355.4759022962906,60.46998845830251,355.47806069555,60.46973506556827,355.476776320275,60.470455,355.47287,0.0013091324321270234,0.00521176148408565,0.003972263822387401,0.00521176148408565,0.8036885097164285,True
CP_001265,12114,12109,145,79,6960,7007,3792,3839,9899,339,249,60.42230378699309,355.475972776359,60.422759434,355.477779404775,60.42205185984059,355.4774216391458,60.4221,355.47272,0.0007928792067453731,0.005104881946947578,0.004704600982294623,0.005104881946947578,0.8036594489633107,True
CP_001266,11533,11530,138,79,6624,6671,3792,3839,8953,318,249,60.47801796059977,355.4761804217631,60.4778621788625,355.47811051475,60.477679892634086,355.47753035991445,60.47851,355.4729,0.0006081183292015646,0.005250468017838208,0.004704115499080859,0.005250468017838208,0.8023353767005146,True
CP_001267,13346,13340,160,66,7680,7727,3168,3215,11928,382,211,60.3035498047989,355.25403701307465,60.304348207500006,355.2526491375999,60.3008011763791,355.2546706418584,60.3055,355.2548,0.004082635085304446,0.002432156170279083,0.004700401992830367,0.004700401992830367,0.8010550594844466,True
CP_001268,13353,13347,160,73,7680,7727,3504,3551,11816,383,232,60.30546932931562,355.3741157610294,60.304567765,355.373482531375,60.30842683183357,355.37386475171326,60.303413,355.375,0.003877949098809344,0.0019066436736518,0.005140367353450593,0.005140367353450593,0.7991834065079708,True
CP_001269,13357,13351,160,77,7680,7727,3696,3743,11829,383,244,60.305547804128345,355.4423592012499,60.304644598,355.442545278975,60.30824591521513,355.4408372564152,60.303753,355.4437,0.003985828238742267,0.0014550403540840554,0.005324873922528092,0.005324873922528092,0.7988672945264688,True
CP_001270,11188,11185,134,66,6432,6479,3168,3215,8415,306,211,60.508708812881856,355.2549287147023,60.5090337832175,355.25250003415,60.5074338419515,355.2574338150349,60.50966,355.25485,0.005186714362203675,0.00243388445980937,0.00340804113551396,0.005186714362203675,0.7973080710033664,True
CP_001271,12695,12690,152,79,7296,7343,3792,3839,10799,359,249,60.36836855472759,355.4741233760374,60.36764911002249,355.4774495311749,60.36908649800792,355.47238641725,60.36837,355.47253,0.00526319359678258,0.004967941582467963,0.0007315207928385625,0.00526319359678258,0.797176880389104,True
CP_001272,11450,11447,137,79,6576,6623,3792,3839,8818,315,249,60.48597762194163,355.476458540569,60.4857358805,355.47816031395,60.4856247196999,355.4782843995539,60.486572,355.47293,0.00016659519972449146,0.00529586862968751,0.0054367005548396925,0.0054367005548396925,0.7958016882613578,True
CP_001273,13347,13341,160,67,7680,7727,3216,3263,11931,382,214,60.30357633950097,355.27066802057215,60.304385569882506,355.26990930114994,60.30075949476297,355.27012210431656,60.305584,355.27197,0.0036323141329225013,0.0023861178554907135,0.005167199242568499,0.005167199242568499,0.7955896190806223,True
CP_001274,10952,10952,131,79,6288,6335,3792,3839,8007,298,249,60.5328394211974,355.4763819182994,60.5329720125,355.47844058914995,60.53330824450041,355.47762166965447,60.532238,355.47308,0.0008852576450902239,0.005407144411434503,0.004662663235559052,0.005407144411434503,0.7954723787060215,True
CP_001275,11035,11035,132,79,6336,6383,3792,3839,8142,301,249,60.52488149503682,355.47610628737516,60.5250997245,355.47839700995,60.52536339464368,355.4768688736599,60.52418,355.47305,0.0015507167587435495,0.005422366122576176,0.003994777533862659,0.005422366122576176,0.795122168278018,True
CP_001276,12446,12441,149,79,7152,7199,3792,3839,10439,350,249,60.39136220965346,355.47487230566,60.391266378797496,355.4775906785499,60.39027264274099,355.4744005060083,60.392548,355.47263,0.003341363822651094,0.005127595620003238,0.002885357097887606,0.005127595620003238,0.7939760979931854,True
CP_001277,11118,11118,133,79,6384,6431,3792,3839,8277,304,249,60.5169222173105,355.47583041032595,60.5172271965,355.47835269237504,60.51741854478695,355.4761160776653,60.51612,355.47302,0.0022447849622258143,0.005443825453828911,0.0033547457170763025,0.005443825453828911,0.7939102301630008,True
CP_001278,10537,10537,126,79,6048,6095,3792,3839,7331,283,249,60.57263949138337,355.476026917016,60.5723348355,355.478682720975,60.57304717014426,355.47619246366673,60.572536,355.4732,0.002590135538276385,0.005480864716332248,0.0030302427968979086,0.005480864716332248,0.7927236529020152,True
CP_001279,10869,10869,130,79,6240,6287,3792,3839,7872,295,249,60.5407989090379,355.47664871503093,60.540845170842495,355.47848818335,60.541253094357145,355.47837446564915,60.5403,355.47308,0.0004234776372995723,0.005432267941698074,0.0053764004629113646,0.005432267941698074,0.7916948252049114,True
CP_001280,13349,13343,160,69,7680,7727,3312,3359,11938,382,220,60.30362562878261,355.3056473282375,60.304455218757504,355.304431018775,60.30066223765869,355.3061755167187,60.30576,355.30634,0.004174922597076738,0.0023082075517171638,0.005099700723765409,0.005099700723765409,0.7914683550459409,True
CP_001281,12031,12026,144,79,6912,6959,3792,3839,9764,336,249,60.43026113795972,355.4762517715799,60.430630042,355.477830589575,60.42999666411549,355.4781769224302,60.430157,355.47275,0.0007218822557534615,0.005104778875356515,0.0054314781266886665,0.0054314781266886665,0.7913797826939086,True
CP_001282,10454,10454,125,79,6000,6047,3792,3839,7196,280,249,60.58059748914093,355.47630338859193,60.5802073155,355.478730065775,60.58099204279192,355.47694401601643,60.580593,355.47324,0.0019508384512062508,0.005507510566593579,0.0037293307737827166,0.005507510566593579,0.7913101205227984,True
CP_001283,14603,14596,175,78,8400,8447,3744,3791,13904,427,247,60.18618747809402,355.45823486966356,60.1865680068625,355.459179453375,60.1863559996852,355.4550149017094,60.18564,355.4605,0.004169944558236505,0.0016233137125828728,0.005542003723591017,0.005542003723591017,0.7890341785249824,True
CP_001284,13179,13173,158,65,7584,7631,3120,3167,11610,377,208,60.31942240272077,355.2379532865992,60.3200479215,355.23536565275003,60.31938307450412,355.24085382618813,60.318836,355.23764,0.005528297135153938,0.0025773295288774203,0.0032596455798551472,0.005528297135153938,0.7888303827619945,True
CP_001285,10371,10371,124,79,5952,5999,3792,3839,7061,277,249,60.58855820152999,355.4765794644929,60.58808031,355.47877622355,60.588936915439575,355.47769556836613,60.588657,355.47327,0.0013789809663631867,0.005539760215910379,0.004437779566926109,0.005539760215910379,0.7887964879361243,True
CP_001286,6957,6957,83,68,3984,4031,3264,3311,1575,157,217,60.91024309332382,355.2899462427354,60.91060885,355.287297909375,60.91002140043043,355.2929290024251,60.9101,355.2896,0.005661652226675326,0.0023694055477289783,0.003318094236551426,0.005661652226675326,0.7873649470296118,True
CP_001287,13354,13348,160,74,7680,7727,3552,3599,11819,383,235,60.305490923099285,355.3907494091218,60.304590373,355.390746885775,60.30838508184471,355.389319945106,60.303497,355.39218,0.00405413059593427,0.0018034960388673951,0.005663759711086415,0.005663759711086415,0.7851856742878188,True
CP_001288,14681,14674,176,73,8448,8495,3504,3551,13933,429,232,60.18078765281211,355.37351027598834,60.1786058146625,355.37312778574994,60.18392468527773,355.3726471828401,60.179832,355.37476,0.0053405396523689965,0.002038450103168128,0.004603567829529171,0.0053405396523689965,0.7834612845320589,True
CP_001289,14680,14673,176,72,8448,8495,3456,3503,13930,429,229,60.18076501169742,355.3569380051931,60.1785811358425,355.35592807677506,60.1839653640935,355.3572504407574,60.17975,355.35764,0.005544236679717762,0.0020683589043488195,0.004234373082549526,0.005544236679717762,0.7826099331708266,True
CP_001290,10288,10288,123,79,5904,5951,3792,3839,6926,274,249,60.59651653528753,355.47684498834275,60.595953798,355.47882124275003,60.59688178808722,355.4784471207157,60.596714,355.47327,0.001000566288928137,0.005606422733792543,0.005183234984376974,0.005606422733792543,0.7825419157388724,True
CP_001291,9031,9031,108,67,5184,5231,3216,3263,4905,230,214,60.713899029513406,355.27253734069706,60.713763113462505,355.269777292125,60.71402482590779,355.27564845066934,60.71391,355.2722,0.005876988689507558,0.002413409542956641,0.003464103306770556,0.005876988689507558,0.7796063721407209,True
CP_001292,9292,9292,111,79,5328,5375,3792,3839,5349,239,249,60.69025586423047,355.47658705912073,60.690426924482495,355.47936650315,60.689601990230415,355.4767923792905,60.69074,355.4736,0.0027030779057199282,0.005772632565780727,0.0033865465175519673,0.005772632565780727,0.7795638805645831,True
CP_001293,13345,13339,160,65,7680,7727,3120,3167,11925,382,208,60.30352070865856,355.23741669555324,60.3043069755,355.2353905263999,60.30084285799522,355.23921917940044,60.305412,355.23764,0.005163205776011592,0.002506705151419261,0.004834494425297108,0.005163205776011592,0.7791548608907556,True
CP_001294,9707,9707,116,79,5568,5615,3792,3839,6025,254,249,60.650455239385856,355.4769444836779,60.6510629996825,355.47913148215,60.64986250241061,355.4782522618524,60.65044,355.47345,0.0014880262200588916,0.005715805099478557,0.004837177469959834,0.005715805099478557,0.7780398263878021,True
CP_001295,9209,9209,110,79,5280,5327,3792,3839,5214,236,249,60.698214114701976,355.47685143387406,60.6983001170425,355.4794105623499,60.69754690845991,355.47754144435044,60.698795,355.4736,0.002015173755511332,0.005829339165102172,0.004132242261434253,0.005829339165102172,0.7774238206606259,True
CP_001296,9126,9126,109,79,5232,5279,3792,3839,5079,233,249,60.706171907639295,355.47712642615335,60.706171937,355.47945595654994,60.70549182668938,355.4782905094103,60.706852,355.47363,0.0013493765486229338,0.005862715826103155,0.004852226399495752,0.005862715826103155,0.7759120674959376,True
CP_001297,12778,12773,153,79,7344,7391,3792,3839,10934,362,249,60.36041063024095,355.4738466208167,60.3597767814625,355.477405066375,60.36114169373302,355.4716311339656,60.360313,355.4725,0.00593306674279815,0.004930693652496182,0.0012030586634267436,0.00593306674279815,0.7750014274810096,True
CP_001298,8462,8462,101,79,4848,4895,3792,3839,3998,210,249,60.768954956532845,355.4775812793505,60.769156033,355.47983823515,60.76906641106142,355.4790591673547,60.768642,355.47385,0.0007842057902985566,0.006013772119886571,0.005229946139798223,0.006013772119886571,0.774478797876626,True
CP_001299,8379,8379,100,79,4800,4847,3792,3839,3863,207,249,60.7769121770813,355.47785605208156,60.77702611299999,355.47988421435,60.7770113520818,355.4798069887698,60.7767,355.47388,7.862362844275765e-05,0.00601615716714795,0.0059382527096786975,0.00601615716714795,0.774385116594783,True
CP_001300,8545,8545,102,79,4896,4943,3792,3839,4133,213,249,60.76099704799187,355.47730650661947,60.761283889022494,355.47979225595,60.76112147004101,355.4783113459397,60.760586,355.47382,0.0014897900469907535,0.00601697307744969,0.004527232178628813,0.00601697307744969,0.7743628952435132,True
CP_001301,14678,14671,176,70,8448,8495,3360,3407,13923,429,223,60.18072066986988,355.32206312100516,60.1785248545,355.32153091355,60.18406028133033,355.3213247092311,60.179577,355.32333,0.005539266234361717,0.0020873257095714985,0.004912957239879815,0.005539266234361717,0.7740148072728157,True
CP_001302,8628,8628,103,79,4944,4991,3792,3839,4268,216,249,60.753038133923404,355.47703173388845,60.7534087284625,355.47974627675,60.75317652902061,355.4775635245247,60.75253,355.4738,0.0021950680758884332,0.006025422416182613,0.003833187833362803,0.006025422416182613,0.7740112407297943,True
CP_001303,9873,9873,118,79,5664,5711,3792,3839,6250,260,249,60.635421025876724,355.47648855018247,60.6353189475,355.47904471375,60.636621010013,355.47700174734433,60.634323,355.47342,0.0024226181132116294,0.00571298484078843,0.004256174223070948,0.00571298484078843,0.773690474776757,True
CP_001304,9043,9043,108,79,5184,5231,3792,3839,4944,230,249,60.71413220772231,355.4774014534328,60.714043649,355.47950145575,60.71343674491888,355.4790395744702,60.714916,355.47366,0.0007626708859466797,0.005902974474761804,0.005576098783539719,0.005902974474761804,0.7731910172623749,True
CP_001305,9624,9624,115,79,5520,5567,3792,3839,5890,251,249,60.658415561391884,355.4772218455055,60.65893480024249,355.47918274135,60.65780739784918,355.4790025705572,60.658504,355.47348,0.0011417082249861557,0.005718729531269517,0.00556616894952945,0.005718729531269517,0.773183297036817,True
CP_001306,11105,11105,133,66,6384,6431,3168,3215,8280,303,211,60.51666887232104,355.25516055087195,60.51690769913751,355.25249497974994,60.51537964902676,355.2581343779439,60.51772,355.25485,0.005842751845765976,0.0024931065229953945,0.0040306190146705894,0.005842751845765976,0.7723846346350258,True
CP_001307,9790,9790,117,79,5616,5663,3792,3839,6115,257,249,60.643380158797015,355.4767528594841,60.64319099550001,355.47908733295,60.64456590545157,355.4777520560492,60.642384,355.47342,0.0019165964042068154,0.005725362683275755,0.00485142218542979,0.005725362683275755,0.7722657005476485,True
CP_001308,13351,13345,160,71,7680,7727,3408,3455,11809,383,226,60.30542731627103,355.3391418583187,60.3045159706025,355.33895521655,60.30852424847427,355.33780263379685,60.30324,355.34067,0.004170700001219384,0.0021345663818289782,0.006009471655703326,0.006009471655703326,0.7709473788193124,True
CP_001309,10786,10786,129,79,6192,6239,3792,3839,7737,292,249,60.54875848828423,355.4769261059552,60.5487186034025,355.47853704255,60.54919794421387,355.4791272616437,60.54836,355.4731,0.0007603461001815854,0.005434944006241393,0.006071500427407636,0.006071500427407636,0.7707713629845219,True
CP_001310,8047,8047,96,79,4608,4655,3792,3839,3322,195,249,60.8087537890351,355.47720398022665,60.808514011,355.48007524115,60.808806468654126,355.4775681936705,60.80894,355.47397,0.00252404804709677,0.006121636988139298,0.0036021966562791888,0.006121636988139298,0.770381016504318,True
CP_001311,14677,14670,176,69,8448,8495,3312,3359,13920,429,220,60.180695599028525,355.3054915857349,60.1784928865,355.30433341115,60.18410096014611,355.3059279671484,60.179493,355.3062,0.005830360096271244,0.002129414625532579,0.004616840188717868,0.005830360096271244,0.7699128124150882,True
CP_001312,7964,7964,95,79,4560,4607,3792,3839,3187,192,249,60.81671191482804,355.47747874840934,60.816386783942505,355.48012245035,60.816751432465445,355.4783147714406,60.816998,355.474,0.0018440909914716037,0.006153809027706269,0.004322758826919222,0.006153809027706269,0.7690691515774579,True
CP_001313,10205,10205,122,79,5856,5903,3792,3839,6791,271,249,60.60447445115258,355.47712082138537,60.603826032322495,355.47886667195,60.60482666073487,355.4791986730654,60.60477,355.4733,0.0010542684479208613,0.005649092024577104,0.005901819614714317,0.005901819614714317,0.7686625037259176,True
CP_001314,11367,11364,136,79,6528,6575,3792,3839,8683,312,249,60.493936684070995,355.4767360260416,60.4936077845,355.47820821315,60.49356954676572,355.4790384391934,60.494633,355.47296,0.0008311061348730378,0.005345958512192301,0.006169313685637039,0.006169313685637039,0.7685538497707572,True
CP_001315,13348,13342,160,68,7680,7727,3264,3311,11934,382,217,60.30360259663555,355.2872991394197,60.30442209956251,355.28716979875,60.30071781314685,355.2855735667746,60.305668,355.28915,0.004033570920242185,0.0023429096844857986,0.006109256404131126,0.006109256404131126,0.767562582337622,True
CP_001316,7881,7881,94,79,4512,4559,3792,3839,3052,189,249,60.82467146805923,355.4777524665921,60.8242600245025,355.48016650955003,60.82469639627677,355.4790613492107,60.825058,355.47403,0.0011881917778529647,0.0061886283772655615,0.00504478334111797,0.0061886283772655615,0.7673721015812243,True
CP_001317,11948,11943,143,79,6864,6911,3792,3839,9629,333,249,60.438218601426364,355.47652023219126,60.43850098750001,355.4778806881249,60.43794146839039,355.47893220571456,60.438213,355.47275,0.001191113292409969,0.005140938502915821,0.006190376317700489,0.006190376317700489,0.7660899446159155,True
CP_001318,7798,7798,93,79,4464,4511,3792,3839,2917,186,249,60.832630734436265,355.47802677456656,60.8321324045,355.480212338125,60.83264136008809,355.47980792698087,60.83312,355.47406,0.0006500647384257467,0.006230795046784267,0.005767633398312393,0.006230795046784267,0.7640088971211666,True
CP_001319,13096,13091,157,65,7536,7583,3120,3167,11475,374,208,60.327383733213196,355.2381842403688,60.327921835882506,355.23535795115,60.32732888157936,355.2415543890972,60.3269,355.23764,0.006224744013952951,0.0025005296976011978,0.0039373832088063845,0.006224744013952951,0.7639074883210815,True
CP_001320,14675,14668,176,67,8448,8495,3216,3263,13913,429,214,60.18064674948181,355.2706179393053,60.178423082,355.2699399612,60.184195877382926,355.27000223562203,60.17932,355.2719,0.005773131267929922,0.0021666145627930885,0.005235204310554672,0.005773131267929922,0.7631489823849049,True
CP_001321,14682,14675,176,74,8448,8495,3552,3599,13936,429,235,60.18081090265921,355.3900929437846,60.1786285049825,355.39032816814995,60.183884006461945,355.3880439249228,60.17992,355.3919,0.005730450498984953,0.002039693781330178,0.0055347191612166126,0.005730450498984953,0.7620585757435414,True
CP_001322,6874,6874,82,68,3936,3983,3264,3311,1440,154,217,60.918202358622985,355.29017936995507,60.9184803835,355.287296728125,60.91796720750568,355.29362956533413,60.91816,355.2896,0.006353595574040788,0.002337222643444076,0.004022347204023759,0.006353595574040788,0.7616654875556323,True
CP_001323,8960,8960,107,79,5136,5183,3792,3839,4809,227,249,60.72209158514706,355.47767769571215,60.7219164077225,355.47955059995,60.72138166314837,355.47978863953017,60.722977,355.4737,0.0005853328978312906,0.005951952152406765,0.00630004613656574,0.00630004613656574,0.7607827834578809,True
CP_001324,7383,7383,88,79,4224,4271,3792,3839,2241,172,249,60.87153145244266,355.47764569485645,60.871488919,355.48045416975003,60.87238171396274,355.478300785913,60.870724,355.47418,0.0023311252208010574,0.006318545653483315,0.004439849664655042,0.006318545653483315,0.7573991725947159,True
CP_001325,7300,7300,87,79,4176,4223,3792,3839,2106,169,249,60.87949086605832,355.4779199637492,60.87936171792249,355.480501124725,60.88032670056497,355.4790461200383,60.878784,355.4742,0.0017459181362874958,0.006314943308965763,0.005073641419503438,0.006314943308965763,0.7568819228284693,True
CP_001326,14674,14667,176,66,8448,8495,3168,3215,13910,429,211,60.180618583074704,355.25403673989223,60.178385642,355.25274398395,60.18423655619871,355.2546054935393,60.179234,355.25476,0.006139903493691501,0.0021877530719727756,0.005005413360257682,0.006139903493691501,0.7565878322548318,True
CP_001327,14679,14672,176,71,8448,8495,3408,3455,13926,429,226,60.18074600128448,355.33864511387645,60.1785537895225,355.338729271175,60.18401960251454,355.3367214513138,60.179665,355.34048,0.0058229247169232275,0.0020772993643341617,0.0057556386330041304,0.0058229247169232275,0.7565151571101907,True
CP_001328,9541,9541,114,79,5472,5519,3792,3839,5755,248,249,60.66637339299891,355.47749899733316,60.666806759,355.47923337055,60.66575229328775,355.4797528792619,60.66656,355.4735,0.0011754944662080852,0.005727897572197155,0.006294321787070499,0.006294321787070499,0.756349554843172,True
CP_001329,7217,7217,86,79,4128,4175,3792,3839,1971,166,249,60.887449738886495,355.4781947321837,60.8872328944825,355.480549578325,60.88827168716721,355.47979145416343,60.886845,355.47424,0.0012860180738055165,0.006318354712137531,0.005728874313875217,0.006318354712137531,0.7543549773505526,True
CP_001330,8948,8948,107,67,5136,5183,3216,3263,4770,227,214,60.72185871465757,355.27277063914175,60.7216359064975,355.26977662455,60.72197063298304,355.27634901357834,60.72197,355.2722,0.006580907183670737,0.0024326508896352302,0.0041627344085200845,0.006580907183670737,0.7530350041812901,True
CP_001331,6138,6138,73,79,3504,3551,3792,3839,259,128,249,60.989147665132975,355.4781539627226,60.9895771392625,355.48116721775,60.98893992229853,355.4787158129958,60.988926,355.47458,0.0025328700574792726,0.006620465264483653,0.004136979223742019,0.006620465264483653,0.7511152523726425,True
CP_001332,7715,7715,92,79,4416,4463,3792,3839,2782,183,249,60.840587914581704,355.4783027575493,60.8400023405,355.480263191725,60.8405863238994,355.48055450475096,60.841175,355.4741,0.0006526100595881801,0.006283032640909966,0.006490686069361398,0.006490686069361398,0.7510373145097382,True
CP_001333,6055,6055,72,79,3456,3503,3792,3839,124,125,249,60.997108439280005,355.47842678951866,60.9974501595,355.481212333725,60.9968849544826,355.47945865983115,60.99699,355.4746,0.0018425061296208662,0.006618959368159116,0.004850426868281385,0.006618959368159116,0.750864353322244,True
CP_001334,8296,8296,99,79,4752,4799,3792,3839,3728,204,249,60.78487227432879,355.47813106981266,60.784897193702506,355.47993092854995,60.78495629310221,355.4805548101848,60.784763,355.4739,0.0006266745832970307,0.006024945001271004,0.006650139438975527,0.006650139438975527,0.7506012692185116,True
CP_001335,12861,12856,154,79,7392,7439,3792,3839,11069,365,249,60.35245013598865,355.4735697542542,60.351904373,355.47736026755,60.35319688945812,355.4708758506813,60.35225,355.47247,0.006611978593566774,0.004899269280479412,0.001857300793744402,0.006611978593566774,0.750243409233033,True
CP_001336,6719,6719,80,79,3840,3887,3792,3839,1160,148,249,60.93520789943911,355.4780811450467,60.9344666368425,355.48083420335,60.935957323926,355.47901347983714,60.9352,355.4744,0.002353121775695238,0.006480053474757618,0.004679460217764471,0.006480053474757618,0.7500913882128131,True
CP_001337,14676,14669,176,68,8448,8495,3264,3311,13916,429,217,60.180673372323156,355.2871992359016,60.178459706,355.28713623,60.18415519856714,355.28539897770474,60.179405,355.28906,0.005954551294572562,0.0021458095138723945,0.005998646861884011,0.005998646861884011,0.7487793183473379,True
CP_001338,14685,14678,176,77,8448,8495,3696,3743,13947,430,244,60.17997068027295,355.4432539476965,60.178683140942496,355.441934339775,60.183734850804086,355.4444986458927,60.177494,355.44333,0.005665283610803411,0.0018326535251615521,0.006349489059941774,0.006349489059941774,0.7475385593018937,True
CP_001339,7134,7134,85,79,4080,4127,3792,3839,1836,163,249,60.895407340148914,355.4784695006181,60.8951040710425,355.48059803192496,60.89621667376945,355.48053678828865,60.8949,355.47427,0.0011142870415657576,0.0063276008483715744,0.006399748208892088,0.006399748208892088,0.7469826961534812,True
CP_001340,6636,6636,79,79,3792,3839,3792,3839,1070,145,249,60.942283497477035,355.4782724774129,60.942340117402495,355.48088162255,60.941253996854776,355.4795095401573,60.943256,355.47443,0.0017499336948675276,0.0065200549382347164,0.005463439503169216,0.0065200549382347164,0.7468314615686727,True
CP_001341,11022,11022,132,66,6336,6383,3168,3215,8145,300,211,60.5246285020552,355.2553911720416,60.5247803259425,355.25248628035,60.52332545610199,355.2588349408529,60.52578,355.25485,0.006513227804553476,0.002568427860314272,0.004678129981270023,0.006513227804553476,0.7465873318663594,True
CP_001342,14683,14676,176,75,8448,8495,3600,3647,13940,430,238,60.17993369274541,355.40838665170963,60.1786489225,355.407529423575,60.1838297680409,355.40857291436646,60.177322,355.40906,0.005284887278884295,0.0020236280056724516,0.0065254069441591685,0.0065254069441591685,0.7455083853390615,True
CP_001343,10703,10703,128,79,6144,6191,3792,3839,7602,289,249,60.556717688363904,355.47720349687944,60.5565908984625,355.47858590175,60.55714279407061,355.4798800576383,60.55642,355.47314,0.0014069215420202603,0.005444073296184699,0.006774264123245686,0.006774264123245686,0.7450059614412958,True
CP_001344,10122,10122,121,79,5808,5855,3792,3839,6656,268,249,60.61243180643013,355.4773968377613,60.6116965848825,355.47891265115,60.61277153338252,355.4799502254152,60.612827,355.47333,0.0014940129295228227,0.0056983247707436645,0.006622823497017236,0.006622823497017236,0.744525191321238,True
CP_001345,6553,6553,78,79,3744,3791,3792,3839,935,142,249,60.95024381248043,355.478546936624,60.950211783,355.48093039212495,60.94919900624792,355.48025363063766,60.95132,355.47446,0.0012180816311803764,0.006567887325059476,0.006172905267058714,0.006567887325059476,0.7434154806455244,True
CP_001346,14684,14677,176,76,8448,8495,3648,3695,13943,430,241,60.17995539515251,355.42495974137995,60.1786669705,355.42473158917505,60.18378908922512,355.4239696564491,60.17741,355.42618,0.005178478706448164,0.0019161682844415727,0.0067503971431785055,0.0067503971431785055,0.7425569840344155,True
CP_001347,11865,11860,142,79,6816,6863,3792,3839,9494,330,249,60.44617765595874,355.47679783701216,60.44637289149999,355.477927701725,60.44588627266529,355.47968748899893,60.446274,355.47278,0.0018258283434802501,0.005150334680497038,0.006920028341628363,0.006920028341628363,0.7397972536595748,True
CP_001348,11284,11281,135,79,6480,6527,3792,3839,8548,309,249,60.501894474634604,355.477003338988,60.501479688500005,355.47825611235004,60.50151437383154,355.4797924788329,60.50269,355.47296,0.0015367579646452373,0.00543111542903136,0.006931369416312162,0.006931369416312162,0.7396173471712384,True
CP_001349,14673,14666,176,65,8448,8495,3120,3167,13906,429,208,60.18059494410176,355.23575541550167,60.17834441000001,355.23554936154994,60.18429079461974,355.2340765040957,60.17915,355.23764,0.006126075344486651,0.0022407001748389103,0.0062556226733988165,0.0062556226733988165,0.7390247391734601,True
CP_001350,13013,13008,156,65,7488,7535,3120,3167,11340,371,208,60.335344011052364,355.2384154941385,60.33579640700249,355.23535114955,60.3352746886546,355.2422549520062,60.33496,355.23764,0.00692348744408994,0.0024369220909490623,0.004625225038422401,0.00692348744408994,0.7386359747806083,True
CP_001351,8877,8877,106,79,5088,5135,3792,3839,4674,224,249,60.73004975561855,355.47795416299147,60.7297893602825,355.47960041915,60.72932658137785,355.48053770459,60.731033,355.47372,0.0010453077588003857,0.006006284901987086,0.007023857033955312,0.007023857033955312,0.7362586658912738,True
CP_001352,6791,6791,81,68,3888,3935,3264,3311,1305,151,217,60.92616149142216,355.29041219092477,60.9263515195,355.287294628125,60.92591301458091,355.29433012824313,60.92622,355.2896,0.0070491523232623825,0.002320921077252835,0.004728284035127905,0.0070491523232623825,0.7356561280136813,True
CP_001353,6470,6470,77,79,3696,3743,3792,3839,800,139,249,60.95820129581981,355.4788216105101,60.95808258299999,355.4809798057249,60.95714401564109,355.480997721118,60.959377,355.4745,0.0009387383280249549,0.006620334800983937,0.006882806926163491,0.006882806926163491,0.7334414127333017,True
CP_001354,9458,9458,113,79,5424,5471,3792,3839,5620,245,249,60.67433173435344,355.47777411916076,60.674680247,355.47927790974995,60.67369718872632,355.48050318796675,60.674618,355.47354,0.0015708947380362877,0.005736990217122502,0.007022528693459295,0.007022528693459295,0.7330882207240328,True
CP_001355,8865,8865,106,67,5088,5135,3216,3263,4635,224,214,60.72981591864524,355.27300417771136,60.7295088854575,355.2697766773499,60.72991644005829,355.2770495764874,60.730022,355.2722,0.007284309343838405,0.002463718728111887,0.004864452026706246,0.007284309343838405,0.7262901319688131,True
CP_001356,7051,7051,84,79,4032,4079,3792,3839,1701,160,249,60.903368243341994,355.47873466686815,60.90297752399999,355.48064819655,60.904161660371685,355.4812821224139,60.902966,355.47427,0.0013431459145142304,0.006374526163635925,0.007109777246150166,0.007109777246150166,0.7257846678693689,True
CP_001357,7632,7632,91,79,4368,4415,3792,3839,2647,180,249,60.848545199121304,355.47857850947366,60.84787258968249,355.48031335215,60.84853128771073,355.4813010825211,60.84923,355.47412,0.0011872212845072884,0.006339660813701732,0.007214072643377605,0.007214072643377605,0.7255621576879471,True
CP_001358,12944,12939,155,79,7440,7487,3792,3839,11204,368,249,60.34449085745626,355.4732926542333,60.34403179700001,355.47731476835,60.34525208518322,355.47012056739686,60.34419,355.47244,0.0072969603674826996,0.0048746668873959655,0.002553971320102951,0.0072969603674826996,0.724718013219196,True
CP_001359,8213,8213,98,79,4704,4751,3792,3839,3593,201,249,60.79283014839725,355.47840632254366,60.7927692342625,355.47997834775,60.79290123412262,355.48130263159976,60.79282,355.47394,0.0013308462262286603,0.006040572598456956,0.0073650915785399024,0.0073650915785399024,0.7237299752279323,True
CP_001360,6387,6387,76,79,3648,3695,3792,3839,665,137,249,60.96526424286753,355.47908590714525,60.965955321,355.48102860515,60.965089025034224,355.48174181159834,60.96475,355.4745,0.001122110573096685,0.006651714975755147,0.007262500107330589,0.007262500107330589,0.7212646779560874,True
CP_001361,10939,10939,131,66,6288,6335,3168,3215,8010,297,211,60.53258805221437,355.25563174073733,60.5326527140225,355.25247690595,60.53127126317724,355.2595355037619,60.53384,355.25488,0.007192510654027789,0.0026829946800274486,0.005314778147874724,0.007192510654027789,0.720215073300528,True
CP_001362,10620,10620,127,79,6096,6143,3792,3839,7467,286,249,60.56467670761023,355.47748088780367,60.564462651022495,355.4786347609499,60.56508764392734,355.48063285363287,60.56448,355.47318,0.002093559290035373,0.005459739141844067,0.0074825325159352035,0.0074825325159352035,0.7185204567031269,True
CP_001363,10039,10039,120,79,5760,5807,3792,3839,6521,265,249,60.62039354375745,355.4776725791373,60.6195688395,355.47895780535,60.62071640603017,355.48070177776486,60.620895,355.47336,0.0020876658556993203,0.00575463438014848,0.007345804202189935,0.007345804202189935,0.718326141997154,True
CP_001364,5972,5972,71,79,3408,3455,3792,3839,34,122,249,61.004183532862584,355.47860737779325,61.00532211150001,355.481258867325,61.00218164260532,355.47995389105483,61.005047,355.4746,0.0034008098953241485,0.006655187458739613,0.006064093803439216,0.006655187458739613,0.7153090172969677,True
CP_001365,8794,8794,105,79,5040,5087,3792,3839,4539,222,249,60.7371138955833,355.47823050860416,60.7376619535,355.47964987335,60.73727149960733,355.48128676965,60.73641,355.47375,0.0016828201743656942,0.006026833904984086,0.007581196967431228,0.007581196967431228,0.714099399822347,True
CP_001366,12930,12925,155,65,7440,7487,3120,3167,11205,368,208,60.343302516910775,355.23864572164985,60.34366947687749,355.23534126917497,60.34322049572984,355.24295551491514,60.343018,355.23764,0.007627471551088525,0.002389746120590338,0.005319006071164845,0.007627471551088525,0.7129538088258471,True
CP_001367,11782,11777,141,79,6768,6815,3792,3839,9359,327,249,60.454137973117724,355.47707520638295,60.4542447686825,355.47797400897497,60.45383107694019,355.4804427722833,60.454338,355.4728,0.0025031845977227553,0.005166013759419298,0.007650751600802927,0.007650751600802927,0.7128662305156512,True
CP_001368,11201,11198,134,79,6432,6479,3792,3839,8413,307,249,60.50895767623987,355.47728094980226,60.5093533725,355.478304387575,60.50945920089735,355.4805465184724,60.50806,355.473,0.002244627053825048,0.005467512997030597,0.007682974314827089,0.007682974314827089,0.7115238914936273,True
CP_001369,6708,6708,80,68,3840,3887,3264,3311,1170,148,217,60.93412123407549,355.2906457571028,60.934224485062494,355.28729476375,60.93385882165616,355.2950306911522,60.93428,355.2896,0.007744564706832468,0.002317727117158147,0.0054352486626286466,0.007744564706832468,0.7094736850818534,True
CP_001370,9375,9375,112,79,5376,5423,3792,3839,5485,242,249,60.68229134624787,355.47804923932176,60.682553731922496,355.47932244395,60.681642084164885,355.4812534966715,60.68268,355.47357,0.002135431161879437,0.005752013939423029,0.007751283429460062,0.007751283429460062,0.7076248504972176,True
CP_001371,6968,6968,83,79,3984,4031,3792,3839,1611,157,249,60.910443886795264,355.47892723559977,60.91085115599999,355.48069849575,60.909458318106495,355.48177901183067,60.911022,355.4743,0.0017628137729589514,0.00639658342289517,0.00763665550127701,0.00763665550127701,0.7070911475198982,True
CP_001372,10856,10856,130,66,6240,6287,3168,3215,7875,295,211,60.53965143948195,355.25586335357366,60.540525975,355.25247118155,60.53921707025248,355.2602360666709,60.53921,355.25488,0.007874431571828228,0.002746707971266819,0.00535325730975502,0.007874431571828228,0.7018896446915213,True
CP_001373,9956,9956,119,79,5712,5759,3792,3839,6431,263,249,60.62657333203007,355.4778642896966,60.6274443435,355.47900138455003,60.62601298779528,355.4812028126647,60.626263,355.4734,0.002625845558593724,0.0057357569800764825,0.007818128605088607,0.007818128605088607,0.7000267531394073,True
CP_001374,8782,8782,105,67,5040,5087,3216,3263,4500,221,214,60.737778118923416,355.2732477190821,60.7373815945,355.269776220975,60.73786224713352,355.27775013939635,60.73809,355.27222,0.00798839169946652,0.0025414521818711675,0.005538048910927191,0.00798839169946652,0.6992964438533575,True
CP_001375,13027,13022,156,79,7488,7535,3792,3839,11339,371,249,60.33653270098963,355.47301521515413,60.3361587725,355.477268251975,60.33730728090832,355.4693652841124,60.336132,355.4724,0.007985986013039514,0.0048562161264506295,0.00326562595859313,0.007985986013039514,0.6988273236109651,True
CP_001376,6304,6304,75,79,3600,3647,3792,3839,530,134,249,60.97322408577267,355.47936023623146,60.973829385,355.48107698435,60.973034034427386,355.48248590207874,60.97281,355.47452,0.0016179096698134305,0.006638081323071151,0.007971261467815002,0.007971261467815002,0.6975185758935677,True
CP_001377,8130,8130,97,79,4656,4703,3792,3839,3458,198,249,60.800788091858216,355.4786716077487,60.80064148299999,355.48002638195004,60.800846175143015,355.4820504530147,60.800877,355.47394,0.002034394885044881,0.006092932435790657,0.008112521851111457,0.008112521851111457,0.6955953622117694,True
CP_001378,7549,7549,90,79,4320,4367,3792,3839,2512,178,249,60.855610329626586,355.4788430151304,60.85574429424249,355.48036029134994,60.85647625152205,355.4820476602912,60.85461,355.47412,0.001839286656011371,0.006341388260457322,0.00814319950282393,0.00814319950282393,0.6941615759735431,True
CP_001379,8711,8711,104,79,4992,5039,3792,3839,4404,219,249,60.745071908534804,355.47849664335746,60.7455344335,355.47969921255,60.74521641783682,355.48203583470985,60.744465,355.47375,0.0023581639213670104,0.006039785838874906,0.00831498539160822,0.00831498539160822,0.6871509932067705,True
CP_001380,12847,12842,154,65,7392,7439,3120,3167,11070,365,208,60.35126213666995,355.2388756258195,60.35154207375749,355.23533041877505,60.35116630280509,355.2436560778242,60.351078,355.23764,0.00833413477280884,0.002356110829425653,0.006016344525716173,0.00833413477280884,0.6869909387405062,True
CP_001381,14686,14679,176,78,8448,8495,3744,3791,13949,430,247,60.17999536198848,355.4581269407725,60.1786965672625,355.459137945375,60.18370773159356,355.45476314061455,60.17758,355.46048,0.006652118808696468,0.00174445915735308,0.008378941602362359,0.008378941602362359,0.6855692353653218,True
CP_001382,6625,6625,79,68,3792,3839,3264,3311,1035,145,217,60.9420798973089,355.2908897305985,60.9420980270625,355.28729560374995,60.9418046287314,355.2957312540612,60.942337,355.28964,0.008440751077614252,0.0023588700957959006,0.006112152267653807,0.008440751077614252,0.6830934435165223,True
CP_001383,6885,6885,82,79,3936,3983,3792,3839,1476,154,249,60.918402862603436,355.4792008642342,60.9187226415,355.48074352995,60.91740330470874,355.4825243459559,60.919083,355.47433,0.0022162931249032894,0.006418916271850862,0.008360035775140093,0.008360035775140093,0.6830589881620708,True
CP_001384,10773,10773,129,66,6192,6239,3168,3215,7740,292,211,60.54761010071536,355.25609534974336,60.54839951099999,355.25246660715,60.54716287732772,355.26093662958,60.547268,355.25488,0.008559821423613808,0.0026680630567749316,0.006054728226957142,0.008559821423613808,0.6769695733630039,True
CP_001385,13110,13105,157,79,7536,7583,3792,3839,11474,374,249,60.32857407002299,355.47274687245937,60.3282843245,355.47721850717505,60.32936247663341,355.4686100008281,60.328075,355.4724,0.008675758960931932,0.004810936034226752,0.0040140469181669455,0.008675758960931932,0.6727937390717805,True
CP_001386,6221,6221,74,79,3552,3599,3792,3839,395,131,249,60.98118261501289,355.4796338303176,60.981703322702494,355.48112315855,60.98097904382053,355.483229992559,60.980865,355.47455,0.0022278531011550888,0.006627987922573576,0.008682395461334104,0.008682395461334104,0.6722421006700391,True
CP_001387,8699,8699,104,67,4992,5039,3216,3263,4365,218,214,60.74573647615683,355.27348103445183,60.7452542185,355.269775604175,60.745808054208766,355.2784507023054,60.746147,355.27222,0.008692759145680039,0.002599376608340603,0.006243121557238999,0.008692759145680039,0.6721497942882539,True
CP_001388,7466,7466,89,79,4272,4319,3792,3839,2377,175,249,60.863568134024526,355.4791176933131,60.863616103,355.48040723055,60.864421215333365,355.48279423806133,60.862667,355.47415,0.0025191289622719885,0.006327196014374539,0.00881884201556783,0.00881884201556783,0.6689498874027227,True
CP_001389,12764,12759,153,65,7344,7391,3120,3167,10935,362,208,60.35922171921661,355.23910520498924,60.359414559,355.235318593375,60.35911210988033,355.24435664073326,60.35914,355.23764,0.009043106519354709,0.002338142830287649,0.006716311676756057,0.009043106519354709,0.660741655678086,True
CP_001390,6802,6802,81,79,3888,3935,3792,3839,1341,151,249,60.9263617059116,355.47947416786866,60.926593729500006,355.48078758915,60.925348291310975,355.4832696800811,60.927143,355.47437,0.0027770292891731766,0.006445808360655071,0.009083527977647131,0.009083527977647131,0.6576263299359686,True
CP_001391,6542,6542,78,68,3744,3791,3264,3311,900,142,217,60.95003923356641,355.2911240596932,60.9499697734375,355.287298028125,60.94975043580664,355.29643181697014,60.950397,355.28964,0.009136422038401914,0.002383004965337277,0.006820246346444138,0.009136422038401914,0.6565488076426845,True
CP_001392,10690,10690,128,66,6144,6191,3168,3215,7605,289,211,60.555568361115434,355.25632735512136,60.55627184449999,355.25246206037497,60.55510868440295,355.261637192489,60.555325,355.25488,0.00924856695500039,0.0025994998177037566,0.006757828712687193,0.00924856695500039,0.6518192194951034,True
CP_001393,13193,13187,158,79,7584,7631,3792,3839,11609,377,249,60.320614380378096,355.47246865723855,60.3204105151625,355.47716966237493,60.321417672358514,355.46785471754373,60.320015,355.47238,0.009369234911445232,0.004804382249539485,0.004739220440326944,0.009369234911445232,0.6464740935905388,True
CP_001394,8616,8616,103,67,4944,4991,3216,3263,4275,215,214,60.75281128592585,355.2736357939566,60.7531286171625,355.26977284075,60.7511052589256,355.2789177442448,60.7542,355.27222,0.009366068464583897,0.002668472126596868,0.007381057149059059,0.009366068464583897,0.6402291724397035,True
CP_001395,12681,12676,152,65,7296,7343,3120,3167,10800,359,208,60.36717874088428,355.2393346291589,60.367286991,355.235306302975,60.36705791695557,355.24505720364226,60.36719,355.23764,0.009753591068962262,0.0023360379973818316,0.007418022320688482,0.009753591068962262,0.6342344693000646,True
CP_001396,6459,6459,77,68,3696,3743,3264,3311,765,139,217,60.95799955593133,355.29135864066285,60.9578406634375,355.28730120812503,60.95769624288188,355.2971323798792,60.95846,355.28964,0.009832232470650482,0.002422113346025689,0.007529064100033913,0.009832232470650482,0.6298044701579929,True
CP_001397,10607,10607,127,66,6096,6143,3168,3215,7470,286,211,60.563528973480366,355.256559364891,60.5641436045,355.25245752677495,60.5630544914782,355.262337755398,60.56339,355.25488,0.009940074688750376,0.0025400204236521885,0.0074624360738969,0.009940074688750376,0.626467426561877,True
CP_001398,13276,13270,159,79,7632,7679,3792,3839,11744,380,249,60.312655840325704,355.4721920620177,60.312540154602495,355.477125677575,60.313472868083615,355.4670994342594,60.311954,355.47235,0.010069533726085484,0.004810387772773465,0.0054667329447865825,0.010069533726085484,0.6197976478783623,True
CP_001399,8533,8533,102,67,4896,4943,3216,3263,4140,212,214,60.760771788405016,355.27386805252627,60.7610038622025,355.26976905355,60.75905106600083,355.2796183071538,60.76226,355.27222,0.010040976524046934,0.002751441010841368,0.00806736739540615,0.010040976524046934,0.6137404818207327,True
CP_001400,12598,12593,151,65,7248,7295,3120,3167,10665,356,208,60.37514085831496,355.2395645696535,60.3751594515,355.23529556155,60.375003724030805,355.2457577665512,60.37526,355.23764,0.010463363920454959,0.0023469484824185896,0.008121411230295698,0.010463363920454959,0.6075614055796974,True
CP_001401,6376,6376,76,68,3648,3695,3264,3311,630,136,217,60.96595669297398,355.2915929485075,60.9657134415625,355.28730356875,60.96564204995712,355.2978329427882,60.966515,355.28964,0.010529616061249813,0.0024721766680662707,0.008236952966400236,0.010529616061249813,0.6028954780379233,True
CP_001402,10524,10524,126,66,6048,6095,3168,3215,7335,283,211,60.571487203406285,355.25679108158573,60.5720158465775,355.25245211395,60.57100029855345,355.263038318307,60.571445,355.25488,0.01063480420490448,0.0024967239504048388,0.00816764643035812,0.01063480420490448,0.6008252651178511,True
CP_001403,8450,8450,101,67,4848,4895,3216,3263,4005,210,214,60.76783610534502,355.27410031109594,60.768876097500005,355.26976526635,60.76699687307607,355.2803188700628,60.767635,355.27222,0.010719609869841818,0.0027476294404817627,0.008127191207544168,0.010719609869841818,0.5960744951536305,True
CP_001404,5885,5885,70,75,3360,3407,3600,3647,21,119,238,61.00943804412273,355.4111303000477,61.013138832622495,355.41074968795,61.00238843451133,355.4115694348493,61.012787,355.41107,0.010781606769282331,0.00047709812394750495,0.010410332583292443,0.010781606769282331,0.5943669469274424,True
CP_001405,5882,5882,70,72,3360,3407,3456,3503,11,119,229,61.009382662676195,355.35861495659657,61.013073017,355.35783955615,61.00254750520828,355.358966006999,61.012527,355.35904,0.010585617128587934,0.0013179633262816578,0.009980229789701318,0.010585617128587934,0.5941321578355145,True
CP_001406,5883,5883,70,73,3360,3407,3504,3551,14,119,232,61.0094040289522,355.37553197949825,61.01309709899999,355.375475612125,61.00249978399919,355.3747470353541,61.012615,355.37637,0.010622330692332784,0.0010188475445839298,0.010245312410310828,0.010622330692332784,0.5936397332554959,True
CP_001407,5879,5879,70,69,3360,3407,3312,3359,1,119,220,61.009318969752236,355.30611213519643,61.012986081642495,355.30493647292496,61.00270657590523,355.3063625791487,61.012264,355.30704,0.01037795823675605,0.002221426953362564,0.009581465817710303,0.01037795823675605,0.5930148844426879,True
CP_001408,5886,5886,70,76,3360,3407,3648,3695,24,119,241,61.00945586885965,355.4280479928245,61.013156104702496,355.42838775355006,61.00234071330226,355.4273504632045,61.01287,355.4284,0.01086502012889376,0.0002858838701200839,0.010582822883677224,0.01086502012889376,0.5925156623551897,True
CP_001409,5880,5880,70,70,3360,3407,3360,3407,4,119,223,61.009344121620664,355.3230282543731,61.0130177057225,355.32256981772497,61.00265885469614,355.3221436075038,61.012356,355.32437,0.01036761543166129,0.0019192676234938504,0.009949553611919416,0.01036761543166129,0.5924493487658019,True
CP_001410,14589,14582,175,64,8400,8447,3072,3119,13905,426,205,60.185868275611824,355.22259143782094,60.1861743129425,355.2183405547749,60.184304354225006,355.22894425673485,60.187126,355.2205,0.010767322826988973,0.0023503161837508443,0.008913218519536923,0.010767322826988973,0.5900227455341787,True
CP_001411,5888,5888,70,78,3360,3407,3744,3791,31,119,247,61.009486490320946,355.4636479356239,61.013183842500005,355.463666696125,61.00222936381439,355.46417286269974,61.013046,355.4631,0.010966166507713336,0.0005790297970293069,0.010869557531466494,0.010966166507713336,0.582738495700969,True
CP_001412,5884,5884,70,74,3360,3407,3552,3599,17,119,235,61.00942471189487,355.39245939120093,61.013119131,355.393112316925,61.002452062790105,355.3905280637092,61.012703,355.39374,0.010975641615774407,0.0007512879959247396,0.010741642534225777,0.010975641615774407,0.5819473279787584,True
CP_001413,5881,5881,70,71,3360,3407,3408,3455,7,119,226,61.00936695365584,355.33994477622485,61.01304618499999,355.34020437055,61.002611133487065,355.33792463585894,61.012444,355.3417,0.010681174576753296,0.0016174158583936254,0.010534223099937809,0.010681174576753296,0.5810751486020247,True
CP_001414,12515,12510,150,65,7200,7247,3120,3167,10530,353,208,60.383097895982615,355.23979486342324,60.3830319315,355.23528587995,60.38294953110605,355.24645832946027,60.383312,355.23764,0.011172753370758806,0.0023711261395950385,0.008825404502719835,0.011172753370758806,0.5807245327020939,True
CP_001415,5887,5887,70,77,3360,3407,3696,3743,28,119,244,61.009469007378264,355.4467194039212,61.01317141049999,355.446026631325,61.00227708502348,355.44839183434465,61.01296,355.44574,0.011148117011955123,0.0003572431748504723,0.011005760604573265,0.011148117011955123,0.5792595274583252,True
CP_001416,6293,6293,75,68,3600,3647,3264,3311,495,133,217,60.9739155322074,355.2918270694772,60.97358751156249,355.28730536875,60.97358785703236,355.29853350569726,60.97457,355.28964,0.011228136952553203,0.0025355679028131145,0.008945387243817557,0.011228136952553203,0.5757846368532865,True
CP_001417,10441,10441,125,66,6000,6047,3168,3215,7200,280,211,60.57944681484545,355.25702259775534,60.579888418497504,355.25244609955,60.57894610562868,355.26373888121606,60.579506,355.25488,0.011332028560662365,0.0024665511929526855,0.008873744739008128,0.011332028560662365,0.5749455868339308,True
CP_001418,13359,13353,160,79,7680,7727,3792,3839,11834,383,249,60.30558126020295,355.4719993153535,60.3046695910425,355.47708147735,60.30817633190034,355.4665959120698,60.303898,355.47232,0.011056414911228406,0.004823063176583001,0.007146810284035446,0.011056414911228406,0.5739662089615594,True
CP_001419,8367,8367,100,67,4800,4847,3216,3263,3870,207,214,60.77579364657843,355.2743325696656,60.7767462735,355.26976147915,60.774942680151305,355.2810194329718,60.775692,355.27222,0.011401511883103132,0.0026720978810991806,0.008834470082197165,0.011401511883103132,0.5711301033812174,True
CP_001420,13442,13436,161,79,7728,7775,3792,3839,12014,386,249,60.29674030768577,355.47163781496766,60.296796446482496,355.47703453815,60.29758325953381,355.4655888676906,60.29584,355.4723,0.011472682643702176,0.004839704007192336,0.00692390134261645,0.011472682643702176,0.5661378670348358,True
CP_001421,14506,14499,174,64,8352,8399,3072,3119,13770,423,205,60.1938263869969,355.22282060472395,60.1940461993975,355.218327492575,60.19225016130024,355.22964481964385,60.195183,355.2205,0.01145895478787247,0.0024425695786912593,0.00961354323232742,0.01145895478787247,0.5628247201654548,True
CP_001422,12432,12427,149,65,7152,7199,3120,3167,10395,350,208,60.39105746861512,355.24002532052623,60.390904387000006,355.23527668835,60.39089533818129,355.24715889236927,60.391373,355.23764,0.01188220746482211,0.002409635083315872,0.009530473084263875,0.01188220746482211,0.5536934612847004,True
CP_001423,10358,10358,124,66,5952,5999,3168,3215,7065,277,211,60.58740532691303,355.25725370559167,60.587761507,355.25243886015,60.586891912703926,355.264439444125,60.587563,355.25488,0.012032049284349632,0.0024520364161306108,0.009580134508460018,0.012032049284349632,0.5487966313338764,True
CP_001424,6210,6210,74,68,3552,3599,3264,3311,360,130,217,60.981876879864,355.29207061776464,60.98146147743751,355.28730493312503,60.98153366410761,355.2992340686063,60.982635,355.28967,0.011929353890569693,0.002642983563649953,0.009624495279693234,0.011929353890569693,0.5484226671939678,True
CP_001425,8284,8284,99,67,4752,4799,3216,3263,3735,204,214,60.783754057610025,355.27456499156864,60.7846174295,355.26975818195,60.782888487226565,355.2817199958808,60.783756,355.27222,0.01208611740384502,0.0026050733134021196,0.009542736199198246,0.01208611740384502,0.54599944599637,True
CP_001426,14672,14665,176,64,8448,8495,3072,3119,13905,429,205,60.180556328885324,355.222596200221,60.178302742782506,355.218354841975,60.184304354225006,355.22894425673485,60.17906,355.2205,0.012171895697185122,0.0022656295342187295,0.009948181404440412,0.012171895697185122,0.5430299708371327,True
CP_001427,13525,13519,162,79,7776,7823,3792,3839,12149,389,249,60.28878083963338,355.47136023494687,60.288923301922495,355.47698759895,60.28963845525891,355.4648335844063,60.28778,355.47226,0.012175036501958121,0.0048641663867812455,0.007654774116654203,0.012175036501958121,0.5391373311581039,True
CP_001428,14423,14416,173,64,8304,8351,3072,3119,13635,420,205,60.20178587107608,355.22305016329364,60.20191838923751,355.218315605375,60.200195968375496,355.23034538255285,60.203243,355.2205,0.012152459527814422,0.0025457999236540665,0.010316217422951355,0.012152459527814422,0.5354132949720717,True
CP_001429,12349,12344,148,65,7104,7151,3120,3167,10260,347,208,60.39901703341429,355.24025593429593,60.398776819,355.23526796675003,60.39884114525654,355.2478594552784,60.399433,355.23764,0.012591652839363322,0.002461524058945136,0.01023620706147889,0.012591652839363322,0.5264870400106167,True
CP_001430,10275,10275,123,66,5904,5951,3168,3215,6930,274,211,60.59536400414644,355.2574844217614,60.595635091,355.25243044575006,60.59483771977917,355.26514000703406,60.59562,355.25488,0.012734549418629015,0.002452418224387593,0.010286921485066158,0.012734549418629015,0.5223945181661027,True
CP_001431,8201,8201,98,67,4704,4751,3216,3263,3600,201,214,60.79171096727769,355.27479757013833,60.7924895255,355.26975535475,60.7908342943018,355.28242055878985,60.79181,355.27222,0.012772908192389175,0.002553762058026295,0.010250217965119659,0.012772908192389175,0.5206275449009463,True
CP_001432,6127,6127,73,68,3504,3551,3264,3311,225,128,217,60.98893919723999,355.2923032787342,60.9893353434375,355.28730235312497,60.98947947118285,355.29993463151527,60.988003,355.28967,0.012633100574957793,0.0027193741719764293,0.010367485385306997,0.012633100574957793,0.5205867411600124,True
CP_001433,14340,14333,172,64,8256,8303,3072,3119,13500,418,205,60.20884937993866,355.22327903545505,60.209792015000005,355.21830165895005,60.208141775450734,355.23104594546186,60.208614,355.2205,0.012850685945307768,0.0024846636298313514,0.010567015929662396,0.012850685945307768,0.5155868568736339,True
CP_001434,13608,13602,163,79,7824,7871,3792,3839,12284,391,249,60.28171639308516,355.47109409411877,60.281049675,355.4769444597499,60.281693650984,355.46407830112184,60.282406,355.47226,0.01288226466544881,0.004877280600496594,0.008212161634951903,0.01288226466544881,0.5143253554206736,True
CP_001435,14767,14760,177,76,8496,8543,3648,3695,13943,432,241,60.17553822793767,355.42494864657994,60.170794192,355.42469830477506,60.18378908922512,355.4239696564491,60.17203,355.42618,0.013015309534326641,0.0019287624056090276,0.01196327218652008,0.013015309534326641,0.5009668292402202,True
CP_001436,14766,14759,177,75,8496,8543,3600,3647,13940,432,238,60.17551906866208,355.40836668998355,60.170776144,355.407500055975,60.1838297680409,355.40857291436646,60.17195,355.40903,0.013097638173705394,0.001926873025207777,0.01188715403595232,0.013097638173705394,0.4998837073928639,True
CP_001437,12266,12261,147,65,7056,7103,3120,3167,10125,344,208,60.406976895907626,355.2404862450073,60.406650144082505,355.235258335975,60.40678695233178,355.24856001818733,60.407494,355.23764,0.013302385732449382,0.00252696281222217,0.010942477690985032,0.013302385732449382,0.4990723503986754,True
CP_001438,6044,6044,72,68,3456,3503,3264,3311,135,125,217,60.99601738619376,355.29245851792234,60.9972084355625,355.28730102875,60.99477667589967,355.3004016734546,60.996067,355.28967,0.01332442669437378,0.0026321685038302976,0.010806140711473297,0.01332442669437378,0.49891046744936063,True
CP_001439,10192,10192,122,66,5856,5903,3168,3215,6795,271,211,60.603324800844696,355.2577152120727,60.603507404000005,355.252422253775,60.60278352685441,355.26584056994307,60.603683,355.25488,0.013437827462334405,0.0024668500292655132,0.010994650920771037,0.013437827462334405,0.49578555156618304,True
CP_001440,8118,8118,97,67,4656,4703,3216,3263,3465,198,214,60.799670488410186,355.275040526234,60.8003618265,355.26975314255,60.79878010137705,355.28312112169885,60.79987,355.27225,0.013461230288852395,0.0025422907163066815,0.010928245731319884,0.013461230288852395,0.4950875371833581,True
CP_001441,14768,14761,177,77,8496,8543,3696,3743,13946,432,244,60.17555930634478,355.44153078550124,60.17081036799999,355.44189710055,60.18374841040934,355.43936639853183,60.17212,355.44333,0.013183223964231343,0.0019397972894274818,0.012285804661166062,0.013183223964231343,0.4925993765117972,True
CP_001442,14764,14757,177,73,8496,8543,3504,3551,13933,432,232,60.17547910640286,355.3735031668634,60.17073300136249,355.373106458375,60.18392468527773,355.3726471828401,60.17178,355.37476,0.013199676455749943,0.001953448371450877,0.012326752290937704,0.013199676455749943,0.49150558032639413,True
CP_001443,14257,14250,171,64,8208,8255,3072,3119,13365,415,205,60.21680998473783,355.2235069868247,60.21766756700001,355.21828495015006,60.21608758252598,355.2317465083709,60.216675,355.2205,0.013553962545012696,0.002417772872193004,0.011272312245374264,0.013553962545012696,0.49002487240509174,True
CP_001444,14763,14756,177,72,8496,8543,3456,3503,13930,432,229,60.175455187374915,355.35692205526703,60.1707083035,355.355910744575,60.1839653640935,355.3572504407574,60.17169,355.3576,0.013324580347649993,0.0019590524700556955,0.012278589230952283,0.013324580347649993,0.4889149700461505,True
CP_001445,13691,13685,164,79,7872,7919,3792,3839,12419,394,249,60.27375676255278,355.4708177940979,60.27317604300001,355.47690136055,60.273748846709104,355.4633230178375,60.274345,355.47223,0.0135904192322033,0.0048164621459941175,0.008925943156799683,0.0135904192322033,0.48845945290999504,True
CP_001446,14765,14758,177,74,8496,8543,3552,3599,13936,432,235,60.17549982079846,355.3900844834597,60.17075571472249,355.390302787175,60.183884006461945,355.3880439249228,60.17186,355.3919,0.013321205000705716,0.0019471860821150303,0.012629500459991566,0.013321205000705716,0.4847612932060247,True
CP_001447,14761,14754,177,70,8496,8543,3360,3407,13923,432,223,60.17541083799488,355.3220599812051,60.1706519995,355.3215214941499,60.18406028133033,355.3213247092311,60.17152,355.32333,0.013409725796817642,0.002009493853952536,0.012699961174330065,0.013409725796817642,0.48088866722602647,True
CP_001448,14760,14753,177,69,8496,8543,3312,3359,13920,432,220,60.175384495587764,355.3054796558088,60.17062003149999,355.30432813895,60.18410096014611,355.3059279671484,60.171432,355.30618,0.013575525309402588,0.002024868447391514,0.012671029051813618,0.013575525309402588,0.4769131485248712,True
CP_001449,14762,14755,177,71,8496,8543,3408,3455,13926,432,226,60.17543490083623,355.3386406420764,60.1706809435,355.3387158557749,60.18401960251454,355.3367214513138,60.171604,355.34048,0.013486937141569403,0.0019952057729466276,0.012973231362244738,0.013486937141569403,0.47572110727087286,True
CP_001450,5889,5889,70,79,3360,3407,3792,3839,34,119,249,61.00949328923758,355.4786337129943,61.01319474,355.48130735535,61.00218164260532,355.47995389105483,61.013103,355.47464,0.011095953308436894,0.0066680872272134204,0.012145996190149857,0.012145996190149857,0.47429958855062465,True
CP_001451,5961,5961,71,68,3408,3455,3264,3311,0,122,217,61.00397555342719,355.29269215889207,61.00508048956251,355.28730138875005,61.00272248297493,355.3011022363637,61.004124,355.28967,0.014000842471876574,0.0025572065990954553,0.011514956002488488,0.014000842471876574,0.4740769056832864,True
CP_001452,8035,8035,96,67,4608,4655,3216,3263,3330,195,214,60.80763264434086,355.2752735848037,60.808234402500005,355.26975175535,60.806725908452286,355.2838216846079,60.807938,355.27225,0.014150564074082607,0.002513144218033593,0.011637624086221474,0.014150564074082607,0.4693512943447465,True
CP_001453,14758,14751,177,67,8496,8543,3216,3263,13913,432,214,60.175336917606806,355.27061883175526,60.17055022699999,355.26994263855,60.184195877382926,355.27000223562203,60.171265,355.2719,0.013645780526750842,0.002094585937123212,0.0130714358399773,0.013645780526750842,0.46928021461747255,True
CP_001454,10109,10109,121,66,5808,5855,3168,3215,6660,268,211,60.61128248607812,355.2579461018424,60.611378012,355.252414360175,60.61072933392965,355.2665411328521,60.61174,355.25488,0.014141657947704556,0.00249486943774669,0.011702055646605041,0.014141657947704556,0.4689969877529895,True
CP_001455,12183,12178,146,65,7008,7055,3120,3167,10035,341,208,60.41405301872823,355.2406383088537,60.4145246672025,355.23524748557503,60.41208415704861,355.24902706012665,60.41555,355.23764,0.013994026033807769,0.002603407547715873,0.011902526615979717,0.013994026033807769,0.46882517210861085,True
CP_001456,14759,14752,177,68,8496,8543,3264,3311,13916,432,217,60.17536354044816,355.2871988371516,60.170586851,355.28713503375,60.18415519856714,355.28539897770474,60.17135,355.28906,0.01367895998586767,0.002072521335824717,0.013320326022322587,0.01367895998586767,0.465615408376467,True
CP_001457,14174,14167,170,64,8160,8207,3072,3119,13230,412,205,60.22476881747124,355.22372487566827,60.2255416175,355.21826857135,60.22403338960121,355.2324470712799,60.22473,355.22046,0.014258492615196084,0.002335441755537704,0.012008393290361788,0.014258492615196084,0.46423974654635425,True
CP_001458,14757,14750,177,66,8496,8543,3168,3215,13910,432,211,60.1753087511997,355.25403892864233,60.17051278700001,355.25275055020006,60.18423655619871,355.2546054935393,60.171177,355.25476,0.013848561506928234,0.0021170573249905855,0.013060568537409965,0.013848561506928234,0.4640656390467873,True
CP_001459,13774,13768,165,79,7920,7967,3792,3839,12554,397,249,60.26579939183364,355.47053847155206,60.2653053757425,355.4768491937749,60.265804042434205,355.4625677345531,60.26629,355.4722,0.01429016255939472,0.004753537534389436,0.009642941889119483,0.01429016255939472,0.46278994322127054,True
CP_001460,14756,14749,177,65,8496,8543,3120,3167,13906,432,208,60.17528511222676,355.2357589242517,60.170471555,355.2355598878,60.18429079461974,355.2340765040957,60.171093,355.23764,0.013898626222832004,0.0021713196853686296,0.01367052822520836,0.013898626222832004,0.4545112455469875,True
CP_001461,7952,7952,95,67,4560,4607,3216,3263,3195,192,214,60.815591076901775,355.2755060933734,60.816107252482496,355.26974871815,60.81467171552752,355.2845222475169,60.815994,355.27225,0.01484311073540578,0.002501149771178363,0.012345975568242592,0.01484311073540578,0.44333316487209357,True
CP_001462,10026,10026,120,66,5760,5807,3168,3215,6525,265,211,60.619240732779026,355.25817676226205,60.6192503044025,355.252405778525,60.6186751410049,355.2672416957612,60.619797,355.25488,0.014847062105806344,0.002536592853869279,0.01240967399948304,0.014847062105806344,0.4419951116879374,True
CP_001463,12100,12095,145,65,6960,7007,3120,3167,9900,338,208,60.42201411452566,355.24086878694834,60.42239787749999,355.23523835695,60.420029964123856,355.2497276230357,60.423615,355.23764,0.014681479675414607,0.002692562705159368,0.012607550708953634,0.014681479675414607,0.4417115904382223,True
CP_001464,14091,14084,169,64,8112,8159,3072,3119,13095,409,205,60.23272923783617,355.223953147038,60.23341280150001,355.21825282255,60.231979196676456,355.2331476341889,60.232796,355.22046,0.014963643825897568,0.0022908394393047916,0.012714894290370775,0.014963643825897568,0.4383372327316162,True
CP_001465,13857,13851,166,79,7968,8015,3792,3839,12689,400,249,60.25784085178125,355.4702588363312,60.2574350151825,355.476796088975,60.257859238159305,355.4618124512687,60.25823,355.47217,0.014989641891889768,0.004695615060341314,0.010362091990770343,0.014989641891889768,0.4370376145638601,True
CP_001466,14769,14762,177,78,8496,8543,3744,3791,13949,433,247,60.17468174732871,355.4581030183715,60.170823808,355.45909669575,60.18370773159356,355.45476314061455,60.169514,355.46045,0.013593203716445259,0.001883001637831776,0.015290583688033096,0.015290583688033096,0.42428284087070967,True
CP_001467,7869,7869,94,67,4512,4559,3216,3263,3060,189,214,60.823549683815195,355.275737551943,60.8239806255225,355.26974253095,60.82261752260277,355.2852228104259,60.82405,355.27225,0.015540177033176965,0.0025057692165089563,0.013054427449010291,0.015540177033176965,0.41699311585158527,True
CP_001468,12017,12012,144,65,6912,6959,3120,3167,9720,336,208,60.42995824535446,355.24117820104124,60.4302685815,355.23523251534994,60.43062437355751,355.2506617069144,60.42898,355.23764,0.015433293242893349,0.002730141355914684,0.013124520658751618,0.015433293242893349,0.4159843937443375,True
CP_001469,9943,9943,119,66,5712,5759,3168,3215,6390,262,211,60.6272013229382,355.2584069848317,60.6271258124825,355.252395883325,60.62662094808014,355.26794225867013,60.627857,355.25488,0.015554570853504833,0.0025922493115202224,0.013117830364926766,0.015554570853504833,0.41475973270679184,True
CP_001470,14008,14001,168,64,8064,8111,3072,3119,12960,406,205,60.240687281736236,355.2241814619493,60.2412844855,355.218237204375,60.239925003751694,355.2338481970979,60.240852,355.22046,0.01567007608212862,0.0022634138619282746,0.013421289038410014,0.01567007608212862,0.4121893116925559,True
CP_001471,13940,13933,167,79,8016,8063,3792,3839,12824,403,249,60.24988032712228,355.4699814190354,60.2495625155,355.47674963795,60.2499144338844,355.4610571679844,60.250164,355.47214,0.015696415519796107,0.004651245957239696,0.011083094095302778,0.015696415519796107,0.41091036134831643,True
CP_001472,11934,11929,143,65,6864,6911,3120,3167,9630,333,208,60.43703447503415,355.24133160115434,60.4381396105,355.23522567374994,60.43592157827433,355.2511287488538,60.437042,355.23764,0.016057006717080057,0.0026523650762049164,0.01353484191358871,0.016057006717080057,0.39623474470057823,True
CP_001473,7786,7786,93,67,4464,4511,3216,3263,2925,186,214,60.83150926558603,355.2759696103044,60.8318531084375,355.269738143125,60.83056332967801,355.285923373335,60.83211,355.27225,0.016236539230978172,0.0025224261976113955,0.013763392758151778,0.016236539230978172,0.3905137822785061,True
CP_001474,9860,9860,118,66,5664,5711,3168,3215,6255,259,211,60.635162892642285,355.2586371311514,60.6350004445,355.252385759375,60.634566755155376,355.26864282157914,60.63592,355.25488,0.016262845936586577,0.002661499110904341,0.01382653696987073,0.016262845936586577,0.3873284005756472,True
CP_001475,13925,13918,167,64,8016,8063,3072,3119,12825,403,205,60.248645798969655,355.224409900519,60.2491575895,355.218221957175,60.24787081082694,355.234548760007,60.24891,355.22046,0.01637743234052192,0.002250797443674273,0.01412797250216112,0.01637743234052192,0.3858295671640095,True
CP_001476,14023,14016,168,79,8064,8111,3792,3839,12959,406,249,60.24192219215564,355.4697044790146,60.2416895555,355.47670461875003,60.2419696296095,355.4603018847,60.242107,355.4721,0.01640512498649255,0.004616632495668318,0.011805852687656514,0.01640512498649255,0.38459081054612587,True
CP_001477,11851,11846,142,65,6816,6863,3120,3167,9495,330,208,60.44499260826757,355.24156189492396,60.44601156249999,355.2352159921499,60.44386738534958,355.2518293117627,60.4451,355.23764,0.01675111590939307,0.002590493297051379,0.014242272703100913,0.01675111590939307,0.3708125272632696,True
CP_001478,7703,7703,92,67,4416,4463,3216,3263,2790,183,214,60.839465461573695,355.276203372074,60.8397230633975,355.269738865525,60.83850913675326,355.2866239362439,60.840164,355.27225,0.016928651189029562,0.0025469401080463238,0.014471573424908037,0.016928651189029562,0.36405230111233144,True
CP_001479,9777,9777,117,66,5616,5663,3168,3215,6120,256,211,60.64312236144146,355.2588772334471,60.642872588500005,355.25237498577496,60.64251256223063,355.26934338448825,60.643982,355.2549,0.016972217704465477,0.0027701693699860182,0.01450467243621821,0.016972217704465477,0.3597590348108103,True
CP_001480,13842,13836,166,64,7968,8015,3072,3119,12690,400,205,60.25660415186974,355.22463881948033,60.2570302005,355.21820815115,60.25581661790218,355.23524932291605,60.256966,355.22046,0.017084329599997877,0.002251759006981745,0.014834903421381504,0.017084329599997877,0.3593084796455125,True
CP_001481,14106,14099,169,79,8112,8159,3792,3839,13049,409,249,60.234847286552885,355.46951159603367,60.2338180155,355.476660009575,60.23667309342623,355.4597983625104,60.23405,355.47208,0.01710165523265321,0.004589498404641762,0.012554970293897919,0.01710165523265321,0.3581527604519238,True
CP_001482,5878,5878,70,68,3360,3407,3264,3311,0,119,217,61.00928661399295,355.2926928288921,61.0129532159375,355.28730339874994,61.00272248297493,355.3011022363637,61.012184,355.28967,0.01717777099749518,0.002491140243341572,0.014837582303751422,0.01717777099749518,0.3539466932239581,True
CP_001483,11768,11763,141,65,6768,6815,3120,3167,9360,327,208,60.452950735834314,355.2417919336937,60.4538834975,355.23520554554995,60.451813192424815,355.2525298746718,60.453156,355.23764,0.01744759417873914,0.0025413338526649224,0.014949878354248861,0.01744759417873914,0.34516999294509926,True
CP_001484,14755,14748,177,64,8496,8543,3072,3119,13905,432,205,60.175246496582815,355.222601030546,60.1704298865,355.21836933295,60.184304354225006,355.22894425673485,60.171005,355.2205,0.017445052814709934,0.0021968519830172476,0.015759095074954703,0.017445052814709934,0.3394243414076023,True
CP_001485,7620,7620,91,67,4368,4415,3216,3263,2655,180,214,60.8474243100737,355.2764368959854,60.847593346500005,355.26973887435,60.8464549438285,355.287324499153,60.848225,355.27225,0.017622433440164852,0.002586658674495668,0.0151806891356415,0.017622433440164852,0.33734731636916404,True
CP_001486,13759,13753,165,64,7920,7967,3072,3119,12555,397,205,60.264564284234666,355.22486997084997,60.2649005205,355.21820104235,60.26376242497743,355.23594988582494,60.26503,355.22046,0.017785294659231305,0.002261646106974609,0.015542668335376628,0.017785294659231305,0.3328137029898269,True
CP_001487,9694,9694,116,66,5568,5615,3168,3215,5985,253,211,60.65107926986828,355.25910764006676,60.6507446807775,355.2523656427249,60.650458369305866,355.27004394739726,60.652035,355.2549,0.01768062301921294,0.002855698516209489,0.015212514143620601,0.01768062301921294,0.3321317662718004,True
CP_001488,14189,14182,170,79,8160,8207,3792,3839,13184,412,249,60.22688852002049,355.4692450133389,60.2259469755,355.47661554477503,60.22872828915133,355.45904307922603,60.22599,355.47208,0.017791212749490876,0.004539335469985364,0.013317825558159744,0.017791212749490876,0.3320051684109142,True
CP_001489,11685,11681,140,65,6720,6767,3120,3167,9225,324,208,60.460911380199235,355.2420207874634,60.4617553535,355.23519154394995,60.45975899950005,355.2532304375808,60.46122,355.23764,0.01814902511755189,0.002506717583755301,0.015658345073563926,0.01814902511755189,0.3192110888447124,True
CP_001490,7537,7537,90,67,4320,4367,3216,3263,2520,177,214,60.85538493843862,355.2766794870811,60.8554651545,355.26973556715,60.854400750903736,355.28802506206205,60.85629,355.27228,0.018320441565455446,0.002672392880055819,0.015860025160249452,0.018320441565455446,0.310333735359798,True
CP_001491,9611,9611,115,66,5520,5567,3168,3215,5895,251,211,60.65726186312873,355.2592624223132,60.65861653269749,355.25236294752494,60.655755574022685,355.2705109893365,60.657413,355.2549,0.018372166615113723,0.002819890165558071,0.015685523115614056,0.018372166615113723,0.30937816860750533,True
CP_001492,13676,13670,164,64,7872,7919,3072,3119,12420,394,205,60.27252071140233,355.2251007935697,60.272771169,355.2181929476,60.27170823205267,355.236650448734,60.273083,355.22046,0.01848808219001885,0.0022873554353924795,0.016249700654690235,0.01848808219001885,0.3060847441234948,True
CP_001493,14272,14265,171,79,8208,8255,3792,3839,13319,415,249,60.21892876811561,355.46896857311805,60.218072979382505,355.47657202497504,60.22078348487644,355.45828779594166,60.21793,355.47205,0.018484043696602122,0.004528389370571056,0.014050931387823585,0.018484043696602122,0.30565739810501397,True
CP_001494,5802,5802,69,75,3312,3359,3600,3647,21,116,238,61.01475078636924,355.4111420168477,61.0210127893425,355.41078483835,61.00238843451133,355.4115694348493,61.02085,355.41107,0.01864087402843334,0.00032934181404524953,0.01846940664186842,0.01864087402843334,0.2989937935902456,True
CP_001495,5803,5803,69,76,3312,3359,3648,3695,24,116,241,61.01476733186041,355.42807126455045,61.0210300383825,355.42842705115,61.00234071330226,355.4273504632045,61.02093,355.42844,0.018720307517751302,9.922453911160704e-05,0.018622213197180326,0.018720307517751302,0.29797434035256826,True
CP_001496,5799,5799,69,72,3312,3359,3456,3503,11,116,229,61.014694137116955,355.3586325387226,61.020946985,355.35786178494993,61.00254750520828,355.358966006999,61.020588,355.35907,0.018432584271875812,0.0012602720851917193,0.01804071465041512,0.018432584271875812,0.2979230590080192,True
CP_001497,5800,5800,69,73,3312,3359,3504,3551,14,116,232,61.01471550339296,355.3755509880243,61.020971067000005,355.37550212012496,61.00249978399919,355.3747470353541,61.020676,355.3764,0.018486710056343558,0.000948845548573417,0.01825122834618374,0.018486710056343558,0.29783132490694664,True
CP_001498,5796,5796,69,69,3312,3359,3312,3359,1,116,220,61.014632997644505,355.3061152943965,61.020860080602496,355.304945950525,61.00270657590523,355.3063625791487,61.020332,355.30704,0.018208694885992884,0.002156960914172982,0.01763867212615836,0.018208694885992884,0.29733721484603615,True
CP_001499,5797,5797,69,70,3312,3359,3360,3407,4,116,223,61.014654327135666,355.3230328727732,61.020891681642496,355.322583672925,61.00265885469614,355.3221436075038,61.020412,355.32437,0.01823813685743699,0.0018507873252322019,0.017892812908563746,0.01823813685743699,0.2972515756416259,True
CP_001500,11602,11599,139,65,6672,6719,3120,3167,9090,321,208,60.468870812998404,355.24224984470806,60.46962738949999,355.235178152775,60.467704806575306,355.2539310004898,60.46928,355.23764,0.018851143798613273,0.002486579555837144,0.016366621142394042,0.018851143798613273,0.2930563963067784,True
CP_001501,5801,5801,69,74,3312,3359,3552,3599,17,116,235,61.01473491476988,355.392469686401,61.020993099,355.393143202525,61.002452062790105,355.3905280637092,61.02076,355.39374,0.018724555395587743,0.0006388018021825514,0.018586759818829363,0.018724555395587743,0.29156659484765746,True
CP_001502,5798,5798,69,71,3312,3359,3408,3455,7,116,226,61.0146784280966,355.33995080342487,61.020920153,355.34022245215004,61.002611133487065,355.33792463585894,61.020504,355.3417,0.018452646293490194,0.0015401587346414618,0.018287924516594355,0.018452646293490194,0.29083280202229744,True
CP_001503,5804,5804,69,77,3312,3359,3696,3743,28,116,244,61.01478046581902,355.4467440892472,61.0210453305,355.44607016972503,61.00227708502348,355.44839183434465,61.02102,355.44577,0.01891129728159789,0.00030106126896777414,0.01892435818149988,0.01892435818149988,0.2867365635804322,True
CP_001504,9528,9528,114,66,5472,5519,3168,3215,5760,248,211,60.66522001712965,355.2594948374329,60.666488547,355.252359629975,60.66370138109793,355.2712115522455,60.66547,355.2549,0.019056843050717975,0.002749285555880817,0.01639391639490997,0.019056843050717975,0.2842888993471658,True
CP_001505,5805,5805,69,78,3312,3359,3744,3791,31,116,247,61.014799220327454,355.46366390762387,61.0210577625,355.463714612125,61.00222936381439,355.46417286269974,61.02111,355.4631,0.018833974372219064,0.0006126411752105748,0.018911386783581396,0.018911386783581396,0.2841326360675946,True
CP_001506,7454,7454,89,67,4272,4319,3216,3263,2385,174,214,60.86334178510628,355.2769119056508,60.8633370615,355.26973225995,60.86234655797899,355.28872562497105,60.86434,355.27228,0.019019174851932403,0.0027366599624426427,0.016568362239129004,0.019019174851932403,0.28320785118204433,True
CP_001507,14355,14348,172,79,8256,8303,3792,3839,13454,418,249,60.210969771628974,355.4686922978972,60.2101974348225,355.476529000175,60.21283868060153,355.4575325126573,60.209873,355.47202,0.019179226190746208,0.00452525003670825,0.01478335380564411,0.019179226190746208,0.27916179720194034,True
CP_001508,13593,13587,163,64,7824,7871,3072,3119,12285,391,205,60.28048201176725,355.22532843933936,60.280644993,355.218175322,60.27965403912791,355.23735101164306,60.281147,355.22046,0.019201277636247016,0.0023381890551685716,0.016957875069334757,0.019201277636247016,0.278767257537533,True
CP_001509,11519,11516,138,65,6624,6671,3120,3167,8955,318,208,60.47682955423182,355.2424808688777,60.4775011655,355.23517066237497,60.47565061365054,355.2546315633988,60.477337,355.23764,0.01954868821190978,0.002475176347854928,0.017074653444342298,0.01954868821190978,0.26690992229979016,True
CP_001510,9445,9445,113,66,5424,5471,3168,3215,5625,245,211,60.67317869436306,355.25972524720254,60.674362131,355.25235029637497,60.671647188173175,355.2719121151546,60.673527,355.2549,0.019749320710321483,0.002695733653110701,0.01710238284709209,0.019749320710321483,0.2587905259894281,True
CP_001511,7371,7371,88,67,4224,4271,3216,3263,2250,171,214,60.8713027654712,355.27714432422044,60.8712099255,355.26972895275,60.87029236505422,355.28942618788005,60.872406,355.27228,0.019718595004243392,0.0028155627886122733,0.017278124486483283,0.019718595004243392,0.2558640339552208,True
CP_001512,14438,14431,173,79,8304,8351,3792,3839,13589,421,249,60.20301142597568,355.468415014343,60.2023238427625,355.476482950375,60.20489387632663,355.4567772293729,60.201817,355.472,0.019872607094507506,0.004526601869284472,0.015515863237886103,0.019872607094507506,0.2526540087976802,True
CP_001513,13510,13504,162,64,7776,7823,3072,3119,12150,388,205,60.28844076700066,355.2255561015507,60.288518811,355.218157745725,60.28759984620315,355.2380515745521,60.289204,355.22046,0.019915042598487254,0.0024009779854250357,0.017665542614589563,0.019915042598487254,0.25129242753763614,True
CP_001514,5806,5806,69,79,3312,3359,3792,3839,34,116,249,61.0148060192441,355.4786612919204,61.02106866,355.48135957455,61.00218164260532,355.47995389105483,61.021168,355.47467,0.01893925479408911,0.006689898364785087,0.019707552843763566,0.019707552843763566,0.18694676441998342,True
