Common_Point_ID,OHRC_tile_id,Common_Latitude,Common_Longitude,Consistency_Score
CP_000001,3586,60.792809607098455,355.4449138701305,0.9806192001011447
CP_000002,3451,60.80076887672481,355.4451835874318,0.9781588957651632
CP_000003,3184,60.81670450497585,355.46255709896144,0.9776015984002817
CP_000004,3853,60.776873630726165,355.4275648898847,0.9696109742434151
CP_000005,3174,60.816654097150774,355.41029221107675,0.9690122445895563
CP_000006,3319,60.80874635553948,355.4622951293497,0.9689987411783487
CP_000007,111,60.99705309761723,355.4109381245991,0.9684473571058099
CP_000008,4130,60.76098946074327,355.4624134331369,0.9677267552126904
CP_000009,121,60.997100344991175,355.4634344924689,0.9670692397805092
CP_000010,256,60.989142087543065,355.46316433210086,0.9661285787612041
CP_000011,9085,60.47004975410818,355.4611159116552,0.9647894457041669
CP_000012,7193,60.580590586158955,355.4614702663269,0.9645215714960388
CP_000013,2907,60.83259276001502,355.4276569347533,0.9637978559879862
CP_000014,9487,60.44615578857284,355.44361420184333,0.9637827800185708
CP_000015,5478,60.68226996072579,355.4446566594356,0.9633350730780753
CP_000016,9220,60.46209065568791,355.4608424422275,0.9617191686065569
CP_000017,9352,60.4541148983832,355.4438758220251,0.9615096103088898
CP_000018,4265,60.75302924983813,355.46214133845075,0.9613504933238827
CP_000019,3718,60.78483254147678,355.42782141674843,0.9601486128351343
CP_000020,5201,60.698155914547534,355.4098697008971,0.9599354011624192
CP_000021,7460,60.564654450265664,355.4441923652615,0.9591142011331938
CP_000022,246,60.98909094488965,355.41067631878906,0.9588800427297305
CP_000023,5613,60.674309011315124,355.4443870784544,0.9584423956161415
CP_000024,9210,60.4620377523143,355.4090299884577,0.958157106641142
CP_000025,2772,60.84055002757018,355.4279246002531,0.9578613045993244
CP_000026,5880,60.6583757132434,355.42707533995537,0.9576815432889021
CP_000027,3441,60.80071462218704,355.39294640736404,0.9574929816459461
CP_000028,5468,60.68221572904127,355.39256429640636,0.9572089759659295
CP_000029,9075,60.469996937796815,355.40929516520237,0.9570279782405192
CP_000030,8808,60.48593466651173,355.42652278611996,0.9570003291212822
CP_000031,3049,60.8246628119122,355.4628281910993,0.9567635213634265
CP_000032,3309,60.808695859504695,355.4100385341479,0.9566338590766404
CP_000033,523,60.97320615084673,355.44571730791125,0.9565121176523267
CP_000034,5211,60.69820631395269,355.46197945595895,0.9562616011509898
CP_000035,7058,60.588550052319015,355.4617437283246,0.9557623700955425
CP_000036,5745,60.66633362456765,355.4273441061501,0.9550067437877214
CP_000037,3576,60.792756539077544,355.39268499490413,0.9549484924560587
CP_000038,10031,60.41433560242873,355.460926723417,0.9546784442869987
CP_000039,9754,60.43022013495327,355.42638379009605,0.9545794288457744
CP_000040,388,60.98116346296583,355.44598516961764,0.9544091248379729
CP_000041,3721,60.78485167737117,355.4446545853636,0.9537956943539388
CP_000042,3039,60.82461249229686,355.41055501053165,0.9533560221279945
CP_000043,6157,60.64248813979989,355.4618260259837,0.9530351387721655
CP_000044,3988,60.76891631820797,355.4272982954367,0.9522588775372148
CP_000045,12959,60.24189790162439,355.4601544928167,0.9519878459626895
CP_000046,5066,60.706112535753086,355.4101337744485,0.9518294085332782
CP_000047,3316,60.8087295095836,355.44545365352474,0.9517283720321668
CP_000048,13094,60.2339402347911,355.4598790399875,0.9517104977865576
CP_000049,5603,60.6742585112248,355.39231326930076,0.9509693951186804
CP_000050,9342,60.45405698816753,355.3920825584642,0.9507081039355503
CP_000051,7328,60.57263128884474,355.46119639599584,0.9504695211452204
CP_000052,4934,60.71409294160939,355.4271868612341,0.9504634402889798
CP_000053,1459,60.91833147391818,355.39321670891877,0.9504158595273812
CP_000054,9477,60.446099078493205,355.39181890109785,0.9502494087640615
CP_000055,8541,60.50187045730132,355.4437702610183,0.9499656768825022
CP_000056,3995,60.76894866773589,355.462675417047,0.9498680024625228
CP_000057,4924,60.71403682597042,355.37505198994694,0.9497130182213693
CP_000058,8943,60.47797492669847,355.4262631308565,0.949676069063466
CP_000059,7595,60.55669410379477,355.44392064097536,0.9493238355603386
CP_000060,4120,60.760937192384375,355.4102170157091,0.9490944115225295
CP_000061,4799,60.722051125530605,355.4274548108305,0.9490307222691347
CP_000062,5735,60.6662782777636,355.3752691603035,0.9489638950944026
CP_000063,3042,60.82463213791667,355.42740109844635,0.9487373372562566
CP_000064,13361,60.218004199223856,355.4427327908216,0.9483448786072884
CP_000065,5346,60.690248038210285,355.46170753472455,0.9483098200185986
CP_000066,8139,60.524873135886004,355.4612914434411,0.9481732545678164
CP_000067,6916,60.5964773227386,355.426783588806,0.9479268821007694
CP_000068,4255,60.75297689326951,355.4099531993059,0.9478519761676607
CP_000069,13226,60.2259627084089,355.4430052473976,0.9478119751085777
CP_000070,1604,60.91042546760554,355.4453503255613,0.9477946248210929
CP_000071,6781,60.60443277706103,355.4270511291656,0.9476730264993589
CP_000072,5343,60.69023080239063,355.44492595462515,0.9475832440225803
CP_000073,7183,60.5805389466362,355.40951381226023,0.9472736274974284
CP_000074,6514,60.62037042453377,355.44433426926906,0.9471340868068692
CP_000075,2640,60.848526335499905,355.44504626513555,0.9470375307744723
CP_000076,9619,60.438177692574634,355.4266541959756,0.9469424070630774
CP_000077,6147,60.64243715142666,355.4097844033538,0.946915700045792
CP_000078,5336,60.69019627902964,355.40960607234564,0.9464889127474404
CP_000079,2762,60.840495247481776,355.3756364593194,0.9464532883429891
CP_000080,3454,60.80078574547162,355.46202243721183,0.9464329856098437
CP_000081,5076,60.70616540142752,355.4622518221934,0.9462495420478707
CP_000082,10166,60.40637695387117,355.4606520374411,0.9460359752423992
CP_000083,8798,60.48587872465805,355.3746870959679,0.9460201688569772
CP_000084,1594,60.910371091588225,355.3929571996054,0.9459788951915249
CP_000085,8673,60.49389508073657,355.4267921389096,0.945858061338808
CP_000086,1736,60.902446957718446,355.42819824709863,0.9458346760134315
CP_000087,8950,60.47801071859422,355.4613914110828,0.9458073546187207
CP_000088,5191,60.6980961146292,355.3577624325019,0.9457173547225282
CP_000089,9622,60.4381979395474,355.44334215966063,0.9456645228289217
CP_000090,8933,60.477916354145236,355.3744254460696,0.9456584866598845
CP_000091,2897,60.83253790379689,355.3753770865026,0.9455997231020461
CP_000092,1192,60.934267622023185,355.41061848220716,0.9453153580923044
CP_000093,4397,60.745051004099,355.44505873036655,0.9452031442545867
CP_000094,378,60.98111364237328,355.39350638284714,0.9451284223326976
CP_000095,1469,60.91838322502676,355.4456080949067,0.9451061106976448
CP_000096,7325,60.5726136753183,355.44446380454764,0.9450442183399081
CP_000097,9889,60.422261415891164,355.42612323528425,0.944943956037308
CP_000098,4789,60.721996367214615,355.3753116468603,0.9448958546457955
CP_000099,1861,60.89443172448872,355.3755758907343,0.9447740977893541
CP_000100,12682,60.257784240921985,355.42575415126277,0.9445465719333594
CP_000101,6424,60.62655280427043,355.4445212804697,0.9441161195791765
CP_000102,8531,60.5018168884346,355.39190704069915,0.9439131167827592
CP_000103,2495,60.856433041205946,355.39299944952126,0.9435762063209242
CP_000104,3843,60.776819442410726,355.3753431464232,0.9434691782597577
CP_000105,7727,60.54871750069037,355.4269244883756,0.9434361555002979
CP_000106,6022,60.650446009778655,355.46208825282383,0.9432778907981761
CP_000107,5056,60.706056629816736,355.35800804084437,0.9432554860466998
CP_000108,8004,60.53283109003751,355.46156450032043,0.9430936094299451
CP_000109,5333,60.69017666267583,355.3928252989129,0.9429303085133963
CP_000110,4522,60.73793444068223,355.39262750538916,0.9429018086098643
CP_000111,12949,60.2418451941458,355.4086206699728,0.942749226787394
CP_000112,1726,60.90239406620117,355.3758243214767,0.9427068105428195
CP_000113,13084,60.23388489422377,355.4083534498266,0.9427057048281919
CP_000114,9200,60.46197677792079,355.3572196582961,0.9424805626487762
CP_000115,5870,60.658317746250624,355.3750188606179,0.9424257028641868
CP_000116,9065,60.46993731881876,355.35747658708283,0.9421882778384411
CP_000117,6292,60.63453152722019,355.46155411820104,0.9420685950434586
CP_000118,1182,60.9342128069398,355.35820169832726,0.9417232456648164
CP_000119,3164,60.816596805910706,355.35802969025036,0.9417002167363532
CP_000120,12817,60.24982364855921,355.4254937536145,0.9416025380794515
CP_000121,658,60.96524498319703,355.4454588179892,0.9414679824348715
CP_000122,7862,60.540760381565825,355.4266553901344,0.9414602000734663
CP_000123,8663,60.493836683161106,355.37493798354836,0.9411827444130639
CP_000124,101,60.996996366165966,355.3584339485282,0.9411380753754746
CP_000125,391,60.98118102268429,355.46289453560786,0.9407288033316039
CP_000126,8406,60.509831449449415,355.44404211816936,0.9406572295586294
CP_000127,6012,60.65039510744766,355.4100384289359,0.9406527279920043
CP_000128,2630,60.848473852346224,355.39273889065953,0.9405850302012183
CP_000129,8940,60.477956706686804,355.409562371947,0.9403476842658212
CP_000130,6015,60.65041531278765,355.42681655773686,0.9403242493321938
CP_000131,9612,60.438141162458045,355.3915651329241,0.9402971635294815
CP_000132,7048,60.588495957169464,355.40976880904896,0.9401195808802315
CP_000133,6649,60.612411171104156,355.4440641945312,0.9401092752835898
CP_000134,4532,60.73798936606611,355.4447880897253,0.9400732457621497
CP_000135,3708,60.78477716348615,355.3756015563299,0.9400629873893279
CP_000136,3306,60.808674075449794,355.39319796904806,0.9396841386446625
CP_000137,13496,60.210045177466306,355.44246049924567,0.9389720306586968
CP_000138,12415,60.27371847967217,355.44291290946677,0.9389230845624492
CP_000139,3985,60.76889775829749,355.4104808767623,0.9388619702005909
CP_000140,12547,60.26574027750167,355.4260269222455,0.9387901027873072
CP_000141,12824,60.24985858492253,355.4604199299115,0.9387089061823991
CP_000142,5458,60.682155961089165,355.3404744067105,0.9384357472049962
CP_000143,9355,60.45413416189914,355.4605691827999,0.9383666689775941
CP_000144,9896,60.42229508612703,355.46120199651796,0.9382927546026616
CP_000145,1047,60.942171380289544,355.35844616347646,0.9382532907235152
CP_000146,5326,60.690137670947344,355.35750709663347,0.9382361190861463
CP_000147,1057,60.942227387688966,355.4108714000394,0.9380745538981364
CP_000148,8396,60.50977541748006,355.3921707268507,0.9379432209873902
CP_000149,1327,60.92631059498891,355.41035568950724,0.9377747192118708
CP_000150,10021,60.41427963975278,355.4091736473961,0.9376917578933224
CP_000151,4400,60.74506932490798,355.46186886530626,0.937663422969164
CP_000152,13628,60.20206579470128,355.4256069533614,0.9376464338148196
CP_000153,4657,60.72997623497637,355.39237529162364,0.9374064607095467
CP_000154,236,60.9890354003219,355.3581907136022,0.9373507186906449
CP_000155,7450,60.56460027325763,355.3922533165608,0.9373359710785951
CP_000156,9744,60.43016106984586,355.3746157554592,0.9373085753927214
CP_000157,3583,60.792791765560715,355.4280882167964,0.9372819323787648
CP_000158,1324,60.92629045029488,355.39347589323216,0.9371139371474346
CP_000159,1449,60.91827411392702,355.34081742540485,0.9369128209815827
CP_000160,780,60.958111066544255,355.3758463949566,0.9367336610510806
CP_000161,9217,60.46207268652864,355.44414645540786,0.9366184899423902
CP_000162,5323,60.690115699127695,355.340727116534,0.936477574931013
CP_000163,13763,60.194105338461306,355.4253353678303,0.9364509440395321
CP_000164,5748,60.666353147033306,355.4441276669909,0.9363979494810734
CP_000165,1694,60.90334851713397,355.4451625849885,0.9358858992121227
CP_000166,3029,60.82455528078651,355.3582841642222,0.9358532455691058
CP_000167,5610,60.67429332945765,355.4276110496947,0.9357845053105228
CP_000168,13351,60.21794636403792,355.3912345518861,0.9356587350984008
CP_000169,12672,60.25772209234066,355.37420556692797,0.9354792242592199
CP_000170,253,60.98912327904977,355.44625226326565,0.9352184258826313
CP_000171,1826,60.89537004732543,355.4280229567484,0.9351977840786982
CP_000172,8274,60.51691383016876,355.4610283253378,0.9351505225738633
CP_000173,3711,60.7847998010263,355.3924238222941,0.9348752624779586
CP_000174,6282,60.63447790750575,355.40952068025405,0.9348536684237339
CP_000175,5069,60.70613256555665,355.42692012663775,0.9348409195390879
CP_000176,915,60.950153415265426,355.3755986637625,0.9347980063380383
CP_000177,9345,60.45407989875006,355.40877519423907,0.93474083039333
CP_000178,114,60.99707221175387,355.4278522234792,0.9346431139385483
CP_000179,381,60.981134890324164,355.4104149229791,0.9346205096069746
CP_000180,5593,60.674196112217295,355.3402315527463,0.9342896466952504
CP_000181,8676,60.49391515669043,355.44349831338377,0.9341511825097522
CP_000182,12280,60.2816794379182,355.4431847864944,0.9341265512570678
CP_000183,10298,60.39839671789225,355.44371181486395,0.9340342919425559
CP_000184,8264,60.51775669827989,355.40914790301105,0.9339561073847832
CP_000185,2003,60.886511372357226,355.4108082309962,0.9338716025222081
CP_000186,2637,60.84850739874034,355.4281920310112,0.933796716454193
CP_000187,2128,60.87849446462462,355.3582062840344,0.9337459189686917
CP_000188,12405,60.273662496425054,355.39134730456607,0.9337192170622114
CP_000189,2103,60.879483669706794,355.4629772540172,0.9336850217548729
CP_000190,7318,60.57257956255226,355.4092482346122,0.9336045300868965
CP_000191,8666,60.49386022428822,355.3916535270737,0.9335971582586804
CP_000192,10156,60.40632218535126,355.40891731862916,0.9335539960005659
CP_000193,13216,60.225904950265196,355.39148876672806,0.9335388079915259
CP_000194,4647,60.72991567617518,355.34021530077774,0.9335292996527687
CP_000195,4667,60.73002869888264,355.4445275832768,0.9335057290694777
CP_000196,12807,60.249763955671334,355.37395334727927,0.9334468779815961
CP_000197,2775,60.8405677151774,355.4447762002576,0.9333138177067333
CP_000198,13493,60.210024191028914,355.4258675853164,0.9332771566778814
CP_000199,9879,60.42220227497402,355.3743633773304,0.9332197930906699
CP_000200,13486,60.209987266310655,355.39097023299314,0.93321572174793
CP_000201,3444,60.8007351612271,355.409774134693,0.9329525505335257
CP_000202,9609,60.43811870336027,355.37487798423905,0.9329119763232127
CP_000203,3299,60.8086384863824,355.35778440075455,0.9328439492386793
CP_000204,2238,60.87152422812855,355.46270561142757,0.9328436244494842
CP_000205,12270,60.28161972218354,355.39161108811066,0.9323294908705453
CP_000206,8521,60.50175400576969,355.34004645133,0.9323219784167192
CP_000207,11102,60.35149966659089,355.4088009239328,0.9323112809692446
CP_000208,6923,60.59650713730173,355.46201679865567,0.932239310036127
CP_000209,9467,60.44603688668432,355.34003600521993,0.9322248399860055
CP_000210,4664,60.730010646017575,355.4277229854269,0.9321261090126886
CP_000211,1584,60.9103149170006,355.3405763813005,0.9321248350113284
CP_000212,3978,60.76886078235706,355.3750951315842,0.9321108230110651
CP_000213,3032,60.82457719722632,355.3751193703526,0.9318884116997086
CP_000214,243,60.98907353442695,355.3937651134122,0.9318521892030969
CP_000215,4654,60.72995470370555,355.37557152877366,0.93185188859408
CP_000216,925,60.950207085135936,355.42803299800835,0.9318405676078815
CP_000217,11369,60.335560031884846,355.39162358086656,0.9317793407722195
CP_000218,9332,60.45399487519088,355.34028121678574,0.9316081777281391
CP_000219,1993,60.8864522430974,355.3584516109319,0.9315613211816243
CP_000220,9602,60.43807762199369,355.33978035720315,0.9314379741886365
CP_000221,12550,60.26576108557514,355.4426480432401,0.9314187837094859
CP_000222,8930,60.477895908112735,355.3577254886184,0.9314110535854137
CP_000223,7051,60.58851636531981,355.42651618511303,0.9313112979780912
CP_000224,4914,60.71397399266478,355.3229295745191,0.9312739096704665
CP_000225,1601,60.91040545799058,355.4284651780501,0.93112379473545
CP_000226,1202,60.934318087186405,355.46302745856104,0.9311043639844782
CP_000227,1996,60.88647651193836,355.3753177324658,0.9309775757549957
CP_000228,11092,60.35143883090034,355.3571259739685,0.9309222032117505
CP_000229,1314,60.92623063522192,355.34106831703525,0.9308261553215615
CP_000230,4512,60.73787523801902,355.34046931104467,0.9307053666798385
CP_000231,13229,60.22598400619021,355.45960364236663,0.9306062998461102
CP_000232,11334,60.33649941328784,355.44335678605677,0.9305919438827912
CP_000233,4387,60.74589388634801,355.39288985334747,0.9305671517927809
CP_000234,6005,60.65035981295665,355.37475820015624,0.930559752761577
CP_000235,4262,60.7530122283458,355.4453285254661,0.9305331065648053
CP_000236,11202,60.34447850538273,355.46027674256294,0.9304334833962971
CP_000237,12540,60.26570375348255,355.3910804760214,0.9304287473654271
CP_000238,13074,60.23382409611721,355.3568402679335,0.9302312026372999
CP_000239,10825,60.36737842019557,355.3742856995139,0.9301341031638551
CP_000240,8386,60.509712610784874,355.34030185279016,0.9301243830348227
CP_000241,8788,60.485813583053705,355.3228536908157,0.9300957254449371
CP_000242,1334,60.926340849947984,355.445875731903,0.9300874881338269
CP_000243,6002,60.65033735394999,355.35799100496456,0.9300719766669189
CP_000244,4779,60.72193106168718,355.3231707662235,0.9298108267706097
CP_000245,5059,60.706077645513716,355.37480372055956,0.9297121714234813
CP_000246,8653,60.493772889092234,355.32309644571325,0.9297028607864094
CP_000247,8923,60.477853675348506,355.3226002883921,0.9296422568492324
CP_000248,790,60.95816466044505,355.4282890218855,0.9295845136918505
CP_000249,12939,60.24178193228246,355.357089175254,0.9295452109990527
CP_000250,1337,60.92635987276861,355.46276651637913,0.9295421336794057
CP_000251,7585,60.556638579251256,355.3919897249577,0.929539196529526
CP_000252,1317,60.926254426042554,355.3579473289853,0.9295145265437451
CP_000253,3431,60.80065734319404,355.34070137672865,0.929479929093975
CP_000254,13219,60.22592603572166,355.40809651741483,0.9293359506784954
CP_000255,9335,60.454018841346816,355.3569731239605,0.9293051275742668
CP_000256,5600,60.67423552709181,355.37552781276526,0.9290647027668891
CP_000257,5481,60.68228849090212,355.46144578601616,0.9290142379137023
CP_000258,513,60.974048885611275,355.39325710061644,0.9289895245292248
CP_000259,10301,60.39841616574461,355.4603769847984,0.9288120473478018
CP_000260,4931,60.71407420616248,355.41038771047397,0.9287456710702442
CP_000261,5738,60.666298749236,355.39205206759425,0.9285532636821235
CP_000262,7592,60.55667550912651,355.4271834449658,0.9285357947621592
CP_000263,6137,60.64237931616594,355.3577453149239,0.9284951034023377
CP_000264,2627,60.848452696779155,355.3758854046102,0.9283493125269338
CP_000265,3566,60.79269790722656,355.34044825531834,0.9282452289181103
CP_000266,2914,60.83262337583424,355.4630998665705,0.9281570385370117
CP_000267,11504,60.32760127096363,355.3913681835963,0.9281493664633954
CP_000268,12814,60.249803433322164,355.4088780447846,0.9279805404932827
CP_000269,11359,60.33549670162901,355.3399758896776,0.9279135345141762
CP_000270,7730,60.54873739118781,355.4436489166892,0.927674572210698
CP_000271,9207,60.46201613984844,355.39233472663796,0.9275032276045325
CP_000272,6289,60.63451157273263,355.44478060788975,0.9274809357725624
CP_000273,8129,60.524819636909434,355.4094028218064,0.9274190874550822
CP_000274,1716,60.90233314401231,355.32345247137977,0.9274006596701785
CP_000275,12537,60.265680759621574,355.37447016122775,0.9273787953671965
CP_000276,8656,60.493795994087826,355.3398011207875,0.9273482635622393
CP_000277,3860,60.77690464470953,355.4629476157331,0.927346294089857
CP_000278,10690,60.375337797245436,355.374547012592,0.9270975566608844
CP_000279,1729,60.90241379826304,355.3927061078181,0.9270580675558437
CP_000280,8254,60.51769630322109,355.3572698553926,0.9269633095363243
CP_000281,2904,60.83257314086611,355.41081839331986,0.9269400840932636
CP_000282,9886,60.422239208285795,355.409440698689,0.9268848999816748
CP_000283,1961,60.887409824481786,355.4277565057969,0.9268456417368376
CP_000284,13091,60.23392278217796,355.44327801897344,0.9268211545135531
CP_000285,7315,60.572557033000976,355.392506355638,0.9268180538346489
CP_000286,11469,60.3285394598906,355.44308295477737,0.9266984033742981
CP_000287,1427,60.91928378549098,355.4625785155096,0.9264303411404337
CP_000288,10967,60.35945900124111,355.40905727843966,0.9264210894661038
CP_000289,11112,60.35155503801386,355.46046798708784,0.9263624712501758
CP_000290,1591,60.910352653883024,355.3760829597452,0.9262270227265745
CP_000291,7869,60.540791875366345,355.4618388559915,0.9259625773327028
CP_000292,10815,60.36731460563106,355.3226058047929,0.9259516347028496
CP_000293,12138,60.28960164789592,355.40849308290854,0.9259470169981917
CP_000294,11636,60.319618632702635,355.37446484831435,0.9258980941407329
CP_000295,7173,60.58047666420367,355.35754949566757,0.9257993780192748
CP_000296,11227,60.34347936923456,355.3568775233362,0.9257782077591
CP_000297,5725,60.66621241117311,355.3232065859579,0.925687112089182
CP_000298,8119,60.52565578517778,355.3575165947049,0.9256747278685475
CP_000299,7463,60.56467336270877,355.46093250319086,0.9256435465967695
CP_000300,905,60.95009171611664,355.32315653532396,0.925544946206688
CP_000301,3177,60.81667377324151,355.4271356729466,0.9255427225851249
CP_000302,3856,60.77689279093898,355.4443852369539,0.925466023712432
CP_000303,4123,60.760958321337284,355.42703179393857,0.9254527357024083
CP_000304,5181,60.69803187861654,355.30564718491405,0.9254101994766066
CP_000305,645,60.96606809225733,355.3761041086768,0.9252980517904915
CP_000306,7997,60.53279826543743,355.4263866752265,0.9252748484966549
CP_000307,9078,60.470017723730905,355.42599329806694,0.9250199451074501
CP_000308,5887,60.658407628621354,355.4623629366065,0.9249602063970404
CP_000309,503,60.973992077748186,355.34078916945396,0.9248489397944287
CP_000310,10548,60.3832557068229,355.33976033987693,0.9248137100413514
CP_000311,12395,60.273595995228995,355.3397837775903,0.9247112767365147
CP_000312,4941,60.714125724301454,355.46252422342786,0.9246498066570308
CP_000313,10957,60.35939824062029,355.3573842721267,0.924647688786972
CP_000314,7994,60.53277767783066,355.40966769400274,0.9245497956549864
CP_000315,11082,60.351369838809866,355.3054633420134,0.9245173805088416
CP_000316,5046,60.70599121000055,355.30589467309954,0.9245172118811859
CP_000317,4110,60.760880590102005,355.35802284219795,0.9244938185846464
CP_000318,10835,60.36743689338167,355.42597785603584,0.9243396131835877
CP_000319,2263,60.87053613198518,355.3579513854858,0.9242855815560339
CP_000320,5316,60.69007463053072,355.3054103142545,0.9240852241420474
CP_000321,10700,60.37539745920508,355.42624732499706,0.9240584147393637
CP_000322,13753,60.19404508137203,355.3738621378188,0.9240494795299355
CP_000323,2765,60.84051643215977,355.39247714679794,0.9239745094403492
CP_000324,10977,60.35951300952862,355.4607426941537,0.9237946575371692
CP_000325,4377,60.745832227483014,355.34071308419396,0.9237475755103736
CP_000326,13209,60.225862615233865,355.3565812628786,0.9237457835679481
CP_000327,5208,60.69818910092396,355.4451952498146,0.9237315778369629
CP_000328,13618,60.20200562502174,355.37412554666685,0.9236665495679055
CP_000329,11771,60.311661213390494,355.37421399708893,0.9235918147687728
CP_000330,3181,60.81668641024512,355.4457231696177,0.923555185201265
CP_000331,9055,60.46987083050738,355.30566052062994,0.9235529650024112
CP_000332,4644,60.72989327988512,355.32341218292777,0.9235378897521572
CP_000333,11494,60.327536582212325,355.3397286754903,0.9234044578952332
CP_000334,9190,60.461910202112186,355.3054219417773,0.9234025491729124
CP_000335,4245,60.75292021125742,355.35777758060385,0.9233953121147647
CP_000336,4921,60.714015836344345,355.3582638567129,0.9233153366213033
CP_000337,10423,60.391276610819425,355.39172169448693,0.9232063935499059
CP_000338,1968,60.887442567805884,355.4632493716067,0.923173622195038
CP_000339,10680,60.37527279597739,355.32284868951206,0.9230980042609435
CP_000340,13895,60.18612584244187,355.40847924762966,0.9230752107336788
CP_000341,12662,60.257657160014936,355.3226591695182,0.9230195303499598
CP_000342,12260,60.28155711165448,355.3400293263259,0.9228760518470129
CP_000343,8261,60.51773526475795,355.39242424047603,0.9228404119407203
CP_000344,4390,60.7450181486729,355.40969918162045,0.9227435076555999
CP_000345,1851,60.89437199770339,355.323212369462,0.9227153848089982
CP_000346,12530,60.26563970850079,355.33952511065354,0.9226854420342261
CP_000347,770,60.9580519891367,355.32340614636115,0.922683591483141
CP_000348,11237,60.34354029689484,355.4085342056915,0.9226754194929125
CP_000349,1060,60.94224667736199,355.4277669566052,0.922651164053951
CP_000350,5860,60.658256887395936,355.32296446970525,0.9225924706890126
CP_000351,7717,60.548660963048725,355.37500259170764,0.9225303212546433
CP_000352,12797,60.2496964012927,355.3224152083608,0.922502932559332
CP_000353,648,60.96609016912336,355.3929968908513,0.92243085169105
CP_000354,5471,60.68223791507751,355.4093526163203,0.9223525185037476
CP_000355,7190,60.58057173153768,355.4447248763077,0.9222611614663959
CP_000356,3589,60.79282777020194,355.46175004986566,0.9222479399204162
CP_000357,8271,60.51689476378016,355.4443037956778,0.9221386496048773
CP_000358,9484,60.446135562950985,355.4269236889134,0.9221163866962705
CP_000359,10413,60.39121386297749,355.34000636752427,0.9220465126216342
CP_000360,10024,60.41430060626329,355.42585355794637,0.9220148140032447
CP_000361,6784,60.60445376016779,355.44380401731945,0.9219925437809904
CP_000362,11993,60.29749853146055,355.357151888288,0.921943628845001
CP_000363,12013,60.29672067389788,355.4603515957979,0.9218965943388782
CP_000364,10947,60.359329329779534,355.30570327816264,0.9218808711297144
CP_000365,6279,60.63445811279551,355.3927582891356,0.9218370231372234
CP_000366,11626,60.3195517641341,355.32284433294234,0.9218155730052859
CP_000367,8538,60.5018529518299,355.4270614916991,0.9217953849815046
CP_000368,11244,60.343574842133,355.44354619494334,0.9217222120480347
CP_000369,13341,60.21788055461957,355.33973842102563,0.9215669787765564
CP_000370,3573,60.792736475139804,355.375850007169,0.9215309272464844
CP_000371,13476,60.20992138092257,355.3394822852156,0.921350841197386
CP_000372,12952,60.24186416828801,355.42522365703167,0.9212522649551801
CP_000373,12128,60.2895401536775,355.3569025431075,0.9212086572610854
CP_000374,10950,60.35935261165497,355.32235330187274,0.9211500708110856
CP_000375,1067,60.94227776608246,355.46329884160224,0.9211479268061015
CP_000376,9068,60.4699603351737,355.37417396248907,0.9210542624853821
CP_000377,5049,60.70601472023836,355.3226794252887,0.9209390459298494
CP_000378,11217,60.34340903992861,355.3052230808642,0.9209214078164808
CP_000379,2620,60.848413259734286,355.3404336845169,0.9208773687513789
CP_000380,1462,60.91835037375737,355.410093841549,0.9208470859309439
CP_000381,912,60.95013188788331,355.3587012344851,0.920414049753741
CP_000382,7083,60.5875547536188,355.35772612635293,0.9203934134986897
CP_000383,3296,60.808614340255,355.34094463452965,0.9203919255007365
CP_000384,2752,60.840434971969955,355.3233401908598,0.9203578488896236
CP_000385,7852,60.54070121338294,355.3747417861493,0.9203397404486527
CP_000386,2505,60.85558897853249,355.44530510415416,0.9201856776290175
CP_000387,3975,60.76883996389409,355.3582783518432,0.9201836250691724
CP_000388,11234,60.343518309120235,355.3918880854713,0.9201570227105007
CP_000389,1581,60.910291807663896,355.3237027905653,0.920108378133584
CP_000390,10558,60.38331980811449,355.3914674892399,0.920080487490791
CP_000391,1050,60.94219293152175,355.37534095250066,0.9200451233696527
CP_000392,1172,60.934149698954826,355.3057871509723,0.9198227399462627
CP_000393,368,60.98105563914248,355.34103004368495,0.9198168993913808
CP_000394,10011,60.4142194598525,355.35743294658454,0.9197349168861113
CP_000395,2373,60.86356478082947,355.462433973838,0.919683761896448
CP_000396,10538,60.38318508009132,355.2880553681974,0.919638297587523
CP_000397,922,60.95018781825382,355.41113481539765,0.9196375973946707
CP_000398,12942,60.24180438799041,355.37369142897955,0.9195070236032177
CP_000399,11349,60.335425614225755,355.28834030373963,0.9194795951105437
CP_000400,4380,60.74585529781199,355.3575217543336,0.9193374005857863
CP_000401,5877,60.65835298756283,355.41030483443564,0.9191990228020905
CP_000402,12273,60.2816431752351,355.40822673639406,0.9191633167387334
CP_000403,8815,60.485969133615406,355.4616669043855,0.9191532967111512
CP_000404,2270,60.8705712791959,355.393429922865,0.9191324156770028
CP_000405,10805,60.36724122914753,355.27091807232927,0.919071272139729
CP_000406,9325,60.45395217684848,355.3051734003986,0.9189068958682463
CP_000407,9734,60.43009409247518,355.3228500574057,0.9188621531169321
CP_000408,2093,60.87943647906352,355.41062542461646,0.9188322189429469
CP_000409,8399,60.509796873792915,355.4088816284147,0.9188189687350725
CP_000410,2887,60.8324762763496,355.323099283252,0.9187577876438743
CP_000411,5590,60.674172281362566,355.3234468172106,0.9187554030867091
CP_000412,10163,60.40635753432972,355.4439843182616,0.918708921221095
CP_000413,10146,60.407154548881415,355.3571747051745,0.9186995497788972
CP_000414,1037,60.942109622240054,355.3060232202386,0.9186745598426305
CP_000415,5198,60.69813378161313,355.3930761288934,0.9185815538375579
CP_000416,9757,60.43023786689045,355.4430691477362,0.9184153790296876
CP_000417,638,60.966030753119036,355.34054753449783,0.9183386114210698
CP_000418,5728,60.66623753374453,355.33997852292265,0.9181716923682152
CP_000419,520,60.97318888767061,355.4288210870168,0.9180866664985359
CP_000420,9869,60.42213648159939,355.3226059279597,0.9178614288668092
CP_000421,10271,60.39913018204462,355.30520430536995,0.9178553852776634
CP_000422,6816,60.60349400855927,355.37497052696153,0.9177914048639163
CP_000423,11601,60.320560363707045,355.4261803889902,0.9176293537643574
CP_000424,10960,60.35942032848647,355.3740351028368,0.9175930841022615
CP_000425,4802,60.72206920118658,355.4442567826355,0.9174836037838507
CP_000426,11224,60.343456338211546,355.3402322197159,0.9174290490337679
CP_000427,12263,60.2815790618421,355.35664425960925,0.9173694820933147
CP_000428,10670,60.37519822608283,355.27115277611546,0.9173395680506793
CP_000429,13064,60.23375392906413,355.30531927369765,0.9173368353543487
CP_000430,13483,60.20996410387326,355.3743780501139,0.9172934390991745
CP_000431,10940,60.35928043076746,355.2706839010181,0.917202762516829
CP_000432,13206,60.225840492149814,355.3399844943095,0.9171709173782453
CP_000433,3850,60.77685382204084,355.41073459583936,0.9171628305507759
CP_000434,4252,60.75295874555545,355.39314124390467,0.917135891580003
CP_000435,6806,60.60343004329835,355.3229842266309,0.917084611637762
CP_000436,11736,60.31260176039888,355.4259111869558,0.9170145549288978
CP_000437,2370,60.86354938269574,355.4455741156989,0.9169315745781883
CP_000438,8251,60.517675077164,355.3405470737326,0.9169311853987843
CP_000439,4792,60.72201792895635,355.39211278366537,0.916871639882076
CP_000440,10403,60.39114459165638,355.288293220345,0.9166480254909581
CP_000441,11761,60.31159554937799,355.3226016143999,0.916638420900079
CP_000442,11484,60.327466685365096,355.2880911393092,0.9165219470017513
CP_000443,10014,60.41424264587719,355.37410195280046,0.9163489594856691
CP_000444,8389,60.509736402764396,355.3570118358792,0.916291876717278
CP_000445,8920,60.47782822420532,355.3059011294826,0.9162107082153624
CP_000446,1868,60.894467803294525,355.4110720559028,0.9161959184679165
CP_000447,4911,60.71394923365212,355.30613202375895,0.9161102545522953
CP_000448,12283,60.28169673130583,355.4598114163038,0.9160497726505501
CP_000449,2894,60.83251601129382,355.3585290575431,0.9160017618589086
CP_000450,8528,60.50179464166416,355.3751990436549,0.9158984143053039
CP_000451,8376,60.509644527842944,355.288434878938,0.9158297567904332
CP_000452,1189,60.93424877262498,355.39372584854453,0.915825287925988
CP_000453,8511,60.50168584500386,355.28819792047017,0.9157914739794124
CP_000454,7041,60.58846022298095,355.3745429500456,0.9157129447878967
CP_000455,5313,60.69004812539205,355.2886207451708,0.9156409039904142
CP_000456,2353,60.86435581033667,355.35778630248734,0.9155693338514233
CP_000457,13878,60.18691543774736,355.3221568259442,0.915559426749239
CP_000458,7440,60.564536770332246,355.340306300334,0.9155223990459644
CP_000459,5448,60.68208958494956,355.2883864805562,0.9155131030727282
CP_000460,10937,60.35925406365961,355.25403439951634,0.9154815443420162
CP_000461,635,60.966010353957756,355.32364529987234,0.9154472152431722
CP_000462,10433,60.39133391787544,355.4434492106589,0.9154294697121914
CP_000463,11072,60.35129576539265,355.25380268565004,0.9153173245122015
CP_000464,2260,60.870510910062386,355.34109091585,0.9153079041923731
CP_000465,13898,60.186146265686254,355.4250642299742,0.9151718054619674
CP_000466,5995,60.650295060794974,355.32271198592656,0.9151362370906798
CP_000467,9599,60.43805180820516,355.32310403291916,0.9151216436533861
CP_000468,233,60.98901307499437,355.3412803607671,0.9150258604376751
CP_000469,3171,60.816634882778295,355.393459166733,0.9149898112723769
CP_000470,2228,60.87147440769653,355.41037224723596,0.9149868520066287
CP_000471,3833,60.776757259529546,355.32313395281284,0.9149715859958947
CP_000472,104,60.99701775492343,355.3753473080833,0.9149600638149511
CP_000473,1829,60.89538756058124,355.4448930340671,0.9148682601794034
CP_000474,9761,60.43025246508458,355.4614783904938,0.9148488291755311
CP_000475,9197,60.46195411380152,355.3405353744024,0.914836059219359
CP_000476,10281,60.39919740208351,355.35692626962395,0.9148274461869594
CP_000477,13760,60.19408494192785,355.4087477970408,0.9147688652289486
CP_000478,8109,60.52558855708872,355.30563255169517,0.9147224240700844
CP_000479,12148,60.28876246733427,355.46007576072526,0.914691852887035
CP_000480,655,60.96612287496166,355.42855509621364,0.914679310008965
CP_000481,7350,60.57161332416138,355.34048130618953,0.9146601520848194
CP_000482,6150,60.64245611431181,355.42654974718386,0.9146030553628979
CP_000483,8244,60.517631542293806,355.3053941253158,0.914428834234174
CP_000484,7073,60.587489427530016,355.3057571762299,0.9144062706006613
CP_000485,10136,60.40708867637801,355.30544463456266,0.9143503871022285
CP_000486,12929,60.24171058172834,355.30557018181116,0.9142030856921473
CP_000487,10288,60.39923849003488,355.391986209735,0.914119767639273
CP_000488,9457,60.445968174611274,355.2882451434827,0.9140747354213339
CP_000489,7308,60.57251847571575,355.3573023832285,0.9140332710580522
CP_000490,7208,60.57952971183996,355.3055186852905,0.9139507937713925
CP_000491,1983,60.88639120952811,355.30610759467703,0.9138677577982408
CP_000492,13868,60.18684027111678,355.2706961362906,0.9138674194059169
CP_000493,5583,60.67412713085147,355.28815193885833,0.9138631100577286
CP_000494,1307,60.92619124026286,355.30555132531435,0.9138198729654574
CP_000495,371,60.98107799494094,355.3579377704753,0.9137934421283112
CP_000496,11214,60.34338404577392,355.28857830710234,0.9135553746824119
CP_000497,11511,60.32763862329184,355.4263684926469,0.9134489137003498
CP_000498,9058,60.469893761309976,355.3223570534945,0.9134163756575446
CP_000499,12804,60.24973897962278,355.35734846750887,0.9133457714336595
CP_000500,6951,60.59553592200394,355.3747214348943,0.9133181453914911
CP_000501,8805,60.48591519780522,355.4098194011656,0.9132983181617195
CP_000502,9747,60.43018100492304,355.3913003348993,0.9132934937430791
CP_000503,4637,60.72984723976324,355.2880674457912,0.9132384902408464
CP_000504,3698,60.78471633140043,355.32338401082825,0.9132141964495478
CP_000505,6941,60.5954718732983,355.32274335634656,0.9132052433588751
CP_000506,10565,60.38335548654447,355.42650689995713,0.9131866987027344
CP_000507,526,60.9732237333561,355.46262400865663,0.9131596621903779
CP_000508,10673,60.37522681763369,355.28781775084127,0.9131464259061048
CP_000509,13081,60.23386255999247,355.39175328482105,0.9131126393828878
CP_000510,11207,60.34333615314742,355.2535706467838,0.9131071887384323
CP_000511,9592,60.438008822990916,355.28800780067496,0.9130709550354258
CP_000512,13199,60.22579363105681,355.30507860665176,0.913044059911798
CP_000513,8646,60.49372775735228,355.28796083221073,0.9128779002503696
CP_000514,10970,60.359478877482296,355.4257087941498,0.912837324324224
CP_000515,1878,60.894518682018855,355.4634289163157,0.9127755858611157
CP_000516,5461,60.68217795569973,355.357261933291,0.9127047002658224
CP_000517,9876,60.422177842677,355.35768160919343,0.9126945231670871
CP_000518,1986,60.88641416341181,355.32297283640247,0.9126296740220156
CP_000519,11629,60.319575407154865,355.3394817613029,0.9126292151760814
CP_000520,8778,60.485740130216925,355.2710122664709,0.9125775356032132
CP_000521,4235,60.75375046575872,355.305593932834,0.9125744786298161
CP_000522,3434,60.80067897666084,355.3575284211826,0.912532028519516
CP_000523,1719,60.902353733008425,355.34033358219614,0.9124913068182814
CP_000524,10555,60.38329591215455,355.3747985252691,0.9124315535874354
CP_000525,5204,60.69817469613627,355.42666359956746,0.9123865766374383
CP_000526,12932,60.241738026567816,355.32217172887005,0.9123851173547536
CP_000527,13888,60.186087192674684,355.3736093499551,0.9123806137679816
CP_000528,3154,60.81653378749139,355.30576944864066,0.91231435989026
CP_000529,7453,60.564620282468304,355.40898241223914,0.912284242824647
CP_000530,5475,60.682250490096976,355.42786781785503,0.912239649548779
CP_000531,10568,60.38337465158539,355.4431766383779,0.912238630235985
CP_000532,6539,60.619373617065214,355.3402323351792,0.9122336510549596
CP_000533,7720,60.5486817855079,355.3917261850211,0.9121954215281844
CP_000534,118,60.99708410570031,355.44651975358875,0.9121835404134936
CP_000535,12520,60.26556664614751,355.2879720480941,0.912158862231884
CP_000536,9490,60.44617380963393,355.46029482724725,0.9121417458391963
CP_000537,10278,60.39917327503116,355.34026269968945,0.91211815901506
CP_000538,3701,60.78473727738833,355.34020553671735,0.9120904870799931
CP_000539,3448,60.800749788359745,355.4283552901779,0.9119170205983291
CP_000540,2910,60.832610468973165,355.4445059087129,0.9118676899836619
CP_000541,13733,60.19479959330683,355.2709326976967,0.9118329018597049
CP_000542,12412,60.27369896371287,355.42629936750336,0.9118219245702615
CP_000543,12527,60.26561463609982,355.322915541535,0.9117199384790811
CP_000544,8811,60.48595604138226,355.44322636574935,0.9117197571291316
CP_000545,4502,60.73780815512172,355.2883131402585,0.9116712549934549
CP_000546,8913,60.47778268967352,355.2707773292562,0.9115245571455683
CP_000547,9322,60.453924977433466,355.28849237902483,0.9115136407140212
CP_000548,11337,60.336519060910554,355.4600014965804,0.9114731633903629
CP_000549,10261,60.39905529843998,355.2534741363817,0.9114565345639903
CP_000550,3019,60.82449107709116,355.3060053302035,0.911421711882487
CP_000551,902,60.95006767043452,355.3062699652392,0.9114045311506145
CP_000552,11616,60.31948048205541,355.2712158099193,0.9112915806346413
CP_000553,1858,60.89441256470169,355.3587071103555,0.9112856915203909
CP_000554,12135,60.289579489240204,355.3918647124626,0.9111889766832413
CP_000555,11604,60.3205835357031,355.4428196161491,0.9111221523769035
CP_000556,6681,60.611452794222025,355.37522984197153,0.9111199215291093
CP_000557,10683,60.375297534335,355.33950427731196,0.9111032737762355
CP_000558,13358,60.21798450714314,355.4261373420474,0.911096726393496
CP_000559,13631,60.202085534976334,355.44218712554476,0.9110892835359081
CP_000560,13875,60.18688910293722,355.3055733211996,0.9110788013741237
CP_000561,8643,60.49370078379093,355.2712467286854,0.9109894769323204
CP_000562,12689,60.257816570247506,355.460696021199,0.9109445162548664
CP_000563,7974,60.53354676594938,355.30587076919954,0.9108765530195234
CP_000564,5188,60.69807416560047,355.34096965383156,0.9108491004608557
CP_000565,5867,60.65829658160064,355.3582388556553,0.9107594459327667
CP_000566,5883,60.65839525879247,355.4438562864513,0.9106954069610762
CP_000567,8409,60.50895409245152,355.4607537724585,0.9106175528800282
CP_000568,9474,60.44607792143211,355.3751291263679,0.9105898909286912
CP_000569,7340,60.571545866820664,355.28852947910747,0.9105714637581565
CP_000570,13865,60.18681211230663,355.25411326632934,0.9105303910524702
CP_000571,2498,60.85645467345535,355.40985584087383,0.9104890322161789
CP_000572,11501,60.32757847479302,355.37472749206586,0.9104456889106002
CP_000573,6774,60.60439874460179,355.39181346260284,0.910420456690548
CP_000574,1179,60.93419031631584,355.3413098878063,0.9102918675099363
CP_000575,2118,60.87843207319986,355.3058605151364,0.91026141560132
CP_000576,6671,60.61138891653082,355.32323539135785,0.9101614344392774
CP_000577,7582,60.556617779582986,355.3752533330732,0.9101359707057222
CP_000578,8801,60.48589847387882,355.3913898409223,0.910049787790795
CP_000579,4535,60.73710999960284,355.4615955986201,0.9100407432566711
CP_000580,7475,60.56358640513135,355.28829293039627,0.9100403774962557
CP_000581,10842,60.36747222845495,355.4610071421519,0.9100298133069674
CP_000582,4782,60.72195474993393,355.33997125802847,0.9099758863444077
CP_000583,12787,60.24962187942574,355.2708792278924,0.9098888004086482
CP_000584,13743,60.19397695854452,355.32240144886663,0.909833122103552
CP_000585,2096,60.8794534163354,355.42749005484546,0.90976711459026
CP_000586,108,60.99703316848812,355.39402427071894,0.9095970776946265
CP_000587,12675,60.2577463882383,355.39082350500274,0.9095826414243016
CP_000588,9082,60.470031807739836,355.44441729879054,0.9095773184334011
CP_000589,12253,60.28151193593388,355.3050741724755,0.9095552767184838
CP_000590,6404,60.627331561415254,355.3404854595511,0.9095004790489252
CP_000591,7859,60.54073727945846,355.4099236103397,0.9093544745971914
CP_000592,1466,60.91836451048098,355.42873045052653,0.9092162212121431
CP_000593,10545,60.38323099389621,355.3230919535062,0.9091652245108366
CP_000594,13621,60.20202626711853,355.3907151475012,0.9090974015848563
CP_000595,13608,60.20193757816393,355.32264648930567,0.9090884361932983
CP_000596,4370,60.74579283307593,355.3053565267228,0.9090457635475928
CP_000597,4367,60.745766497161185,355.2885485903248,0.9090140340513231
CP_000598,4242,60.75379362005677,355.34096631161924,0.9088573049468217
CP_000599,9994,60.41500160224914,355.2706157217013,0.9087967962489955
CP_000600,6958,60.59557414851144,355.4099518772564,0.9087891339098458
CP_000601,12685,60.25780379710062,355.44237267741255,0.9087075304184143
CP_000602,5992,60.6502726639465,355.3059456160516,0.9086263030175097
CP_000603,7575,60.55657753252766,355.3400611739399,0.9086039263725658
CP_000604,7186,60.5805555668002,355.4262483897534,0.9085842260014647
CP_000605,8241,60.517604529060286,355.2886718271975,0.9085756422041221
CP_000606,10268,60.39910408167977,355.2885312977011,0.9085578354552555
CP_000607,6549,60.619434042723434,355.39224592102687,0.9085261496725376
CP_000608,4529,60.737968797605454,355.4279808658305,0.908476748722376
CP_000609,10832,60.367418319177176,355.4093237142809,0.9084224585551366
CP_000610,3167,60.81661747357568,355.37487241006176,0.908383690603102
CP_000611,3022,60.82451676227672,355.3228499781182,0.9083321748825097
CP_000612,1040,60.94213115030158,355.3229173120044,0.9082938513327711
CP_000613,8379,60.509671565867386,355.3051443984854,0.9082915293595862
CP_000614,6517,60.62038915880046,355.46109278951275,0.9082780003103944
CP_000615,11619,60.319505428685424,355.2878524474049,0.9082210091683556
CP_000616,4113,60.760901433303395,355.3748369913441,0.9081107521476575
CP_000617,11751,60.311520372952316,355.27098128725976,0.9080964215702745
CP_000618,13885,60.186063295271204,355.3570251424855,0.9080735328948316
CP_000619,91,60.99693516217953,355.30594243133345,0.9080588915335032
CP_000620,1199,60.93430036456245,355.4461442205661,0.9080522716548287
CP_000621,4127,60.760971190476106,355.44558774478145,0.9080496217530427
CP_000622,13466,60.209850285121085,355.2879966504881,0.9080176635046248
CP_000623,10126,60.407013878490595,355.2537062112413,0.9080123357564516
CP_000624,7987,60.53274028137224,355.37449150865876,0.907941484165436
CP_000625,3846,60.7768395635303,355.3921729980686,0.9078837815126825
CP_000626,3968,60.768798507506155,355.3228942306568,0.9076618002071508
CP_000627,1452,60.91829538440705,355.357703983836,0.9076087961819452
CP_000628,1562,60.91132350772917,355.46230793559334,0.9075971164821631
CP_000629,9480,60.44611946953264,355.4085089417694,0.9075900381376711
CP_000630,10291,60.399257762122396,355.40865045066954,0.9074625398808538
CP_000631,7180,60.580516439875844,355.39276930724105,0.9074158500577019
CP_000632,11352,60.33544935680727,355.30498249944,0.9073169304229312
CP_000633,6948,60.5955132941067,355.357972598792,0.9072908373653565
CP_000634,8518,60.50172965199925,355.32333920061075,0.9072268654470983
CP_000635,6154,60.642470751234725,355.44504996642763,0.9072000074708723
CP_000636,11362,60.335518485717195,355.35661858565294,0.9071164124715557
CP_000637,13331,60.2178095367878,355.2882445440151,0.9070028140543529
CP_000638,4519,60.73791293404232,355.37582111649436,0.9069519322050345
CP_000639,226,60.988975384644,355.3057075434155,0.9069499265667873
CP_000640,7457,60.56463587838831,355.42745258880706,0.9069228182485743
CP_000641,3579,60.7927771047602,355.4095101019049,0.9068668580826968
CP_000642,10004,60.41507322351524,355.3223628485139,0.906742440741392
CP_000643,9737,60.430118660591376,355.3395339350457,0.906725856329354
CP_000644,6529,60.61930408415799,355.28823104720755,0.9067249724135993
CP_000645,1195,60.93428820605289,355.42750124020205,0.9067227298710533
CP_000646,12665,60.25767971207531,355.33927631151795,0.9066439500884328
CP_000647,7617,60.555671781706984,355.32324592853894,0.9066347963060333
CP_000648,3289,60.808574115305106,355.3055324798028,0.9065556118723481
CP_000649,10153,60.40630039620314,355.39224027912377,0.9064050505842802
CP_000650,10001,60.41504884561048,355.3056845379636,0.9062482208924573
CP_000651,6796,60.60336029581569,355.27100014620027,0.9061923596868431
CP_000652,783,60.9581306230697,355.39274672361233,0.906072949336107
CP_000653,10693,60.37536045211055,355.3912032547919,0.905964249037356
CP_000654,11342,60.33537765848295,355.25333826617594,0.9059568352137164
CP_000655,516,60.97317370433649,355.4101629762868,0.9058289099455452
CP_000656,7343,60.57156890425082,355.3052695898084,0.9057739052352098
CP_000657,249,60.98911008181718,355.4275877916243,0.9057370387944812
CP_000658,11491,60.32751296585997,355.32308867148475,0.9057298426184095
CP_000659,6931,60.595402049845916,355.27076757396566,0.9056308909902185
CP_000660,11996,60.297520815151266,355.3737824007289,0.9054993518411253
CP_000661,8136,60.52485537153408,355.4445745130622,0.9054954611581876
CP_000662,5194,60.69811842772369,355.3745453136462,0.9054844438834998
CP_000663,2235,60.87150758889999,355.4458431272435,0.9053572265694141
CP_000664,10822,60.367356354000314,355.3576322427589,0.9053198220504592
CP_000665,6788,60.604466348582605,355.46229000565336,0.905317102730608
CP_000666,5616,60.674328843448116,355.46117365499003,0.9052248634624788
CP_000667,5718,60.66616849040897,355.2879173942438,0.9051757833502383
CP_000668,13611,60.20196157732649,355.33923537639004,0.9051326457156857
CP_000669,7984,60.53271873577706,355.35776312889226,0.9050024724840161
CP_000670,6140,60.642399257531174,355.37450985509554,0.9049327132472391
CP_000671,6414,60.62739318154951,355.39249704475577,0.904930767454452
CP_000672,10535,60.383157775217136,355.2713878442266,0.904805760925926
CP_000673,510,60.97402937466767,355.376351519871,0.904787496734774
CP_000674,1848,60.8943490742906,355.3063445016915,0.9047535945555067
CP_000675,9859,60.422960118594666,355.2708505417392,0.9046420138717941
CP_000676,9180,60.46183722166441,355.2536159596741,0.9046332006695944
CP_000677,8795,60.48585449107336,355.3579845563551,0.9045868593071209
CP_000678,6262,60.63524903300328,355.30546113498514,0.9044711480571026
CP_000679,6691,60.6115086979633,355.42722655634356,0.9044274105801389
CP_000680,6674,60.6114129356329,355.3399889964083,0.9043995432637741
CP_000681,2755,60.84045575169643,355.34019040586423,0.9043891944974669
CP_000682,8791,60.48583671084021,355.33955579024513,0.9043337076375008
CP_000683,5465,60.68219531843071,355.3757762898258,0.904177923363544
CP_000684,9045,60.469796654463586,355.25384639211876,0.9040070329314327
CP_000685,12697,60.25669987367115,355.2710362223642,0.9040061534507204
CP_000686,9751,60.43019795781883,355.40970879998196,0.9039954571317979
CP_000687,7610,60.555627088317046,355.28805609668507,0.9039748118194668
CP_000688,1456,60.918310522352385,355.3763296704876,0.9038908640246568
CP_000689,12003,60.296666031943346,355.40875056077203,0.9038631024037195
CP_000690,3725,60.78486476855959,355.4632200063359,0.9038342138912769
CP_000691,10396,60.39109574123779,355.2532417256637,0.9038279450717157
CP_000692,6938,60.59544804398765,355.30599525278603,0.9037867504247467
CP_000693,11109,60.351536701781775,355.44381845742265,0.9036201392425554
CP_000694,6664,60.611344596746704,355.28798575176864,0.9036130976880428
CP_000695,793,60.958181977738,355.44519007786613,0.9034855467573832
CP_000696,5752,60.666365485754305,355.4626374201393,0.9034852843771102
CP_000697,7734,60.5487514798836,355.46211362087087,0.9034490194380583
CP_000698,13354,60.21796620071955,355.40782956682693,0.9034310311679786
CP_000699,11743,60.312637498257516,355.4609023277346,0.9033351436408237
CP_000700,7607,60.55560030028605,355.2713215593489,0.9032798985067263
CP_000701,13364,60.21802297930457,355.45932855974587,0.9032462584490154
CP_000702,7742,60.547640779234996,355.27108735168264,0.9031229646065195
CP_000703,6272,60.635315171526976,355.3574899173071,0.9030299184020985
CP_000704,12922,60.24166214380537,355.27064390748455,0.9028585347630497
CP_000705,13054,60.23367742657938,355.25381034272954,0.9026921971829258
CP_000706,4796,60.72203114130886,355.4106530340255,0.9026340527758985
CP_000707,11986,60.29745629006081,355.3221849977115,0.9025253686080976
CP_000708,5715,60.66614202737082,355.27113607255296,0.902462930877927
CP_000709,6684,60.6114747084766,355.391984151222,0.9024438278451056
CP_000710,932,60.950235566746095,355.4635706227685,0.9023909355612829
CP_000711,5873,60.65834078436544,355.39178890693773,0.9023732262211195
CP_000712,9315,60.453879120431,355.25338572350444,0.9022850759445117
CP_000713,3563,60.79267316693231,355.3236240529843,0.9021319238540225
CP_000714,12402,60.27363826074924,355.3747242680015,0.9020631641874435
CP_000715,11778,60.31169896592306,355.40919236381234,0.9020609428530877
CP_000716,2363,60.86351487362773,355.41010890232934,0.9019086015498661
CP_000717,6394,60.627265914135016,355.2884655663704,0.9018741553867027
CP_000718,10406,60.39116817368065,355.304953486243,0.9018247432229018
CP_000719,6507,60.6203379549188,355.4090846995052,0.9017762294297484
CP_000720,12555,60.26460614818128,355.23634325828647,0.9016898535336689
CP_000721,6661,60.61131924501788,355.27123288251823,0.9016606599400234
CP_000722,9991,60.414974125052794,355.2539378355593,0.9015870034180123
CP_000723,9048,60.46982269966526,355.27054238704176,0.901518862053531
CP_000724,12420,60.27256511848045,355.23657540550613,0.9015008426495557
CP_000725,3840,60.77679610688716,355.3585237406373,0.9013957092049543
CP_000726,5850,60.6581838727299,355.27090225805836,0.9013686972695596
CP_000727,9470,60.44606087067117,355.35672529994986,0.9013383430590949
CP_000728,12679,60.25776151166435,355.4091460521142,0.901233827390916
CP_000729,13344,60.217905246266035,355.3563326403498,0.9011676909075919
CP_000730,7707,60.548596443016315,355.32308292670615,0.9011523256550166
CP_000731,5451,60.68211356774762,355.3051734435951,0.9011366522355642
CP_000732,12430,60.27264270972239,355.2881331792709,0.901120620671519
CP_000733,13473,60.209896132985186,355.3228908238613,0.9011163256758905
CP_000734,3312,60.8087142945006,355.4268691974468,0.9011097586860886
CP_000735,4525,60.737956451221216,355.4094342076173,0.9010966099708004
CP_000736,4509,60.73785286777737,355.3236635288249,0.9010083537993472
CP_000737,11327,60.33646483184963,355.40834939561364,0.9008654867039485
CP_000738,10812,60.36728753184928,355.305953231838,0.9007212600048294
CP_000739,11075,60.351322156893076,355.2704495747069,0.9006413244692724
CP_000740,4232,60.75372542555482,355.2887833768494,0.9006382373471236
CP_000741,7865,60.540777756282665,355.4433873649291,0.900632474684959
CP_000742,13196,60.22576828176702,355.288482388766,0.9005700921207126
CP_000743,3421,60.800590907541185,355.28845843240157,0.9003922054927843
CP_000744,9724,60.43002389471429,355.27108647530207,0.9003821349248782
CP_000745,2900,60.83255911894579,355.3922253204623,0.9003740907971174
CP_000746,6144,60.64241738326734,355.39300921366447,0.9003624586827679
CP_000747,3161,60.81657523074572,355.34119749450656,0.9003436186714047
CP_000748,6127,60.643208448623646,355.3057082159189,0.9003183638460684
CP_000749,12145,60.28874012567454,355.44345667819704,0.9003135744991682
CP_000750,8132,60.52483897574137,355.42612934951126,0.9002040181851757
CP_000751,11099,60.35147897709296,355.3921420819416,0.9002010758331517
CP_000752,5580,60.674103241415736,355.27136791432264,0.9001415877877861
CP_000753,12655,60.25760911888381,355.28773138164144,0.9001171092605391
CP_000754,13189,60.22571705124235,355.2535776483667,0.9000993739358532
CP_000755,500,60.97396788164056,355.3238842583835,0.9000750662851189
CP_000756,2360,60.86349581070825,355.39324984718195,0.9000662003474501
CP_000757,11085,60.351394412561966,355.3221108164785,0.8998726328925769
CP_000758,1185,60.93423311267716,355.3750836447805,0.8995806627368675
CP_000759,4806,60.722082583478105,355.4627978396623,0.8993220481125554
CP_000760,2508,60.855606943308636,355.46216233624847,0.8992703803590069
CP_000761,2769,60.840530423532186,355.41107326024866,0.8992591090613391
CP_000762,9213,60.46205856799932,355.4257254952774,0.8992587384287514
CP_000763,2779,60.84058185553636,355.4633731987083,0.8992254358587799
CP_000764,3556,60.792631394005646,355.28822385188363,0.8992237760585274
CP_000765,7215,60.579571535440216,355.3407257925837,0.8992096203698023
CP_000766,7598,60.556713039028786,355.4606581528598,0.8991401411594312
CP_000767,2135,60.87853210178804,355.39368043540895,0.899128908602827
CP_000768,6919,60.59649451849902,355.4435338509149,0.8991067228883571
CP_000769,9187,60.46188302548807,355.28872814183256,0.8990996898683006
CP_000770,13750,60.19402121051949,355.3572753428209,0.8990944995456215
CP_000771,10703,60.37541664391693,355.4429042792469,0.8987836665066851
CP_000772,12153,60.28851049350671,355.2536493739171,0.8987835617184301
CP_000773,5857,60.658231977886864,355.3061853012594,0.8986000874387045
CP_000774,3438,60.800694585440226,355.37610880478405,0.8983909547300388
CP_000775,773,60.95807240916889,355.3402955524907,0.8983861467586088
CP_000776,11594,60.32052424687956,355.3911847614234,0.8983708375317597
CP_000777,7842,60.54063661474081,355.3228404263569,0.8983060506012581
CP_000778,9727,60.43004977903721,355.2877696147422,0.8982955925783729
CP_000779,4100,60.76081700984712,355.3058310289452,0.8982598361128625
CP_000780,4772,60.72189004328953,355.28783169572495,0.898231494678988
CP_000781,8910,60.477754124131245,355.25407872188845,0.8981765220740541
CP_000782,7076,60.58751455119734,355.3225025769457,0.8979861263596864
CP_000783,13071,60.233798188806816,355.3402409501195,0.8979508666541558
CP_000784,12919,60.24163542926408,355.25404304063403,0.8978157594302263
CP_000785,1597,60.910393832810605,355.40984184699164,0.8977805593617985
CP_000786,11095,60.351460942219944,355.3737741928419,0.8976717541119055
CP_000787,12794,60.24967025848989,355.30581111205703,0.8976503456353007
CP_000788,4937,60.71410976849052,355.4439862069942,0.8976284188778161
CP_000789,12408,60.273683429136014,355.4079604036045,0.8975753631683225
CP_000790,3286,60.80854924117762,355.28869328791956,0.8975601996905973
CP_000791,4258,60.752998052693336,355.4267654282905,0.897477653703459
CP_000792,6269,60.635291754605156,355.3407282995219,0.8974743463085036
CP_000793,7877,60.539683404761284,355.27085314401637,0.897435229888286
CP_000794,9866,60.42211212648554,355.3059249913645,0.8972645316420196
CP_000795,8112,60.52561259992064,355.322347402074,0.897123749410653
CP_000796,12398,60.273620511339054,355.3563961616287,0.8970891737255547
CP_000797,5073,60.70614821118971,355.44545481747815,0.8970732541669096
CP_000798,9589,60.43798168989314,355.27132209198993,0.8970466529499213
CP_000799,13601,60.20188913313535,355.28775782948713,0.8968940705256406
CP_000800,11768,60.31163642911063,355.3575787247233,0.8968631383908828
CP_000801,777,60.95808829038729,355.3589463396343,0.8968301867920712
CP_000802,4515,60.737897067253165,355.3572752783395,0.8967591099787943
CP_000803,5606,60.67427818083879,355.40908879222707,0.8967293125152721
CP_000804,3991,60.76893423276595,355.44411600206104,0.8966798728115839
CP_000805,12295,60.28060264855184,355.28837050572355,0.8966361719976854
CP_000806,10416,60.39123801282076,355.35667756074,0.896621397484968
CP_000807,98,60.99697533959511,355.34152093684816,0.8965326817546215
CP_000808,787,60.95814541635385,355.41139838575583,0.8964614375025475
CP_000809,2488,60.85639525925989,355.3575415827898,0.8964399803973334
CP_000810,8534,60.501838367812525,355.4086153510766,0.8963208206245706
CP_000811,7055,60.58853122424866,355.4449957122606,0.8962257470201449
CP_000812,7967,60.53350162383588,355.27069743637225,0.8962252723043711
CP_000813,4117,60.76091779965548,355.3934024326629,0.8961717987559458
CP_000814,8781,60.48576712656919,355.28771357142523,0.8961470358359642
CP_000815,7443,60.564561661461106,355.3570448382634,0.8960533985573035
CP_000816,10028,60.414316197998204,355.4442564549927,0.8959110211458955
CP_000817,2662,60.84750838239895,355.323502035865,0.8957977617763369
CP_000818,13334,60.21783491018101,355.304838149606,0.8956920317099435
CP_000819,385,60.98114749637889,355.4290761119023,0.8956459965394683
CP_000820,12285,60.28052387571386,355.2368044888758,0.8955079648223996
CP_000821,13087,60.23390643628841,355.42495383084065,0.8953858400470417
CP_000822,7205,60.57950288450346,355.2887760053447,0.8952098188081947
CP_000823,1733,60.90242881677657,355.41132615328326,0.895002414391182
CP_000824,3965,60.76877392402992,355.30607829758236,0.894862607141446
CP_000825,9203,60.46199854888587,355.37391444150745,0.8948491990285228
CP_000826,361,60.981910529733476,355.30547306549744,0.8946809921007175
CP_000827,8544,60.50189212720327,355.4604792236625,0.8946365544541688
CP_000828,13598,60.20186383503856,355.2711697126527,0.8945438132876999
CP_000829,6546,60.61941214885977,355.3754787892055,0.8945382155691189
CP_000830,3046,60.8246472831039,355.4459814631846,0.8944993920600115
CP_000831,7066,60.58744210864372,355.2705351240476,0.8944298550948444
CP_000832,13077,60.23384657704192,355.3734399524142,0.8944283603108181
CP_000833,5184,60.69805541164527,355.32243948358433,0.8943813471127419
CP_000834,6382,60.62745301785423,355.46136496529545,0.8942876919291253
CP_000835,9460,60.44599158679412,355.30493376162093,0.8942322445090327
CP_000836,10159,60.40634191076694,355.4255844306085,0.8942313972034305
CP_000837,4927,60.714057145417314,355.39185050070705,0.8942131448383379
CP_000838,8403,60.50981269842814,355.42732056590427,0.8940657559565847
CP_000839,7710,60.548619383828,355.33981606382076,0.893931050424305
CP_000840,7176,60.5804993367316,355.37429356068674,0.8938848156231414
CP_000841,2125,60.87847435175576,355.3413431875537,0.8936455916156294
CP_000842,5985,60.65112222535391,355.2706682394887,0.8936335160973786
CP_000843,12418,60.27373962590798,355.45953691323126,0.8935897302461946
CP_000844,6397,60.62728878904958,355.30522402422736,0.893482608887247
CP_000845,12018,60.296470307514966,355.2538823209316,0.8934417060695401
CP_000846,13456,60.209770840684676,355.23652291731156,0.8933114494750901
CP_000847,12388,60.27355202757534,355.30483423997794,0.893154482499591
CP_000848,2530,60.855492236525684,355.34060672854474,0.8930000898937133
CP_000849,12562,60.26465614448,355.2712742627719,0.8929680957619892
CP_000850,11105,60.3515221139545,355.425449838398,0.8928491445931861
CP_000851,12288,60.28055303262997,355.25341757561085,0.8927379290416904
CP_000852,8524,60.50177909210587,355.3567639865002,0.8926581403783596
CP_000853,10143,60.40713298775149,355.3405085859951,0.8925638891557759
CP_000854,1819,60.89533684181166,355.3925253443005,0.8923650196697168
CP_000855,13321,60.21773144484687,355.2367525264296,0.8922579499273039
CP_000856,10430,60.391314777282936,355.42677686916824,0.892254766715679
CP_000857,6407,60.62735626901375,355.35724443129135,0.8922286771496886
CP_000858,6259,60.63522490931388,355.2887000386583,0.8922210245706991
CP_000859,13067,60.23378012712877,355.3219182147116,0.8919103016387795
CP_000860,2643,60.84854305150122,355.461900871185,0.8917845719962012
CP_000861,6536,60.619347079197546,355.32347614540885,0.8917609253662035
CP_000862,12163,60.28858773631239,355.30523448101553,0.8916235720340048
CP_000863,7849,60.54067842006709,355.358020980489,0.8915830439077523
CP_000864,13726,60.1947465872661,355.236060963459,0.8915091035123407
CP_000865,2121,60.87845632912023,355.322723130817,0.8914251983839705
CP_000866,1442,60.918230851091884,355.30531627284813,0.8910930506585383
CP_000867,1054,60.94220728951592,355.3939862736579,0.8910909645720873
CP_000868,5863,60.658278220206,355.3397338263001,0.8910608960414093
CP_000869,10808,60.367267295797795,355.28757029408416,0.8908830402686432
CP_000870,94,60.99695778875039,355.3228549302135,0.8907753190215908
CP_000871,7447,60.56457822481453,355.37551429863146,0.890697478793887
CP_000872,2395,60.863449002656125,355.34084882219736,0.8906203939931687
CP_000873,12028,60.296546192465165,355.3054756367131,0.8905890412289146
CP_000874,10426,60.39129844882937,355.4083934819026,0.8905732817968305
CP_000875,1743,60.90247706505218,355.4637015790302,0.8905011272946447
CP_000876,1964,60.88742990366003,355.4446239570707,0.8904224381903371
CP_000877,9892,60.42228044986501,355.44279579435346,0.8902698692113304
CP_000878,11764,60.31161921278968,355.3392262945895,0.890033305936254
CP_000879,2520,60.855425056885224,355.2882966165467,0.889886395017828
CP_000880,6823,60.60353217643629,355.41021679157103,0.8898673870535168
CP_000881,11754,60.31154787782476,355.28761537550037,0.8898310647454171
CP_000882,10420,60.39125655610766,355.3750603145973,0.8895830860186391
CP_000883,2929,60.83157030544294,355.3061736162381,0.8894253972232924
CP_000884,7977,60.532676875264485,355.3225881688233,0.8893882243533814
CP_000885,8126,60.52479822948592,355.3926867447024,0.8893687745314707
CP_000886,11739,60.3126236836201,355.4425478336698,0.88931950217304
CP_000887,12690,60.25664855894786,355.23611079411677,0.8893091808707162
CP_000888,2100,60.87946706086915,355.4461121437882,0.889095655729698
CP_000889,3424,60.80061452721384,355.30529494143985,0.8888492905694779
CP_000890,9856,60.42293520821324,355.2541802327283,0.888799208904211
CP_000891,6556,60.61946924824709,355.4274940050365,0.8887709971391464
CP_000892,6809,60.60345409023134,355.3397352824365,0.8886392588576887
CP_000893,5339,60.69021509108929,355.42639734497106,0.8885940673848545
CP_000894,10129,60.407041379837864,355.27038148493847,0.8885664767690153
CP_000895,10818,60.36733682726307,355.33925877727285,0.8885468037579216
CP_000896,1854,60.894393881248675,355.3400806535574,0.8885294401805263
CP_000897,6909,60.59644068195737,355.3915515831646,0.8884876665708341
CP_000898,2633,60.848492968015044,355.40959261836724,0.8884545045450754
CP_000899,6417,60.62741300014816,355.40925683882097,0.8884143779121275
CP_000900,12006,60.29668736792064,355.4253818026712,0.8883835957923282
CP_000901,10707,60.37543146970628,355.4612822709261,0.8883154625814618
CP_000902,13736,60.194827457326056,355.2875181884862,0.8882762260323666
CP_000903,3836,60.77677950111661,355.3399629994581,0.888198381151596
CP_000904,11472,60.328560409549986,355.4597251160562,0.8879882214360261
CP_000905,928,60.9502244283398,355.44492122421804,0.8879189475194363
CP_000906,4103,60.76084034454852,355.32265450850065,0.8878198263867002
CP_000907,7855,60.54072205863304,355.391472925944,0.8877213185268497
CP_000908,8102,60.52554209023066,355.2704648287059,0.8877164546343368
CP_000909,6813,60.6034726770612,355.3582190852394,0.8876645254188557
CP_000910,3157,60.816556960016364,355.3226114705105,0.8873208849985111
CP_000911,8122,60.524782175672215,355.37423218710046,0.8872743474089908
CP_000912,9193,60.461934427271444,355.322115848597,0.8872347175255482
CP_000913,3691,60.78467322036921,355.2879894763657,0.8871881983116614
CP_000914,21,61.00412827304024,355.4111095657217,0.8871428578009881
CP_000915,3569,60.79271956236429,355.3572828350534,0.8869882967989396
CP_000916,13324,60.21775824432183,355.25334535615383,0.8869495837920608
CP_000917,4505,60.73783197069587,355.30511847061166,0.8869229504103782
CP_000918,2231,60.87149518245661,355.42723425142003,0.8867929169084429
CP_000919,918,60.950172994581784,355.39248619384716,0.8866757328350349
CP_000920,1330,60.92632865867804,355.4272459755832,0.8866330636623736
CP_000921,8946,60.47799632440742,355.44296408476595,0.8866160892497704
CP_000922,5596,60.67421812961879,355.3570062807558,0.8864763939747378
CP_000923,8514,60.50171036454188,355.3049048325144,0.8864499925858791
CP_000924,2385,60.8633844466844,355.28853041751637,0.8864447100136451
CP_000925,2086,60.879399040060626,355.37514979797083,0.886418648815442
CP_000926,7588,60.55666115438436,355.4087264047171,0.8863603324910821
CP_000927,10139,60.407114348639446,355.322110146542,0.8863558420969487
CP_000928,239,60.98905808719436,355.3751014078958,0.8863533862171133
CP_000929,6799,60.60338694190117,355.2877503126058,0.8860962653401618
CP_000930,11,61.00407287980119,355.3586086185216,0.8859474836562471
CP_000931,6652,60.61242993080176,355.46083026125604,0.8856270939259295
CP_000932,9882,60.42222476829363,355.3910352349996,0.8855225135547288
CP_000933,13057,60.233705436483184,355.2704086805602,0.885358014716385
CP_000934,2502,60.855571340689586,355.42844819838496,0.8852518922959438
CP_000935,12810,60.249785732588386,355.3905585003831,0.8851735501090967
CP_000936,12010,60.29670216972634,355.4437197914987,0.8851217008475416
CP_000937,13463,60.20982246996369,355.2714059076088,0.8849422485280904
CP_000938,506,60.97401191336604,355.3576942325993,0.8848058584309675
CP_000939,13591,60.20181088217664,355.23629231177694,0.884765890703161
CP_000940,12131,60.289562463439125,355.37352030097736,0.8847438239016887
CP_000941,2115,60.87840740475864,355.2889980242474,0.8846865018505382
CP_000942,10828,60.36740237085735,355.39094953379487,0.8845855479677367
CP_000943,4917,60.71399770246493,355.33972744027915,0.8844969521383353
CP_000944,1175,60.93417251369303,355.3226785398933,0.8842351813701719
CP_000945,12800,60.24972152144801,355.3390195781896,0.8841508715856717
CP_000946,11487,60.327492993869036,355.3047307289646,0.8838469467575003
CP_000947,13186,60.22568900059255,355.2369822933975,0.8838415932878916
CP_000948,8936,60.47793994845418,355.3911358135051,0.8838300784048825
CP_000949,3302,60.80866172212231,355.37461430337004,0.883815391172764
CP_000950,9625,60.43821471951366,355.46003040834563,0.8836402130971265
CP_000951,12820,60.249843233296254,355.4420995499183,0.8836343388315974
CP_000952,2253,60.8713675752091,355.3056240831218,0.8835539348801427
CP_000953,9450,60.44591717816699,355.25315430233485,0.8835342981390755
CP_000954,6018,60.65043488112764,355.4435847200618,0.8833471934219213
CP_000955,2655,60.84746442852031,355.288052643051,0.8832877974901978
CP_000956,13740,60.193951918091045,355.3058153964771,0.8832427211606837
CP_000957,11477,60.32741867508347,355.2531048009096,0.8830178697955212
CP_000958,24,61.00414610041716,355.4280258760984,0.8829484414117559
CP_000959,1064,60.94226007392942,355.44641297756243,0.8829209438399355
CP_000960,2890,60.83250089356426,355.33993669968555,0.8829180445204703
CP_000961,12121,60.28949530588744,355.321941292769,0.8829087705460692
CP_000962,3830,60.77673142727847,355.3063153936935,0.882794178032116
CP_000963,14,61.0040917058332,355.37552422237326,0.8826576210993684
CP_000964,7321,60.57259874863868,355.4259903585865,0.8826180629781541
CP_000965,1587,60.910336210271545,355.3574603136867,0.8825657053406046
CP_000966,11497,60.327560939902924,355.3563688222207,0.8824971647392009
CP_000967,10436,60.39135213231297,355.4601118313485,0.8822765620317082
CP_000968,5445,60.682061911127484,355.27160992730177,0.8820745172389499
CP_000969,13756,60.194067017825496,355.39044918940834,0.8818404763783994
CP_000970,13766,60.19412637765303,355.44192311769484,0.8817060119783644
CP_000971,1,61.00400918332974,355.3060998907454,0.8812442449971352
CP_000972,4248,60.75294234881549,355.3745890925051,0.8807915994116984
CP_000973,3981,60.76888219783331,355.39191218465857,0.8807758221508217
CP_000974,10149,60.407180305228536,355.37385129067167,0.8807498447972784
CP_000975,12021,60.29649813529674,355.27051114413257,0.8802235639463133
CP_000976,12160,60.28856004224978,355.28860784530116,0.8800801666489226
CP_000977,9615,60.43816157644839,355.4082424126247,0.8800364680988512
CP_000978,10838,60.367457373717706,355.44263220546577,0.8800183592036701
CP_000979,6130,60.6432321411888,355.3224720229489,0.8799891283601754
CP_000980,12170,60.28863286642295,355.3401942832747,0.8799436833587008
CP_000981,2527,60.8554676860193,355.3237516759987,0.8796954434945731
CP_000982,6642,60.61237737184714,355.4088202914054,0.8794886473299213
CP_000983,8926,60.47787682592593,355.3392997623016,0.8794307491387809
CP_000984,6120,60.64316150198899,355.2704364592523,0.8793972816960425
CP_000985,12790,60.24964956790854,355.28749295352213,0.879354344713473
CP_000986,13746,60.19400225206374,355.33898776270604,0.8793157900062403
CP_000987,11729,60.31256685803834,355.39093128415306,0.8791884792294473
CP_000988,797,60.95819307807639,355.4638425938097,0.8790518041488734
CP_000989,4660,60.729994454548184,355.40917936780687,0.8790325391813381
CP_000990,5329,60.69016000683274,355.3742975242588,0.8789728931346078
CP_000991,8257,60.517719174076355,355.37398283119325,0.8789676184576662
CP_000992,4670,60.730045820747705,355.46133246612663,0.8789651014547335
CP_000993,3714,60.78482039341987,355.40925651497605,0.8787383758139888
CP_000994,11462,60.32850355058783,355.4080913722985,0.878718188235502
CP_000995,10531,60.383137447768014,355.2530094716124,0.8787172500249381
CP_000996,8775,60.48571285903132,355.2543110465165,0.878651084778999
CP_000997,9183,60.461863289657,355.2703093871021,0.8786102484518262
CP_000998,12150,60.28848390251303,355.2370335867372,0.878588572134287
CP_000999,5853,60.65821035927897,355.2876809465042,0.8785651812682573
CP_001000,9872,60.42216107754649,355.339287179555,0.8785163362130105
CP_001001,7433,60.564496127618895,355.30510939456275,0.8781877346910838
CP_001002,12423,60.27259302662171,355.25318578939624,0.8781159636883056
CP_001003,7166,60.580435154763926,355.32233064616895,0.8781096933890751
CP_001004,2537,60.8555290840265,355.3760631479968,0.8779856439603543
CP_001005,2250,60.87134288391781,355.28876421848605,0.8778813062732056
CP_001006,10541,60.38321123086052,355.30471304683374,0.8777932938801477
CP_001007,31,61.00417418740194,355.46362301697286,0.8766865431723094
CP_001008,3035,60.824598437166145,355.39196497826725,0.876446550343116
CP_001009,13489,60.21000712578319,355.40756269708913,0.8761315544229697
CP_001010,11195,60.34444300273932,355.42526324763185,0.8758382191973376
CP_001011,1320,60.92627348655341,355.3748367884614,0.8756563929963225
CP_001012,6542,60.61939579664311,355.35698868087457,0.8755346920299558
CP_001013,13499,60.210063980337935,355.45905364212496,0.8754115910790059
CP_001014,13479,60.209943552228445,355.35607395529496,0.875188640882524
CP_001015,10551,60.383278607891334,355.3564187737217,0.8750830172914555
CP_001016,7700,60.54855171121384,355.28789779421095,0.8750726973121826
CP_001017,908,60.950115976277026,355.3400534879347,0.8750228306115604
CP_001018,4238,60.753775094816795,355.3224046138186,0.8749610479848077
CP_001019,11210,60.34336257239877,355.2702149233957,0.8749425061322965
CP_001020,11220,60.34343362879162,355.32186800608446,0.8745523733993096
CP_001021,2623,60.84843601394136,355.35728669056624,0.8744983994266291
CP_001022,8247,60.51765687948241,355.32210641444976,0.8744690646243521
CP_001023,4,61.00403306627242,355.3230247736481,0.8743702961796649
CP_001024,6532,60.61932825342922,355.30498684221953,0.8740947975220683
CP_001025,9605,60.43810034952569,355.35646702588815,0.8740717737496836
CP_001026,6008,60.650379059165125,355.3915357161571,0.8739848346747524
CP_001027,5586,60.67415367590946,355.30493625626895,0.8737485308573345
CP_001028,4650,60.729937532200246,355.3570185836277,0.8737045466277567
CP_001029,2388,60.86340788920086,355.30538765610726,0.8736962164181619
CP_001030,8267,60.51688087761107,355.425861644145,0.8736602406188365
CP_001031,7845,60.54065958098341,355.33956081530056,0.8733893685019746
CP_001032,662,60.96525732159329,355.464114405726,0.8732142437172615
CP_001033,8000,60.5328182102917,355.4431160314512,0.873136312918207
CP_001034,7839,60.54061135176496,355.3061102465622,0.873101579977563
CP_001035,11230,60.34350150774508,355.3735231601648,0.8730477635733108
CP_001036,12780,60.24957053036908,355.23595840860366,0.8730187211410557
CP_001037,4907,60.713930368059295,355.28759617378364,0.8729209341329078
CP_001038,496,60.973950461197944,355.3052277100535,0.8728780308523435
CP_001039,7201,60.57948233503569,355.27030225152134,0.8728485672291033
CP_001040,12533,60.265662975835994,355.3561450483732,0.8728374773052409
CP_001041,12543,60.26572598410269,355.407701164266,0.8724332545934441
CP_001042,13469,60.20987441173946,355.30458763003406,0.8724212326233316
CP_001043,7578,60.556602454127436,355.3567970858244,0.8723410189104235
CP_001044,8679,60.49393303468602,355.4602047267831,0.871942090537563
CP_001045,12523,60.26559187200356,355.3045811414293,0.8717774212257675
CP_001046,8916,60.47780716568519,355.2874760081657,0.8716165889261467
CP_001047,9348,60.45409947334024,355.4254680750139,0.8715948335834411
CP_001048,8669,60.493879187085554,355.4083592114063,0.8714552607486132
CP_001049,9862,60.422092114982604,355.28753113193443,0.8714136889273171
CP_001050,651,60.96610765355965,355.40990010287686,0.8706259546498403
CP_001051,10561,60.38334167083451,355.40812651568467,0.8703655049310339
CP_001052,7311,60.572542442600366,355.37403364967673,0.8702576284568523
CP_001053,5741,60.66631971712665,355.4088249660756,0.8699731499090515
CP_001054,10928,60.360382159513726,355.44244364000315,0.8698513063978484
CP_001055,13861,60.18678975502875,355.2358300068077,0.8695689730690792
CP_001056,12553,60.265779705950365,355.45925931803373,0.8695181427842744
CP_001057,5062,60.70609798775153,355.39159960527485,0.8691505367889447
CP_001058,1954,60.88737910892072,355.39227473251316,0.8689851368141753
CP_001059,8659,60.493817288517675,355.3565059341868,0.8685053247940218
CP_001060,6421,60.62742961298011,355.42776092872947,0.8683890120110694
CP_001061,13212,60.22588639379526,355.37317839811436,0.8682962565010605
CP_001062,4393,60.745038064521886,355.4265088365601,0.8682440471357828
CP_001063,2790,60.839508116831816,355.2878176735396,0.8680748862649796
CP_001064,5319,60.69009691478461,355.32219998688,0.8674339363731526
CP_001065,13222,60.22594760057721,355.42469427238393,0.8674053258169211
CP_001066,6944,60.595494673608954,355.33949180378227,0.8673240248977283
CP_001067,12513,60.26551821053505,355.2530293334032,0.8671173102856965
CP_001068,9338,60.45404063838283,355.373665313927,0.8670325755417587
CP_001069,3826,60.77671408850035,355.2877552575144,0.8669299598706548
CP_001070,3559,60.79265630886331,355.30504753809265,0.866905297041121
CP_001071,9595,60.438032263644665,355.3046938495683,0.8668627298194959
CP_001072,8237,60.51758247761293,355.2702320059146,0.8667439698685719
CP_001073,13459,60.2097989268363,355.25311327459093,0.8664915638490388
CP_001074,1577,60.910272872552405,355.3050707389809,0.8664470615075994
CP_001075,13202,60.22581985191238,355.32167492162085,0.8663005780330182
CP_001076,2221,60.87143945864634,355.374892229494,0.8657600676347552
CP_001077,13871,60.18686815792691,355.2872790762353,0.8651439645184233
CP_001078,10943,60.35930906334016,355.2873334967281,0.865121827649147
CP_001079,2256,60.870494128577214,355.32248407275756,0.8650721344075685
CP_001080,12141,60.288725288920965,355.42511152623683,0.8646366001287049
CP_001081,7044,60.588479655999784,355.39128980690975,0.8646146009094801
CP_001082,10264,60.39908155521408,355.2701467898423,0.864366899759355
CP_001083,6240,60.63538096391065,355.4263653838454,0.8638518305493205
CP_001084,10571,60.38339416445959,355.45983663462266,0.8636800204429467
CP_001085,12156,60.28853962196516,355.27027559827303,0.8636723965968583
CP_001086,6934,60.595428718722324,355.2875151255262,0.8635449707729104
CP_001087,10953,60.35937740424941,355.33901384723384,0.8635243240022947
CP_001088,4640,60.729872350575725,355.3048701653078,0.863324670368854
CP_001089,229,60.98899803400578,355.3226174162507,0.8633107606471128
CP_001090,10274,60.39915333396547,355.3218672353045,0.863170885503584
CP_001091,5998,60.650320233733225,355.33948893940254,0.8630671191197368
CP_001092,3292,60.80859857978677,355.32237182522766,0.8630087128817509
CP_001093,3971,60.76882204848989,355.33971047873115,0.8627257972420086
CP_001094,641,60.96605441854507,355.3574498947983,0.8625514157264893
CP_001095,13192,60.22574635686283,355.27017348655244,0.8623748390030315
CP_001096,7990,60.53276369438476,355.3912098682825,0.8619344046495692
CP_001097,1989,60.886436072388,355.3398384440531,0.861809325069129
CP_001098,2366,60.86353567117872,355.42696828046854,0.8617741343104444
CP_001099,10963,60.359441751127655,355.39068613854676,0.8617157315288488
CP_001100,1980,60.886365297992064,355.2892322852171,0.861713423189898
CP_001101,8649,60.493752299681205,355.30466511821004,0.8617012293068682
CP_001102,11607,60.32060069993616,355.45945921618295,0.8611545965355614
CP_001103,2880,60.832433509051214,355.2876602928932,0.8610911020254792
CP_001104,9328,60.45397642479867,355.3218646811734,0.8610847061891084
CP_001105,3704,60.78476021920273,355.35702724108154,0.8610818000392977
CP_001106,12256,60.281535429721494,355.32168854975885,0.8608345657791586
CP_001107,12266,60.28160393756033,355.37326964041864,0.8605270662668232
CP_001108,6265,60.63527274835934,355.32223256529625,0.8600567172229291
CP_001109,7723,60.548703113080336,355.40846026419405,0.860000826294527
CP_001110,1310,60.92621407195197,355.32242985726447,0.8599527308684674
CP_001111,10284,60.39921809683768,355.3735900893501,0.8599407777510257
CP_001112,6275,60.635335138963114,355.3742619711599,0.8596994164496665
CP_001113,5052,60.70603718630368,355.33947466500393,0.8595764357744657
CP_001114,4383,60.74587745922015,355.374340794541,0.8587130486093817
CP_001115,5731,60.66625957393692,355.3567607974134,0.8585974068252373
CP_001116,374,60.9810981647528,355.37484579472385,0.858528839330925
CP_001117,13881,60.18693948495923,355.3387303928378,0.8584840144092079
CP_001118,12945,60.24182745926414,355.3903041285644,0.8583089375809081
CP_001119,9585,60.43795904493357,355.2529226261651,0.8582955925347606
CP_001120,3025,60.824537589537535,355.33969490375785,0.8582489387470915
CP_001121,12935,60.24176190058828,355.33877349905396,0.8582165437099945
CP_001122,9071,60.469981416822044,355.3908716081537,0.8580925393748476
CP_001123,5310,60.690023009812414,355.2718416426713,0.8578352577773217
CP_001124,12276,60.281662021422726,355.42485280220336,0.857833423405816
CP_001125,6255,60.63520203318981,355.2702051606827,0.8576995590594335
CP_001126,12955,60.24188505506172,355.44182690409053,0.8576435274298482
CP_001127,12246,60.28146377089244,355.2701198927084,0.8575457295866508
CP_001128,1722,60.90237632063605,355.35720471601144,0.8573188566304499
CP_001129,2523,60.855448522192596,355.30515122909264,0.8570974335203002
CP_001130,11622,60.31953048898952,355.3044894310154,0.8570596989898123
CP_001131,7568,60.556535560029744,355.3048699348066,0.8569654739215804
CP_001132,7835,60.54059054483378,355.2876609604998,0.8566528617583948
CP_001133,12015,60.29644246774645,355.23726406130686,0.8565756205610106
CP_001134,10017,60.41426389282196,355.3907813833509,0.8563318909839628
CP_001135,11612,60.31945609469924,355.25287163564343,0.8562780421040482
CP_001136,12925,60.241691126644845,355.2872448345435,0.8562396673637602
CP_001137,2613,60.84837331960593,355.3049828844236,0.8557054303281288
CP_001138,7301,60.572476913097205,355.3220891739681,0.8552540644677373
CP_001139,11597,60.32054502745752,355.4078234823323,0.8546616718259916
CP_001140,6677,60.61143514040172,355.3567427664588,0.8546554375233015
CP_001141,7970,60.5335271958769,355.28742451012204,0.8545851861440723
CP_001142,8640,60.493674806962,355.2545428826861,0.8545432475251769
CP_001143,8392,60.50975802484482,355.373732358161,0.8545317200035643
CP_001144,10294,60.39927878517475,355.42532510913014,0.8534550673992995
CP_001145,13901,60.18616860308964,355.4416494073189,0.8532158983535882
CP_001146,10666,60.375177874565814,355.2527773808945,0.8530552494718353
CP_001147,13891,60.18610915567907,355.39019381469967,0.8530529573709489
CP_001148,9318,60.45390521121451,355.27007658808753,0.8526368991825474
CP_001149,10676,60.37525426643955,355.30447282343283,0.8526077355063085
CP_001150,9061,60.46991693467832,355.3390539013592,0.8525994547894493
CP_001151,5988,60.65024973770496,355.2874341293636,0.8519818404635318
CP_001152,6667,60.61137006037461,355.30474910476187,0.8515099226815717
CP_001153,11330,60.33648604563236,355.42499360773735,0.8512357379863987
CP_001154,12915,60.24161328470142,355.23572866443396,0.8512042500629025
CP_001155,4373,60.745816213359156,355.32216458166255,0.8510159668022241
CP_001156,28,61.00415924255077,355.4467060665961,0.8509637934009693
CP_001157,10686,60.37531918662859,355.35617025763776,0.8508086547195013
CP_001158,1043,60.942154164249615,355.3398116300453,0.8506526412267608
CP_001159,7034,60.58842020629917,355.3393281468184,0.8505921601077882
CP_001160,2758,60.84047980162018,355.3570407858687,0.8501022023497695
CP_001161,8382,60.50969565428115,355.32186423410053,0.8500479599279558
CP_001162,631,60.96599035999574,355.30499179213547,0.8490149614295727
CP_001163,9997,60.415027532153914,355.2872937122517,0.8489219761586143
CP_001164,4785,60.72197916420142,355.3567719148335,0.848693062679708
CP_001165,7980,60.5326998663055,355.3393161368231,0.8484869004825513
CP_001166,10696,60.37538106997573,355.4078597319917,0.8483591706632961
CP_001167,7336,60.57152400771924,355.2700689384034,0.8482752057779572
CP_001168,12668,60.257704273767196,355.3558834506666,0.8482089762178859
CP_001169,11345,60.33540410462272,355.26997994222626,0.8481031026694659
CP_001170,11355,60.33547777731847,355.32162485701537,0.8479031321924844
CP_001171,7713,60.54864179028718,355.35653920193425,0.8473649406669512
CP_001172,13624,60.20204869466767,355.4073050401273,0.8473056994579384
CP_001173,13614,60.201986314554794,355.35582445322444,0.8472961874360765
CP_001174,13634,60.20210690377039,355.4587776863791,0.8472793469222599
CP_001175,10007,60.41509657242002,355.33903133461325,0.8472733442771551
CP_001176,5721,60.666193783012126,355.3046888930835,0.8472183148970942
CP_001177,12658,60.25763563709654,355.30433790573187,0.8470878571038203
CP_001178,2346,60.86431504304192,355.3223236891179,0.8470421053878896
CP_001179,11989,60.2974787202416,355.33881508793564,0.8469544526017967
CP_001180,5042,60.705969768888316,355.28736188371744,0.8467779192918233
CP_001181,11587,60.32048387622382,355.35620023913253,0.8459133009807173
CP_001182,13604,60.20191582653032,355.30434624807157,0.8458956442112094
CP_001183,9740,60.43014268616006,355.3562179776859,0.8455638862860673
CP_001184,9051,60.46984847003362,355.28723843990633,0.8455258061080914
CP_001185,17,61.004113665381624,355.3924400527499,0.8452956283663179
CP_001186,11320,60.336425998426506,355.3733429326457,0.8440327843649965
CP_001187,12648,60.25755810096104,355.25279431998865,0.8439943757335253
CP_001188,3961,60.768755283298155,355.28751102947035,0.8434412263423197
CP_001189,8372,60.50962116676195,355.2699980214484,0.8431032737413924
CP_001190,13594,60.201840259404946,355.25286993608535,0.8430331777685243
CP_001191,3694,60.78469816369778,355.3048105365298,0.84149982337912
CP_001192,2356,60.86347859983297,355.3746448397515,0.8413453713325924
CP_001193,5454,60.682138417923944,355.3219503176496,0.8413229786765866
CP_001194,13347,60.21792777718008,355.3729271974657,0.8403720419722917
CP_001195,6410,60.62737753248907,355.3740037105733,0.8400119602905852
CP_001196,1712,60.90231290694718,355.30483370971456,0.8398584398044977
CP_001197,10399,60.391122027122805,355.2699117530794,0.8394525217618338
CP_001198,13337,60.21785988226173,355.32143183853015,0.8393228690206985
CP_001199,7069,60.587468800311036,355.2872801263634,0.8390904132049014
CP_001200,9730,60.430073243961054,355.30445306717394,0.839034663748593
CP_001201,6400,60.627313798762316,355.32198261916756,0.8389681507413669
CP_001202,10409,60.39119516308966,355.32162403945864,0.8387994576207375
CP_001203,11078,60.35135081473669,355.2870965443721,0.8386499915570671
CP_001204,11088,60.351419230507325,355.3387585896687,0.8385348676863074
CP_001205,3427,60.80063773524065,355.3221214114939,0.8382533002597916
CP_001206,4775,60.721913909007164,355.30463178919655,0.83784591198731
CP_001207,3015,60.82447393096037,355.2874268321318,0.8377584893652783
CP_001208,1845,60.894323191225475,355.28946654618676,0.8373987026566789
CP_001209,8784,60.48579423482055,355.30441523137966,0.837034296719387
CP_001210,13327,60.21778630488998,355.26993862959466,0.8369117202225482
CP_001211,8115,60.52563815688409,355.339072720029,0.8368314080892889
CP_001212,364,60.98193447345193,355.3223803122878,0.836593753036005
CP_001213,11941,60.30275389493977,355.3222686001589,0.8361028068768008
CP_001214,12391,60.273575551833886,355.3214459912164,0.8360850453406664
CP_001215,6133,60.64235961610978,355.33923616702896,0.8357107899563809
CP_001216,4106,60.760863911315674,355.3394681510052,0.8353383633172177
CP_001217,6390,60.62724173605731,355.269973672188,0.8344077935543696
CP_001218,12381,60.27350252242934,355.26988553004895,0.8338863926609779
CP_001219,1445,60.91825497713766,355.32219217875326,0.8338531415606873
CP_001220,7703,60.54857607984052,355.3046203025245,0.8338438754944368
CP_001221,9463,60.44601713542098,355.32162247955085,0.8333796680329458
CP_001222,11948,60.30279738009899,355.3572493689409,0.8325346783239868
CP_001223,5175,60.69798283693157,355.27207335804104,0.8322089709034595
CP_001224,8105,60.52556895662834,355.28717910388485,0.8320652709200853
CP_001225,2748,60.84041575749677,355.30474527240904,0.8319781329052969
CP_001226,9720,60.43000121936683,355.2526900033288,0.831630609821089
CP_001227,7,61.004055899215096,355.3399398709498,0.8315003579909144
CP_001228,11999,60.296648528596904,355.390402912502,0.8312940214362362
CP_001229,13729,60.19477598728533,355.25263596172243,0.830633700183572
CP_001230,13060,60.233731898982064,355.28700709517415,0.8303861723621857
CP_001231,7436,60.564520040496234,355.32184745249214,0.8303848820742736
CP_001232,11747,60.311498504659774,355.25262991785104,0.8299588978659342
CP_001233,11757,60.311572964599776,355.30424975306613,0.8294968135808038
CP_001234,6802,60.603412428320006,355.30450090382806,0.8285958523166183
CP_001235,4096,60.76169352020663,355.28727697395243,0.8274982441166386
CP_001236,12024,60.29652441530525,355.2871400514834,0.8273042185630426
CP_001237,10801,60.367218307863624,355.25254567465146,0.8269878802882836
CP_001238,13050,60.23365270281733,355.23549898712264,0.8268442722096482
CP_001239,10132,60.4070686040993,355.2870466769179,0.825798001817514
CP_001240,9453,60.44594583487293,355.26984255206463,0.8257659735553118
CP_001241,11833,60.305561639024354,355.4607112130525,0.8248132932235901
CP_001242,766,60.9580319616668,355.3047556792176,0.8244411545107011
CP_001243,6123,60.643188034119895,355.2871997230823,0.8211614409063764
CP_001244,8550,60.50075007274261,355.25469687853257,0.8211032205821834
CP_001245,11480,60.32744387380841,355.26974391411505,0.8208144707178082
CP_001246,5177,60.69801167697384,355.28712762573446,0.8202722618137912
CP_001247,12783,60.24959977085188,355.2525615449074,0.8192658555571843
CP_001248,8507,60.50166371798074,355.26976403237376,0.8182430228053938
CP_001249,13769,60.19414522610649,355.4585111292843,0.8176628415132492
CP_001250,11826,60.305528408512195,355.4257247214825,0.8158084731129834
CP_001251,7426,60.564448650688284,355.26991340879135,0.8157823836829952
CP_001252,3150,60.816515331726954,355.28719399116216,0.8129786519566409
CP_001253,1710,60.90228311252465,355.2897114617658,0.812582641448665
CP_001254,6525,60.6192824188239,355.26974211681835,0.8102214279281778
CP_001255,11823,60.30550838216854,355.4091006115161,0.80707288962129
CP_001256,10664,60.37632777927998,355.4744007012584,0.8066310390817709
CP_001257,10169,60.406384430143305,355.4754176598424,0.8062982255237434
CP_001258,11745,60.312359979779025,355.2377239528295,0.8062980125892292
CP_001259,10529,60.38428575176661,355.4746784164791,0.806257398574383
CP_001260,10304,60.398426212374176,355.4751400331549,0.8061012582716613
CP_001261,5040,60.70593840746847,355.2723053389274,0.8060589045912753
CP_001262,10034,60.41434305614995,355.4756949198632,0.8058472150690942
CP_001263,9223,60.462100491366805,355.4756262232931,0.8046078693527718
CP_001264,9088,60.47005956451617,355.4759022962906,0.8036885097164285
CP_001265,9899,60.42230378699309,355.475972776359,0.8036594489633107
CP_001266,8953,60.47801796059977,355.4761804217631,0.8023353767005146
CP_001267,11928,60.3035498047989,355.25403701307465,0.8010550594844466
CP_001268,11816,60.30546932931562,355.3741157610294,0.7991834065079708
CP_001269,11829,60.305547804128345,355.4423592012499,0.7988672945264688
CP_001270,8415,60.508708812881856,355.2549287147023,0.7973080710033664
CP_001271,10799,60.36836855472759,355.4741233760374,0.797176880389104
CP_001272,8818,60.48597762194163,355.476458540569,0.7958016882613578
CP_001273,11931,60.30357633950097,355.27066802057215,0.7955896190806223
CP_001274,8007,60.5328394211974,355.4763819182994,0.7954723787060215
CP_001275,8142,60.52488149503682,355.47610628737516,0.795122168278018
CP_001276,10439,60.39136220965346,355.47487230566,0.7939760979931854
CP_001277,8277,60.5169222173105,355.47583041032595,0.7939102301630008
CP_001278,7331,60.57263949138337,355.476026917016,0.7927236529020152
CP_001279,7872,60.5407989090379,355.47664871503093,0.7916948252049114
CP_001280,11938,60.30362562878261,355.3056473282375,0.7914683550459409
CP_001281,9764,60.43026113795972,355.4762517715799,0.7913797826939086
CP_001282,7196,60.58059748914093,355.47630338859193,0.7913101205227984
CP_001283,13904,60.18618747809402,355.45823486966356,0.7890341785249824
CP_001284,11610,60.31942240272077,355.2379532865992,0.7888303827619945
CP_001285,7061,60.58855820152999,355.4765794644929,0.7887964879361243
CP_001286,1575,60.91024309332382,355.2899462427354,0.7873649470296118
CP_001287,11819,60.305490923099285,355.3907494091218,0.7851856742878188
CP_001288,13933,60.18078765281211,355.37351027598834,0.7834612845320589
CP_001289,13930,60.18076501169742,355.3569380051931,0.7826099331708266
CP_001290,6926,60.59651653528753,355.47684498834275,0.7825419157388724
CP_001291,4905,60.713899029513406,355.27253734069706,0.7796063721407209
CP_001292,5349,60.69025586423047,355.47658705912073,0.7795638805645831
CP_001293,11925,60.30352070865856,355.23741669555324,0.7791548608907556
CP_001294,6025,60.650455239385856,355.4769444836779,0.7780398263878021
CP_001295,5214,60.698214114701976,355.47685143387406,0.7774238206606259
CP_001296,5079,60.706171907639295,355.47712642615335,0.7759120674959376
CP_001297,10934,60.36041063024095,355.4738466208167,0.7750014274810096
CP_001298,3998,60.768954956532845,355.4775812793505,0.774478797876626
CP_001299,3863,60.7769121770813,355.47785605208156,0.774385116594783
CP_001300,4133,60.76099704799187,355.47730650661947,0.7743628952435132
CP_001301,13923,60.18072066986988,355.32206312100516,0.7740148072728157
CP_001302,4268,60.753038133923404,355.47703173388845,0.7740112407297943
CP_001303,6250,60.635421025876724,355.47648855018247,0.773690474776757
CP_001304,4944,60.71413220772231,355.4774014534328,0.7731910172623749
CP_001305,5890,60.658415561391884,355.4772218455055,0.773183297036817
CP_001306,8280,60.51666887232104,355.25516055087195,0.7723846346350258
CP_001307,6115,60.643380158797015,355.4767528594841,0.7722657005476485
CP_001308,11809,60.30542731627103,355.3391418583187,0.7709473788193124
CP_001309,7737,60.54875848828423,355.4769261059552,0.7707713629845219
CP_001310,3322,60.8087537890351,355.47720398022665,0.770381016504318
CP_001311,13920,60.180695599028525,355.3054915857349,0.7699128124150882
CP_001312,3187,60.81671191482804,355.47747874840934,0.7690691515774579
CP_001313,6791,60.60447445115258,355.47712082138537,0.7686625037259176
CP_001314,8683,60.493936684070995,355.4767360260416,0.7685538497707572
CP_001315,11934,60.30360259663555,355.2872991394197,0.767562582337622
CP_001316,3052,60.82467146805923,355.4777524665921,0.7673721015812243
CP_001317,9629,60.438218601426364,355.47652023219126,0.7660899446159155
CP_001318,2917,60.832630734436265,355.47802677456656,0.7640088971211666
CP_001319,11475,60.327383733213196,355.2381842403688,0.7639074883210815
CP_001320,13913,60.18064674948181,355.2706179393053,0.7631489823849049
CP_001321,13936,60.18081090265921,355.3900929437846,0.7620585757435414
CP_001322,1440,60.918202358622985,355.29017936995507,0.7616654875556323
CP_001323,4809,60.72209158514706,355.47767769571215,0.7607827834578809
CP_001324,2241,60.87153145244266,355.47764569485645,0.7573991725947159
CP_001325,2106,60.87949086605832,355.4779199637492,0.7568819228284693
CP_001326,13910,60.180618583074704,355.25403673989223,0.7565878322548318
CP_001327,13926,60.18074600128448,355.33864511387645,0.7565151571101907
CP_001328,5755,60.66637339299891,355.47749899733316,0.756349554843172
CP_001329,1971,60.887449738886495,355.4781947321837,0.7543549773505526
CP_001330,4770,60.72185871465757,355.27277063914175,0.7530350041812901
CP_001331,259,60.989147665132975,355.4781539627226,0.7511152523726425
CP_001332,2782,60.840587914581704,355.4783027575493,0.7510373145097382
CP_001333,124,60.997108439280005,355.47842678951866,0.750864353322244
CP_001334,3728,60.78487227432879,355.47813106981266,0.7506012692185116
CP_001335,11069,60.35245013598865,355.4735697542542,0.750243409233033
CP_001336,1160,60.93520789943911,355.4780811450467,0.7500913882128131
CP_001337,13916,60.180673372323156,355.2871992359016,0.7487793183473379
CP_001338,13947,60.17997068027295,355.4432539476965,0.7475385593018937
CP_001339,1836,60.895407340148914,355.4784695006181,0.7469826961534812
CP_001340,1070,60.942283497477035,355.4782724774129,0.7468314615686727
CP_001341,8145,60.5246285020552,355.2553911720416,0.7465873318663594
CP_001342,13940,60.17993369274541,355.40838665170963,0.7455083853390615
CP_001343,7602,60.556717688363904,355.47720349687944,0.7450059614412958
CP_001344,6656,60.61243180643013,355.4773968377613,0.744525191321238
CP_001345,935,60.95024381248043,355.478546936624,0.7434154806455244
CP_001346,13943,60.17995539515251,355.42495974137995,0.7425569840344155
CP_001347,9494,60.44617765595874,355.47679783701216,0.7397972536595748
CP_001348,8548,60.501894474634604,355.477003338988,0.7396173471712384
CP_001349,13906,60.18059494410176,355.23575541550167,0.7390247391734601
CP_001350,11340,60.335344011052364,355.2384154941385,0.7386359747806083
CP_001351,4674,60.73004975561855,355.47795416299147,0.7362586658912738
CP_001352,1305,60.92616149142216,355.29041219092477,0.7356561280136813
CP_001353,800,60.95820129581981,355.4788216105101,0.7334414127333017
CP_001354,5620,60.67433173435344,355.47777411916076,0.7330882207240328
CP_001355,4635,60.72981591864524,355.27300417771136,0.7262901319688131
CP_001356,1701,60.903368243341994,355.47873466686815,0.7257846678693689
CP_001357,2647,60.848545199121304,355.47857850947366,0.7255621576879471
CP_001358,11204,60.34449085745626,355.4732926542333,0.724718013219196
CP_001359,3593,60.79283014839725,355.47840632254366,0.7237299752279323
CP_001360,665,60.96526424286753,355.47908590714525,0.7212646779560874
CP_001361,8010,60.53258805221437,355.25563174073733,0.720215073300528
CP_001362,7467,60.56467670761023,355.47748088780367,0.7185204567031269
CP_001363,6521,60.62039354375745,355.4776725791373,0.718326141997154
CP_001364,34,61.004183532862584,355.47860737779325,0.7153090172969677
CP_001365,4539,60.7371138955833,355.47823050860416,0.714099399822347
CP_001366,11205,60.343302516910775,355.23864572164985,0.7129538088258471
CP_001367,9359,60.454137973117724,355.47707520638295,0.7128662305156512
CP_001368,8413,60.50895767623987,355.47728094980226,0.7115238914936273
CP_001369,1170,60.93412123407549,355.2906457571028,0.7094736850818534
CP_001370,5485,60.68229134624787,355.47804923932176,0.7076248504972176
CP_001371,1611,60.910443886795264,355.47892723559977,0.7070911475198982
CP_001372,7875,60.53965143948195,355.25586335357366,0.7018896446915213
CP_001373,6431,60.62657333203007,355.4778642896966,0.7000267531394073
CP_001374,4500,60.737778118923416,355.2732477190821,0.6992964438533575
CP_001375,11339,60.33653270098963,355.47301521515413,0.6988273236109651
CP_001376,530,60.97322408577267,355.47936023623146,0.6975185758935677
CP_001377,3458,60.800788091858216,355.4786716077487,0.6955953622117694
CP_001378,2512,60.855610329626586,355.4788430151304,0.6941615759735431
CP_001379,4404,60.745071908534804,355.47849664335746,0.6871509932067705
CP_001380,11070,60.35126213666995,355.2388756258195,0.6869909387405062
CP_001381,13949,60.17999536198848,355.4581269407725,0.6855692353653218
CP_001382,1035,60.9420798973089,355.2908897305985,0.6830934435165223
CP_001383,1476,60.918402862603436,355.4792008642342,0.6830589881620708
CP_001384,7740,60.54761010071536,355.25609534974336,0.6769695733630039
CP_001385,11474,60.32857407002299,355.47274687245937,0.6727937390717805
CP_001386,395,60.98118261501289,355.4796338303176,0.6722421006700391
CP_001387,4365,60.74573647615683,355.27348103445183,0.6721497942882539
CP_001388,2377,60.863568134024526,355.4791176933131,0.6689498874027227
CP_001389,10935,60.35922171921661,355.23910520498924,0.660741655678086
CP_001390,1341,60.9263617059116,355.47947416786866,0.6576263299359686
CP_001391,900,60.95003923356641,355.2911240596932,0.6565488076426845
CP_001392,7605,60.555568361115434,355.25632735512136,0.6518192194951034
CP_001393,11609,60.320614380378096,355.47246865723855,0.6464740935905388
CP_001394,4275,60.75281128592585,355.2736357939566,0.6402291724397035
CP_001395,10800,60.36717874088428,355.2393346291589,0.6342344693000646
CP_001396,765,60.95799955593133,355.29135864066285,0.6298044701579929
CP_001397,7470,60.563528973480366,355.256559364891,0.626467426561877
CP_001398,11744,60.312655840325704,355.4721920620177,0.6197976478783623
CP_001399,4140,60.760771788405016,355.27386805252627,0.6137404818207327
CP_001400,10665,60.37514085831496,355.2395645696535,0.6075614055796974
CP_001401,630,60.96595669297398,355.2915929485075,0.6028954780379233
CP_001402,7335,60.571487203406285,355.25679108158573,0.6008252651178511
CP_001403,4005,60.76783610534502,355.27410031109594,0.5960744951536305
CP_001404,21,61.00943804412273,355.4111303000477,0.5943669469274424
CP_001405,11,61.009382662676195,355.35861495659657,0.5941321578355145
CP_001406,14,61.0094040289522,355.37553197949825,0.5936397332554959
CP_001407,1,61.009318969752236,355.30611213519643,0.5930148844426879
CP_001408,24,61.00945586885965,355.4280479928245,0.5925156623551897
CP_001409,4,61.009344121620664,355.3230282543731,0.5924493487658019
CP_001410,13905,60.185868275611824,355.22259143782094,0.5900227455341787
CP_001411,31,61.009486490320946,355.4636479356239,0.582738495700969
CP_001412,17,61.00942471189487,355.39245939120093,0.5819473279787584
CP_001413,7,61.00936695365584,355.33994477622485,0.5810751486020247
CP_001414,10530,60.383097895982615,355.23979486342324,0.5807245327020939
CP_001415,28,61.009469007378264,355.4467194039212,0.5792595274583252
CP_001416,495,60.9739155322074,355.2918270694772,0.5757846368532865
CP_001417,7200,60.57944681484545,355.25702259775534,0.5749455868339308
CP_001418,11834,60.30558126020295,355.4719993153535,0.5739662089615594
CP_001419,3870,60.77579364657843,355.2743325696656,0.5711301033812174
CP_001420,12014,60.29674030768577,355.47163781496766,0.5661378670348358
CP_001421,13770,60.1938263869969,355.22282060472395,0.5628247201654548
CP_001422,10395,60.39105746861512,355.24002532052623,0.5536934612847004
CP_001423,7065,60.58740532691303,355.25725370559167,0.5487966313338764
CP_001424,360,60.981876879864,355.29207061776464,0.5484226671939678
CP_001425,3735,60.783754057610025,355.27456499156864,0.54599944599637
CP_001426,13905,60.180556328885324,355.222596200221,0.5430299708371327
CP_001427,12149,60.28878083963338,355.47136023494687,0.5391373311581039
CP_001428,13635,60.20178587107608,355.22305016329364,0.5354132949720717
CP_001429,10260,60.39901703341429,355.24025593429593,0.5264870400106167
CP_001430,6930,60.59536400414644,355.2574844217614,0.5223945181661027
CP_001431,3600,60.79171096727769,355.27479757013833,0.5206275449009463
CP_001432,225,60.98893919723999,355.2923032787342,0.5205867411600124
CP_001433,13500,60.20884937993866,355.22327903545505,0.5155868568736339
CP_001434,12284,60.28171639308516,355.47109409411877,0.5143253554206736
CP_001435,13943,60.17553822793767,355.42494864657994,0.5009668292402202
CP_001436,13940,60.17551906866208,355.40836668998355,0.4998837073928639
CP_001437,10125,60.406976895907626,355.2404862450073,0.4990723503986754
CP_001438,135,60.99601738619376,355.29245851792234,0.49891046744936063
CP_001439,6795,60.603324800844696,355.2577152120727,0.49578555156618304
CP_001440,3465,60.799670488410186,355.275040526234,0.4950875371833581
CP_001441,13946,60.17555930634478,355.44153078550124,0.4925993765117972
CP_001442,13933,60.17547910640286,355.3735031668634,0.49150558032639413
CP_001443,13365,60.21680998473783,355.2235069868247,0.49002487240509174
CP_001444,13930,60.175455187374915,355.35692205526703,0.4889149700461505
CP_001445,12419,60.27375676255278,355.4708177940979,0.48845945290999504
CP_001446,13936,60.17549982079846,355.3900844834597,0.4847612932060247
CP_001447,13923,60.17541083799488,355.3220599812051,0.48088866722602647
CP_001448,13920,60.175384495587764,355.3054796558088,0.4769131485248712
CP_001449,13926,60.17543490083623,355.3386406420764,0.47572110727087286
CP_001450,34,61.00949328923758,355.4786337129943,0.47429958855062465
CP_001451,0,61.00397555342719,355.29269215889207,0.4740769056832864
CP_001452,3330,60.80763264434086,355.2752735848037,0.4693512943447465
CP_001453,13913,60.175336917606806,355.27061883175526,0.46928021461747255
CP_001454,6660,60.61128248607812,355.2579461018424,0.4689969877529895
CP_001455,10035,60.41405301872823,355.2406383088537,0.46882517210861085
CP_001456,13916,60.17536354044816,355.2871988371516,0.465615408376467
CP_001457,13230,60.22476881747124,355.22372487566827,0.46423974654635425
CP_001458,13910,60.1753087511997,355.25403892864233,0.4640656390467873
CP_001459,12554,60.26579939183364,355.47053847155206,0.46278994322127054
CP_001460,13906,60.17528511222676,355.2357589242517,0.4545112455469875
CP_001461,3195,60.815591076901775,355.2755060933734,0.44333316487209357
CP_001462,6525,60.619240732779026,355.25817676226205,0.4419951116879374
CP_001463,9900,60.42201411452566,355.24086878694834,0.4417115904382223
CP_001464,13095,60.23272923783617,355.223953147038,0.4383372327316162
CP_001465,12689,60.25784085178125,355.4702588363312,0.4370376145638601
CP_001466,13949,60.17468174732871,355.4581030183715,0.42428284087070967
CP_001467,3060,60.823549683815195,355.275737551943,0.41699311585158527
CP_001468,9720,60.42995824535446,355.24117820104124,0.4159843937443375
CP_001469,6390,60.6272013229382,355.2584069848317,0.41475973270679184
CP_001470,12960,60.240687281736236,355.2241814619493,0.4121893116925559
CP_001471,12824,60.24988032712228,355.4699814190354,0.41091036134831643
CP_001472,9630,60.43703447503415,355.24133160115434,0.39623474470057823
CP_001473,2925,60.83150926558603,355.2759696103044,0.3905137822785061
CP_001474,6255,60.635162892642285,355.2586371311514,0.3873284005756472
CP_001475,12825,60.248645798969655,355.224409900519,0.3858295671640095
CP_001476,12959,60.24192219215564,355.4697044790146,0.38459081054612587
CP_001477,9495,60.44499260826757,355.24156189492396,0.3708125272632696
CP_001478,2790,60.839465461573695,355.276203372074,0.36405230111233144
CP_001479,6120,60.64312236144146,355.2588772334471,0.3597590348108103
CP_001480,12690,60.25660415186974,355.22463881948033,0.3593084796455125
CP_001481,13049,60.234847286552885,355.46951159603367,0.3581527604519238
CP_001482,0,61.00928661399295,355.2926928288921,0.3539466932239581
CP_001483,9360,60.452950735834314,355.2417919336937,0.34516999294509926
CP_001484,13905,60.175246496582815,355.222601030546,0.3394243414076023
CP_001485,2655,60.8474243100737,355.2764368959854,0.33734731636916404
CP_001486,12555,60.264564284234666,355.22486997084997,0.3328137029898269
CP_001487,5985,60.65107926986828,355.25910764006676,0.3321317662718004
CP_001488,13184,60.22688852002049,355.4692450133389,0.3320051684109142
CP_001489,9225,60.460911380199235,355.2420207874634,0.3192110888447124
CP_001490,2520,60.85538493843862,355.2766794870811,0.310333735359798
CP_001491,5895,60.65726186312873,355.2592624223132,0.30937816860750533
CP_001492,12420,60.27252071140233,355.2251007935697,0.3060847441234948
CP_001493,13319,60.21892876811561,355.46896857311805,0.30565739810501397
CP_001494,21,61.01475078636924,355.4111420168477,0.2989937935902456
CP_001495,24,61.01476733186041,355.42807126455045,0.29797434035256826
CP_001496,11,61.014694137116955,355.3586325387226,0.2979230590080192
CP_001497,14,61.01471550339296,355.3755509880243,0.29783132490694664
CP_001498,1,61.014632997644505,355.3061152943965,0.29733721484603615
CP_001499,4,61.014654327135666,355.3230328727732,0.2972515756416259
CP_001500,9090,60.468870812998404,355.24224984470806,0.2930563963067784
CP_001501,17,61.01473491476988,355.392469686401,0.29156659484765746
CP_001502,7,61.0146784280966,355.33995080342487,0.29083280202229744
CP_001503,28,61.01478046581902,355.4467440892472,0.2867365635804322
CP_001504,5760,60.66522001712965,355.2594948374329,0.2842888993471658
CP_001505,31,61.014799220327454,355.46366390762387,0.2841326360675946
CP_001506,2385,60.86334178510628,355.2769119056508,0.28320785118204433
CP_001507,13454,60.210969771628974,355.4686922978972,0.27916179720194034
CP_001508,12285,60.28048201176725,355.22532843933936,0.278767257537533
CP_001509,8955,60.47682955423182,355.2424808688777,0.26690992229979016
CP_001510,5625,60.67317869436306,355.25972524720254,0.2587905259894281
CP_001511,2250,60.8713027654712,355.27714432422044,0.2558640339552208
CP_001512,13589,60.20301142597568,355.468415014343,0.2526540087976802
CP_001513,12150,60.28844076700066,355.2255561015507,0.25129242753763614
CP_001514,34,61.0148060192441,355.4786612919204,0.18694676441998342
